{"e_score_std": [[0.3091369867324829, 0.3075923025608063, 0.29883790016174316, 0.25498226284980774, 0.23190879821777344, 0.16485901176929474, 0.1632355898618698, 0.14514553546905518, 0.14514553546905518, 0.14514553546905518], [0.3843618631362915, 0.3931766748428345, 0.39537084102630615, 0.36495065689086914, 0.35826990008354187, 0.28205686807632446, 0.27365049719810486, 0.31361669301986694, 0.31361669301986694, 0.31361669301986694]], "x": [0, 1, 2, 3, 4, 5, 6, 7, 8, 9], "score": [[1.2809020287376227, 1.186711062853634, 1.1621890329941467, 1.1090617566641061, 1.094508785186088, 1.0747431058798838, 1.0729566819390184, 1.069641235312773, 1.069641235312773, 1.069641235312773], [0.7178673089559255, 0.5457901990157558, 0.483307215482881, 0.35594103891478895, 0.3035314279810695, 0.2176604328442992, 0.21631362823545408, 0.17322441099925268, 0.17322441099925268, 0.17322441099925268]], "score_std": [[0.12798199428917964, 0.09316065856110861, 0.09457893042295712, 0.0857154474046015, 0.08917569802514803, 0.08863906623514155, 0.08918379795645132, 0.10176146809191274, 0.10176146809191274, 0.10176146809191274], [0.3104637190516087, 0.2290206904704087, 0.212148762731269, 0.16743965430358984, 0.16023107201072728, 0.12610331142005074, 0.12598770734684442, 0.11945944605899794, 0.11945944605899794, 0.11945944605899794]], "e_score": [[1.007161259651184, 0.8337006568908691, 0.7615144848823547, 0.5659383535385132, 0.4936557710170746, 0.3243657946586609, 0.3214085102081299, 0.21878467500209808, 0.21878467500209808, 0.21878467500209808], [1.2825928926467896, 1.1381758451461792, 1.0752313137054443, 0.8747889995574951, 0.7802030444145203, 0.5574632287025452, 0.5443068146705627, 0.40285006165504456, 0.40285006165504456, 0.40285006165504456]]}