{"e_score_std": [[0.3481305241584778, 0.3265916407108307, 0.27873876690864563, 0.20853158831596375, 0.17338629066944122, 0.14311248064041138, 0.13915278017520905, 0.14182786643505096, 0.14182786643505096, 0.14182786643505096], [0.3976638913154602, 0.35076338052749634, 0.3593325614929199, 0.2979804575443268, 0.2873116135597229, 0.22469304502010345, 0.2343415915966034, 0.25447627902030945, 0.25447627902030945, 0.25447627902030945]], "x": [0, 1, 2, 3, 4, 5, 6, 7, 8, 9], "score": [[1.2608730251058171, 1.1764886033004618, 1.1476927912731996, 1.1009044016756795, 1.0853069237475523, 1.0621826816930222, 1.0608171014258292, 1.0569956108452319, 1.0569956108452319, 1.0569956108452319], [0.6836543196081921, 0.5041417468636675, 0.45758467563575356, 0.36150241614459355, 0.32484896227426013, 0.2541114980421093, 0.2500503022313057, 0.2339700780254727, 0.2339700780254727, 0.2339700780254727]], "score_std": [[0.12546550492413688, 0.09116693014837092, 0.07419091853247355, 0.06995734005019741, 0.0732156420342165, 0.07762721742655905, 0.07633863050816606, 0.07683540492638802, 0.07683540492638802, 0.07683540492638802], [0.29032293682986915, 0.18530184842376624, 0.17518798336908403, 0.1318353200939411, 0.13209860211496685, 0.10346711888351372, 0.10733375048536212, 0.12328593031516337, 0.12328593031516337, 0.12328593031516337]], "e_score": [[0.9820393323898315, 0.7851357460021973, 0.6925528049468994, 0.49387606978416443, 0.423772931098938, 0.2692219018936157, 0.2576320171356201, 0.1958823800086975, 0.1958823800086975, 0.1958823800086975], [1.1902716159820557, 1.0042985677719116, 0.9399222731590271, 0.7613943219184875, 0.6771949529647827, 0.5014539361000061, 0.4886997640132904, 0.4283846914768219, 0.4283846914768219, 0.4283846914768219]]}