{"e_score_std": [[0.1574154645204544, 0.1125660166144371, 0.09942159056663513, 0.09451454132795334, 0.08733145892620087, 0.030536727979779243, 0.03492671251296997, 0.24030514061450958, 1.2069338595210866e-07, 0.03492671251296997], [0.15513403713703156, 0.14669135212898254, 0.14155559241771698, 0.14733073115348816, 0.1400362104177475, 0.09174621105194092, 0.10892213881015778, 0.11391206830739975, 1.0224137980685555e-07, 0.10892213881015778]], "x": [0, 1, 2, 3, 4, 5, 6, 7, 8, 9], "score": [[1.2106383925013635, 0.8689740745447153, 0.42244765060732115, 0.2625128273391841, 0.22874932207680712, 0.11158762934052575, 0.1066309297142808, 0.13494895309080068, 0.10389210785033594, 0.1066309297142808], [0.9421425240108451, 0.7577029179844142, 0.5803838749107255, 0.4019044232371492, 0.37142337095916006, 0.14931358069785308, 0.14105007621469492, 0.21020737317480453, 0.12585646191242636, 0.14105007621469492]], "score_std": [[1.0051160489120599, 1.0296919413816703, 0.6067249147405289, 0.4106785132382917, 0.40256733691843216, 0.021973970384194335, 0.023105931400450846, 0.03311010710075233, 0.0190947317897985, 0.023105931400450846], [0.6789680453746175, 0.6332089366885223, 0.48732796054080724, 0.29777810866679105, 0.37087726700120366, 0.07344528913210181, 0.07497497334270933, 0.08649485358053255, 0.045373625962823995, 0.07497497334270933]], "e_score": [[0.6277943849563599, 0.4197118878364563, 0.3506526052951813, 0.2473859339952469, 0.21166746318340302, 0.04878250136971474, 0.011700991541147232, 0.22214549779891968, 2.391225706332989e-08, 0.011700991541147232], [0.7048851847648621, 0.540182888507843, 0.478069007396698, 0.37494373321533203, 0.3330758810043335, 0.09923016279935837, 0.050163477659225464, 0.3167872726917267, 2.077454830384795e-08, 0.050163477659225464]]}