{"e_score_std": [[0.16386626660823822, 0.12333551049232483, 0.12895101308822632, 0.11641345918178558, 0.1046045795083046, 0.04587411880493164, 0.05472153052687645, 0.2350141704082489, 7.767271625880312e-08, 0.05472153052687645], [0.18705040216445923, 0.18195587396621704, 0.1745692491531372, 0.16781193017959595, 0.16297024488449097, 0.11883948743343353, 0.1387740820646286, 0.12049949914216995, 9.63823225674787e-08, 0.1387740820646286]], "x": [0, 1, 2, 3, 4, 5, 6, 7, 8, 9], "score": [[0.31835867626106185, 0.20672922931251717, 0.07183788887476061, 0.04151735781815897, 0.03700028630963291, 0.024170999780652517, 0.02351418445269322, 0.03038305867179143, 0.022702113238560702, 0.02351418445269322], [0.2252351232023613, 0.18318615554667544, 0.13486647764395182, 0.07921113019092745, 0.0668830440971818, 0.031661592746415, 0.030223598610886013, 0.04230447195699313, 0.028061214399278903, 0.030223598610886013]], "score_std": [[0.2805847499117896, 0.24246788606646802, 0.0615099725945687, 0.014687670985741443, 0.012161969736983068, 0.006314044598216164, 0.0064940333185397854, 0.011106246452448315, 0.005539458579091681, 0.0064940333185397854], [0.18986113326524787, 0.18431843763745367, 0.145333084602133, 0.045477506450376, 0.03454037106030791, 0.01394454229456277, 0.013691992944673126, 0.01825445260317637, 0.010295964595474065, 0.013691992944673126]], "e_score": [[0.6692550778388977, 0.44418978691101074, 0.37800484895706177, 0.27538439631462097, 0.23545947670936584, 0.05885475501418114, 0.023161308839917183, 0.2381589263677597, 1.5737557035322425e-08, 0.023161308839917183], [0.754753053188324, 0.5812081694602966, 0.5133403539657593, 0.4119969606399536, 0.3649173378944397, 0.10909288376569748, 0.05524776875972748, 0.334313303232193, 1.9480772550650727e-08, 0.05524776875972748]]}