{"e_score_std": [[0.16826492547988892, 0.16520357131958008, 0.16309572756290436, 0.12624084949493408, 0.11770746111869812, 0.08850502967834473, 0.10764797031879425, 0.09461755305528641, 1.0150573359624104e-07], [0.22032226622104645, 0.22516894340515137, 0.23748473823070526, 0.22777415812015533, 0.2162495106458664, 0.2135070562362671, 0.24639710783958435, 0.16652911901474, 1.278015702155244e-07]], "x": [0, 1, 2, 3, 4, 5, 6, 7, 8], "score": [[0.2809778742027444, 0.2713355408287117, 0.2680826462984191, 0.2624975134995259, 0.2608947813949169, 0.257203624961608, 0.2576429817561158, 0.25642089508799243, 0.25788316269081163], [0.11580995062226275, 0.09086033771633975, 0.08193462811618922, 0.0648078166457504, 0.057651233712783606, 0.032270484996977926, 0.032744983930912575, 0.038736935593393584, 0.01675908408901164]], "score_std": [[0.01914177217257683, 0.015502375016348458, 0.016274293909167403, 0.015701175961301866, 0.01666078531731624, 0.01979109930322055, 0.02044622720599853, 0.018964435335786192, 0.02011734298112047], [0.052661131040987456, 0.0359025406463824, 0.03162269920322551, 0.027594176747060876, 0.027183326085129834, 0.02399209211652875, 0.02514299944992982, 0.02002633105421915, 0.006206559256144719]], "e_score": [[0.6919711828231812, 0.5754117965698242, 0.5148040652275085, 0.4045591652393341, 0.3464173972606659, 0.1482633352279663, 0.160657599568367, 0.3128852844238281, 2.0422227464678144e-08], [0.8882865905761719, 0.7896227836608887, 0.7391844391822815, 0.6221535801887512, 0.5586656332015991, 0.3005431890487671, 0.30793997645378113, 0.44093558192253113, 2.5960090965782e-08]]}