{"e_score_std": [[0.060089271515607834, 0.06607820838689804, 0.06795381754636765, 0.0711686983704567, 0.07111911475658417, 0.047231826931238174, 0.06484351307153702, 0.03909270092844963, 1.1317620618456203e-07, 0.06484351307153702], [0.08510687947273254, 0.09589861333370209, 0.09905081987380981, 0.10872476547956467, 0.10683589428663254, 0.08797802776098251, 0.13377033174037933, 0.06477287411689758, 1.3210471649927058e-07, 0.13377033174037933]], "x": [0, 1, 2, 3, 4, 5, 6, 7, 8, 9], "score": [[0.2740136927547015, 0.2625003496031492, 0.2587087182274424, 0.2525423855574469, 0.25111640720340817, 0.24814692968975652, 0.24820510432061016, 0.2480927788120537, 0.25142072301292195, 0.24820510432061016], [0.09488150205139669, 0.07202224085282277, 0.06432528588691087, 0.04883129310744709, 0.04350095793895745, 0.033619331126987034, 0.03424904971306693, 0.049332438490101514, 0.014222305789520521, 0.03424904971306693]], "score_std": [[0.005584914098415067, 0.006447787153802895, 0.005517464086364396, 0.00473050430157466, 0.0043640385458729464, 0.005627229845993483, 0.005882113973818184, 0.0054194294004598215, 0.007050072372449126, 0.005882113973818184], [0.013302960051082238, 0.015328089286241388, 0.014483085372206607, 0.012467869309064792, 0.011329330234296652, 0.009550334305813804, 0.013900922047254644, 0.008550660272015486, 0.0019290979122638888, 0.013900922047254644]], "e_score": [[0.5997188687324524, 0.4601391553878784, 0.39601024985313416, 0.31631234288215637, 0.27760496735572815, 0.18647295236587524, 0.1832534819841385, 0.3062475323677063, 2.2138788580150504e-08, 0.1832534819841385], [0.675753116607666, 0.5632898211479187, 0.5112842917442322, 0.40354061126708984, 0.36410340666770935, 0.261956125497818, 0.2695298194885254, 0.4542286992073059, 2.6866247893053696e-08, 0.2695298194885254]]}