{"e_score_std": [[0.19011656939983368, 0.18504512310028076, 0.1783217340707779, 0.16315042972564697, 0.1442796140909195, 0.06733662635087967, 0.08495430648326874, 0.0979207456111908, 1.1482828909947784e-07], [0.25569742918014526, 0.25483882427215576, 0.2599696218967438, 0.2663835883140564, 0.24518781900405884, 0.17381517589092255, 0.21985302865505219, 0.17161116003990173, 1.752524525500121e-07]], "x": [0, 1, 2, 3, 4, 5, 6, 7, 8], "score": [[0.28804504994005453, 0.27422020678386927, 0.27112668502161663, 0.26565625029604567, 0.2639825590725411, 0.25638824262544846, 0.25710922901521704, 0.25538684558921665, 0.2575125909533769], [0.13092266788902096, 0.09695662081121909, 0.08624897106646107, 0.06793413003815228, 0.05847834491223188, 0.025062492551436905, 0.023709754976536285, 0.03936876325639176, 0.017123218872083967]], "score_std": [[0.022000880733540635, 0.017056267856356045, 0.016701455649075547, 0.017736720753341484, 0.017405265537739183, 0.016135447057039853, 0.01642954044683411, 0.015545878294594254, 0.016914364910931276], [0.06613164020936003, 0.04342506552300604, 0.03728061169214237, 0.03496905690269082, 0.03032925833369661, 0.017591885109437523, 0.01986421734176031, 0.018788622276715343, 0.006804946924672321]], "e_score": [[0.7330166697502136, 0.5938937664031982, 0.53460693359375, 0.4091660678386688, 0.35824134945869446, 0.10678327828645706, 0.06366924196481705, 0.31441476941108704, 2.3068851717766847e-08], [0.9132753610610962, 0.7936086058616638, 0.7391620874404907, 0.6217955946922302, 0.5506570339202881, 0.20230847597122192, 0.1275525689125061, 0.43958255648612976, 3.554037064645854e-08]]}