{"purchases": {"closest_partial": {"euler": [2.077353390828645, 2.075639178751787, 2.1239046840131985, 2.1415304723154542, 2.18071102213002, 2.2383818655925847, 2.294019384100582, 2.361762777056205, 2.4165785907774993, 2.414974926034832]}, "add": {"euler": [0.41219706459233824, 0.6953449604777482, 0.8790603321782564, 0.9809634060617013, 1.0261895802493592, 1.0930550689062386, 1.2037424572806095, 1.305100066803587, 1.353109725792243, 1.3795441109950655]}, "fn": {"euler": [0.3523546204456162, 0.5947982056876104, 0.7310683928398072, 0.7847965201312259, 0.8435996318111899, 0.9417886796678975, 1.0387720724480294, 1.137929440688049, 1.1966749632511349, 1.2085010125212368]}, "closest": {"euler": [2.175200632911352, 2.134267581164027, 2.15302881354903, 2.1705538036422225, 2.20828163868464, 2.246816420046015, 2.2789762533327966, 2.3240717744430786, 2.353554904666169, 2.3461345751561185]}, "mean-5": {"euler": [2.0882136960947504, 2.060829062243246, 2.0905066418550016, 2.1144555095855035, 2.1556109420973337, 2.1963179711919687, 2.225068381092026, 2.2657114344513634, 2.286721151171712, 2.270668924559753]}}, "walking": {"closest_partial": {"euler": [1.6131968282468576, 1.6119650828057648, 1.6172473318083695, 1.6249612523668082, 1.6267522950975868, 1.6273176938754053, 1.6267845263678677, 1.6326194135598884, 1.6292774641824046, 1.6087097757177715]}, "add": {"euler": [0.31577549051313586, 0.4342007392125769, 0.5737671755359358, 0.6994838842171645, 0.8058628671619245, 0.8876938986682859, 0.977739256248418, 1.0766955811560863, 1.1640953573360022, 1.241354161495392]}, "fn": {"euler": [0.17109809406727902, 0.24617134969618598, 0.3303992618994669, 0.4069654714647789, 0.484366322934475, 0.5400177959638026, 0.596288444737569, 0.6454284409948081, 0.6909799523240201, 0.7224811067772818]}, "closest": {"euler": [1.657335793398666, 1.6518442867567154, 1.654497456328571, 1.6614086588644634, 1.6647528703947794, 1.6652475675016052, 1.6634533046138575, 1.6664314993319413, 1.6543006418176123, 1.6338462213218001]}, "mean-5": {"euler": [1.5892636088381225, 1.583928338968445, 1.5870963626166157, 1.593480377313849, 1.5967521845743688, 1.5974601388901393, 1.5981292226133808, 1.601891376353178, 1.5918254058722978, 1.576909896459938]}}, "takingphoto": {"closest_partial": {"euler": [2.1058968151308735, 2.1228189086158813, 2.1770487009185913, 2.2486300734862463, 2.302156601486588, 2.3636683974317063, 2.4189922551336824, 2.4740940030045206, 2.5291821747025955, 2.562512572481292]}, "add": {"euler": [0.1643642575666411, 0.24581429801101445, 0.3735979197737559, 0.4929929491060732, 0.567869693254894, 0.6424848302198626, 0.7134118976430215, 0.7862381859145406, 0.8573293622869024, 0.9252244514850666]}, "fn": {"euler": [0.16849989592206277, 0.2629592688060894, 0.39501394073221713, 0.5230527030142961, 0.6085343751713974, 0.6996472113490413, 0.777131352161814, 0.8574939844146922, 0.9320116485829821, 0.9900372387564644]}, "closest": {"euler": [2.082238940429556, 2.090709761084018, 2.1238857532275675, 2.163786684171087, 2.178166968017432, 2.2022072463827267, 2.231184069411822, 2.2758988917076874, 2.329824508173095, 2.3657830618965656]}, "mean-5": {"euler": [2.041505918047195, 2.0584758096549396, 2.098759784937984, 2.1455227042812512, 2.1674272487057777, 2.194309901694689, 2.2182477978165718, 2.251458157952368, 2.291589657110907, 2.3170806296210804]}}, "eating": {"closest_partial": {"euler": [1.6618856899637824, 1.669270855499926, 1.667919288777407, 1.6729508015969632, 1.6624295925081105, 1.6629963176775784, 1.6825223278341763, 1.7097957269791573, 1.746128741440196, 1.7889527719313314]}, "add": {"euler": [0.2278685818225094, 0.3212286070882491, 0.41319396606138886, 0.5272099322344354, 0.6184573270819188, 0.6854320037798312, 0.7473536363091801, 0.800043661833501, 0.8589538634089335, 0.9303176648193775]}, "fn": {"euler": [0.14362588347720923, 0.21207880760476444, 0.27116855957851677, 0.3549327430851107, 0.4236145508154684, 0.48328186684982677, 0.5485898047291812, 0.6031045685982712, 0.6589556085232021, 0.7223904887173475]}, "closest": {"euler": [1.7287431014846606, 1.7461822247444954, 1.755837272315679, 1.7723080724101408, 1.7722990958440255, 1.7697411256454336, 1.7729425503328096, 1.7797628140065427, 1.7982515517917037, 1.832787149974037]}, "mean-5": {"euler": [1.7016205537699656, 1.714203470705703, 1.7170451177950805, 1.7212547128434172, 1.7083868572012915, 1.6934054690997462, 1.686299608821554, 1.6841414402043025, 1.6971254631232948, 1.728948243522201]}}, "sitting": {"closest_partial": {"euler": [2.807667047942464, 2.8310202489250327, 2.8575099357152656, 2.8830830136350385, 2.8978040353435914, 2.915429333692213, 2.947444795180459, 2.97280639676264, 2.9830815250539793, 3.006176712405421]}, "add": {"euler": [0.30098968440461527, 0.4212419783343997, 0.5304751462231748, 0.6245009945447779, 0.742947173177607, 0.8427016560792121, 0.932378806591749, 1.0307217527011736, 1.1478405680770152, 1.2008320066990916]}, "fn": {"euler": [0.2934573532416331, 0.4286706280739694, 0.5555797515267734, 0.6619521740152209, 0.7958691533013693, 0.9065527856916927, 1.007705115941639, 1.1030910936733997, 1.241738592346603, 1.2911919907315894]}, "closest": {"euler": [2.8924171728131687, 2.901586633268897, 2.9125318146861363, 2.9202570694699035, 2.9316535222442854, 2.94917261834935, 2.971330969861997, 2.9930189294714573, 2.99818780526671, 3.0170849303294927]}, "mean-5": {"euler": [2.7256811565504093, 2.731617296166647, 2.7401177708478035, 2.7447544597647506, 2.7499429067381262, 2.7603412351352983, 2.775497525427177, 2.7901399156520172, 2.790579030820619, 2.8053688781745714]}}, "discussion": {"closest_partial": {"euler": [2.2957381006748294, 2.3052623200399567, 2.3299882633903555, 2.3878236679055402, 2.4600946354104836, 2.4246571444661735, 2.395079312118398, 2.3551864594664176, 2.331819904489646, 2.3058653867088883]}, "add": {"euler": [0.23470984013898974, 0.3592382513221138, 0.5366335351078039, 0.7294455626873596, 0.9186552007543585, 0.9662711070494102, 1.0109633661460062, 1.0532063312978082, 1.1116870307578794, 1.1641056540694779]}, "fn": {"euler": [0.20623662350885846, 0.3116259665321797, 0.4792217204393801, 0.6830905995412759, 0.893448504345219, 0.9497350724183202, 0.9965413127300073, 1.0244681929605601, 1.0616238976888068, 1.0796123892312426]}, "closest": {"euler": [2.2456224023991695, 2.248575363290796, 2.2787872834569947, 2.3308344894884416, 2.4072110275420293, 2.3841067181294884, 2.3691119113729977, 2.3409803255179265, 2.316558148778925, 2.298578228846064]}, "mean-5": {"euler": [2.089340116456908, 2.093579906455281, 2.122826559435485, 2.1817432758393234, 2.262115559081189, 2.2320467816351504, 2.2100967141624803, 2.177977897065161, 2.155291806001647, 2.1364224376918015]}}, "walkingdog": {"closest_partial": {"euler": [1.9115086530434864, 1.8882722776080745, 1.9096960362403006, 1.9623375732253703, 2.014669436272149, 2.066597538345879, 2.1079330541395542, 2.140815522539611, 2.180669165882971, 2.2182184700039316]}, "add": {"euler": [0.42969919403748236, 0.6812053052207967, 0.9153358264029754, 1.087830653056279, 1.2067567731767466, 1.323085615812645, 1.422474059981015, 1.5095475911960945, 1.6041740028145803, 1.6769649683591294]}, "fn": {"euler": [0.31006733385739654, 0.5356376316576634, 0.7506651167002413, 0.9191709681590108, 1.0264721574981766, 1.1208997281973292, 1.191889874883773, 1.2493822899841365, 1.3303148215689502, 1.4015633179529596]}, "closest": {"euler": [1.9276415466035492, 1.8851192226082953, 1.9004398307930448, 1.9583912878737895, 2.011316599705661, 2.043160783916025, 2.059866727397009, 2.0598151355987877, 2.0733471506252474, 2.095852359694799]}, "mean-5": {"euler": [1.87704130888719, 1.8421211070320531, 1.8578444265218106, 1.9116328709290924, 1.9602858377277739, 1.9922844399933228, 2.00603078216569, 2.00567390192486, 2.022645995594921, 2.0480972534022817]}},