{"purchases": [0.3297944489358197, 0.5681652207054904, 0.7254237531190358, 0.7794788765530654, 0.820160489975335, 0.8929007987128972, 0.9998206282483664, 1.1037447697386844, 1.1773812653854216, 1.1978132044131047], "walking": [0.17156931086927216, 0.26082357820991414, 0.3465928436018856, 0.42031695783672784, 0.4911354012169372, 0.5538145927323531, 0.6136515122311409, 0.6534312028160837, 0.683797338384348, 0.7031558582125772], "takingphoto": [0.1876478294006539, 0.24816379355564744, 0.37452084251180334, 0.5030280220670179, 0.5895923087299961, 0.6735535416239264, 0.7451378518138365, 0.8161894435000042, 0.8799252683266375, 0.9317186400669483], "eating": [0.180675445435879, 0.25485985334332995, 0.334795592870707, 0.4118158137344277, 0.47148339927919036, 0.5233457543041737, 0.5776093895288038, 0.6277659982125064, 0.6854506053040827, 0.7535392674187387], "sitting": [0.35465624790742545, 0.4320240713909971, 0.5286998775356242, 0.5945476427593915, 0.6748955286219316, 0.7324460681865507, 0.7952105935228437, 0.8745742701374241, 0.9726316293756058, 1.0249525306619776], "discussion": [0.22821304455802446, 0.29383837729040896, 0.44709985542163244, 0.6417328996048703, 0.8398271327630268, 0.8803686613985353, 0.9114448485036333, 0.9256013273794397, 0.9607465266757437, 0.9965902212621687], "walkingdog": [0.2882172935457626, 0.5014116000756682, 0.7083462913140522, 0.8467692301078288, 0.9456578753066569, 1.0399621311526075, 1.1522255510041142, 1.2560376624412413, 1.3509949778521841, 1.4189865645145057], "waiting": [0.23286553369915441, 0.31832131302998623, 0.4700664132873821, 0.6127576821205549, 0.7220629718325077, 0.8332933738833825, 0.9511671096320752, 1.0401051418555167, 1.1290442401779028, 1.2283650644010635], "greeting": [0.21764396337044867, 0.3945955511790202, 0.579280904264776, 0.7185481246871246, 0.8599048440277273, 0.9748010789540796, 1.0755210710707666, 1.1631023396850506, 1.2540334329971567, 1.3471291454845997], "walkingtogether": [0.1825580146530092, 0.24370128267592012, 0.35720044275348906, 0.4632003800901223, 0.5352576470954924, 0.5821458873953618, 0.6163517304455421, 0.6460129523835194, 0.6609112267158991, 0.6752027948982521], "phoning": [0.2978686200089929, 0.5529679671041661, 0.9968883829931333, 1.0795985133392783, 1.1980048440151982, 1.2983416218200001, 1.3819633403776246, 1.4505909232530312, 1.5230921583362866, 1.588626028488654], "posing": [0.3632324017640825, 0.432265077509446, 0.5639126802979604, 0.696637905702053, 0.8169377521746533, 0.9497826886202603, 1.1056066522148547, 1.2616976428721396, 1.3984389573886014, 1.4946496168058525], "directions": [0.22099579702827338, 0.33014193218819593, 0.4433750259247179, 0.5607230069787904, 0.600848055324408, 0.6569572036375853, 0.7449006460171211, 0.8096090041629544, 0.846895387690131, 0.8878978667519506], "smoking": [0.2432567610202498, 0.31282819262303296, 0.3914273253506515, 0.49921359566753243, 0.6411976480976105, 0.760128376739296, 0.802060210225616, 0.9442877221810857, 0.8680987641633802, 0.9058142546765102], "sittingdown": [0.41449237538854156, 0.5395387789539762, 0.7135543940244867, 0.8820229583106831, 0.9715757708899518, 1.076468495054809, 1.1833891838221633, 1.2736408948516083, 1.3502769580782075, 1.4254887317955225]}