{"purchases": {"closest_partial": {"euler": [2.00858145786075, 2.0224699625660167, 2.0715963625042924, 2.0843725546811758, 2.1127598509108565, 2.155791244235683, 2.18037731128064, 2.2087413319050464, 2.2282270492288787, 2.2084550056933]}, "add": {"euler": [0.44231030230155477, 0.7348925200036479, 0.9222439004694358, 1.0196166075872608, 1.0452273408764983, 1.0993913759146956, 1.2013977792646484, 1.3030653344466439, 1.352141335700203, 1.384819698418694]}, "fn": {"euler": [0.35084521632322047, 0.5960350719547823, 0.7347418773340774, 0.7851706237252395, 0.841266780533062, 0.9409116048970461, 1.0374333868022692, 1.1362057168459438, 1.2023476654542418, 1.2184597157022774]}, "closest": {"euler": [2.078695182967304, 2.0637211420918558, 2.089725951439341, 2.104062830946969, 2.1404562469456208, 2.181054772357096, 2.2120394205102167, 2.245087096005253, 2.266069826242118, 2.2529048995939216]}, "mean-5": {"euler": [1.9945053611504306, 1.9879464687365263, 2.025257471562514, 2.045093384630047, 2.079542241860977, 2.1108177645011827, 2.1305039285021943, 2.153730348527766, 2.1640103083631583, 2.145047921938498]}}, "walking": {"closest_partial": {"euler": [1.5299336767188254, 1.5294410233304487, 1.5329992184598153, 1.539929023484492, 1.5435256093243246, 1.5437859153147728, 1.5511954595701671, 1.5606995345233199, 1.5619408141742255, 1.5484214085987504]}, "add": {"euler": [0.30527880790911194, 0.43392113472754773, 0.5817117947955007, 0.7162976126890614, 0.8298453526241769, 0.9131898136146442, 0.9983981601753307, 1.0908263840794925, 1.172249609604718, 1.237105784679101]}, "fn": {"euler": [0.16075960118983315, 0.24708823617445116, 0.3378590634294323, 0.4201253963081312, 0.5015792391599961, 0.5586861743900539, 0.6141957459771005, 0.6571430568544696, 0.6948687107046454, 0.7217599066124847]}, "closest": {"euler": [1.6005591056865471, 1.593903676507969, 1.5960722873619635, 1.605044827245191, 1.6123707415665904, 1.6148450477564886, 1.6204087951706825, 1.631276056803799, 1.6281343754807671, 1.6151325278642943]}, "mean-5": {"euler": [1.5088047919435807, 1.5054025342661141, 1.5071002877270039, 1.5138113325234208, 1.5226928238272872, 1.5290442553185082, 1.5340666236892946, 1.540765360625617, 1.5323433634209718, 1.518699724643201]}}, "takingphoto": {"closest_partial": {"euler": [2.2427129991872183, 2.253011951988427, 2.295600584874369, 2.3436661349711643, 2.376167432182275, 2.4137716431454206, 2.4450941446726167, 2.4875378282945784, 2.5314245305862944, 2.5626647072119693]}, "add": {"euler": [0.16087273555582532, 0.25489581714660386, 0.3859705705666106, 0.5062298771904772, 0.5836908617551119, 0.6578948190440755, 0.7288921191368724, 0.8019858017122236, 0.8709897358888744, 0.9349773719811509]}, "fn": {"euler": [0.15980442043831972, 0.2632790045012167, 0.40352683870093886, 0.5378061973149162, 0.6297362417082694, 0.7237500623147073, 0.8019112770494639, 0.8811166417045454, 0.955477655601556, 1.0142662314654107]}, "closest": {"euler": [2.366660447406741, 2.3741420409075387, 2.409063836077644, 2.437746037171429, 2.444785506658262, 2.4550321745991623, 2.462386691905057, 2.4760437321241597, 2.492363676365426, 2.5091214298439413]}, "mean-5": {"euler": [2.3634140143864206, 2.3706448801301954, 2.4055857876969235, 2.435828562572109, 2.446573984651896, 2.4621969480209938, 2.4767243809518367, 2.4981453213493348, 2.5222404381525183, 2.543352771997732]}}, "eating": {"closest_partial": {"euler": [1.6668370449872005, 1.66918606983393, 1.6656877287442682, 1.6686704046003569, 1.6596131476496365, 1.6514993167982108, 1.6531959035292358, 1.668638810980989, 1.6961347482032565, 1.7266074778490543]}, "add": {"euler": [0.20711359051410416, 0.30804850172612686, 0.41121800453524676, 0.5340975327961759, 0.6349931871396103, 0.7105553328910426, 0.7774466407921168, 0.8316381956088791, 0.8885980421065973, 0.9505921873103358]}, "fn": {"euler": [0.13481177434556368, 0.21301901762208364, 0.27826605895503864, 0.3621671456385079, 0.4288788653519936, 0.48544511799358364, 0.5499648847208312, 0.6067007777860842, 0.6658507428493476, 0.7250520134994226]}, "closest": {"euler": [1.7787880342590343, 1.7921482814552283, 1.798621090305931, 1.8044755410491997, 1.7939570777415283, 1.7705016970211818, 1.744856632224241, 1.7293934608886983, 1.7356209516560364, 1.7549565851330298]}, "mean-5": {"euler": [1.6125060479055022, 1.6250447941229758, 1.6274614511530445, 1.634638531257925, 1.62990074472325, 1.6208962742354167, 1.6147089062186581, 1.617962415996506, 1.6380881792053867, 1.6709709869148193]}}, "sitting": {"closest_partial": {"euler": [2.767948014372787, 2.820488139050602, 2.887537704293066, 2.949918944660385, 3.005647439862473, 3.0622774113629325, 3.1222549489038864, 3.1672180949394297, 3.1884923779992893, 3.2006655300139144]}, "add": {"euler": [0.2749398886583681, 0.41891620180761735, 0.5449820392007669, 0.6526324146822383, 0.7777947619511058, 0.8791912314054403, 0.9693002690327834, 1.0738174410487349, 1.183856034404004, 1.234720658402801]}, "fn": {"euler": [0.2677553953561366, 0.4134869011168809, 0.5534023541005569, 0.6718369101310089, 0.8118954995758478, 0.927222510731406, 1.0313729911712373, 1.1322156311557507, 1.2791919599700554, 1.3307410598235507]}, "closest": {"euler": [2.7879207119760094, 2.8076102010269928, 2.8269394759752693, 2.8476476548564698, 2.870471278064439, 2.900134987057921, 2.9290585010869497, 2.9518067904157763, 2.9575873442755736, 2.973547544499129]}, "mean-5": {"euler": [2.685158933521183, 2.7060626776560515, 2.7264924299682147, 2.7454643522742908, 2.76466188121295, 2.792069906417848, 2.8214803713480405, 2.8453061718220205, 2.851707830217312, 2.866379057243471]}}, "discussion": {"closest_partial": {"euler": [2.0506846727835564, 2.070021810803632, 2.1321929468353886, 2.234212275128018, 2.3650354944518477, 2.391217647392974, 2.4105690451209916, 2.412542130872678, 2.4037930901555296, 2.3590932761545256]}, "add": {"euler": [0.2467750815857034, 0.3827471434451687, 0.5677553086349143, 0.7596892142287803, 0.9466489074460869, 0.9917638501811842, 1.0302865037159652, 1.0656233765916792, 1.12454048009158, 1.1804313913367945]}, "fn": {"euler": [0.1833777336086528, 0.289841116465785, 0.46053718939419963, 0.6699278984137449, 0.8850471309051122, 0.9402713327439481, 0.9803332654076723, 1.0016601301567691, 1.0273344021088069, 1.0389096166562704]}, "closest": {"euler": [2.246910757252838, 2.247576304354422, 2.270298149940126, 2.3155567986724708, 2.3836771025837273, 2.3506852126274764, 2.321474689420118, 2.291475189138483, 2.2704345045404932, 2.249962511299879]}, "mean-5": {"euler": [2.0931402385982354, 2.087229857354657, 2.1024582605650215, 2.1472165599258695, 2.2196151536983995, 2.190277857433048, 2.1655863127451274, 2.136229066154298, 2.1136032774450504, 2.0927765449046105]}}, "walkingdog": {"closest_partial": {"euler": [1.9948803731117848, 1.9606159594004453, 1.9717885683200236, 2.019756898170794, 2.0721398231832113, 2.117752055254289, 2.1379294442794956, 2.1450917884258978, 2.169210493080456, 2.2016002024569654]}, "add": {"euler": [0.41540295440692865, 0.6670746281720226, 0.9107168749140665, 1.0963943190822625, 1.225596019881064, 1.351528226718996, 1.4619892231740297, 1.5568932221939338, 1.6516823589065797, 1.7169077625750169]}, "fn": {"euler": [0.27643615314597897, 0.5086330770549787, 0.7341831702064151, 0.9162275213601697, 1.0178878213341875, 1.0996381916206106, 1.163370049847049, 1.2232186453929794, 1.3152744876654698, 1.403847917370863]}, "closest": {"euler": [1.926999740393145, 1.8898123913239482, 1.9092921143144561, 1.9673819048705596, 2.0243350424408177, 2.0622256748206915, 2.0827500386781277, 2.084145124380402, 2.100056818498742, 2.126959227899226]}, "mean-5": {"euler": [1.9092173003843649, 1.874167567747442, 1.8897935050531127, 1.9423403443986489, 1.9952850730758207, 2.0364981523494983, 2.0584560394940454, 2.0618580940967792, 2.0766961002545603, 2.100778116747335]}},