{"purchases": {"closest_partial": {"euler": [2.4303524005076422, 2.490504306506924, 2.5577175111962935, 2.5793561897119894, 2.6419772127085035, 2.7378588702154443, 2.8161190464531747, 2.8703103614974577, 2.91359699681442, 2.9236277435122973]}, "add": {"euler": [0.8379047551399961, 0.8938953332759044, 0.9992437561977178, 1.0487196186363166, 1.062341273663331, 1.1256726831868993, 1.246393380963493, 1.3840740866552108, 1.4786391804412562, 1.5410764200632097]}, "fn": {"euler": [0.4976617962579001, 0.7488285586705666, 0.9005823073214256, 0.9473478161662465, 0.9984583003505737, 1.0925954147924697, 1.1748821393260718, 1.2663446744118732, 1.3311085147472301, 1.344272785618132]}, "closest": {"euler": [2.565577182010219, 2.5652163964710835, 2.583853389888715, 2.5623201085511766, 2.5515300380186288, 2.570339201283225, 2.575973451274757, 2.5894511663463753, 2.609907121453595, 2.6023556873975666]}, "mean-5": {"euler": [2.4299276647775643, 2.4285295476677975, 2.43429972789613, 2.3954470755339026, 2.3660471116200057, 2.37542727869336, 2.380360297274765, 2.3896329389123987, 2.404546225658953, 2.3889714781153737]}}, "walking": {"closest_partial": {"euler": [1.5338197445501374, 1.5432694567981535, 1.557781142348309, 1.5763221630893636, 1.5863062842287396, 1.5880837839212651, 1.5815250067788609, 1.5796133822979217, 1.5716731353028144, 1.5570384193597628]}, "add": {"euler": [0.8468428281237325, 0.9147278053669311, 0.9638841216487744, 0.9909814907797954, 0.998055879894252, 0.9931075215905361, 1.0147601803891315, 1.079361622707529, 1.1566972769898003, 1.2390424233124202]}, "fn": {"euler": [0.2962606200276912, 0.3517278548045104, 0.4176596017032309, 0.48349821938091714, 0.5453240961203796, 0.5889190949028765, 0.6356463551147344, 0.674891943581932, 0.7089538498513863, 0.7318727933883763]}, "closest": {"euler": [1.63074514389594, 1.6204902834473485, 1.6217043088442082, 1.6283493077507176, 1.6315606019354243, 1.6321816183134035, 1.62985781393021, 1.6354279307840995, 1.6367738918409995, 1.6354411387242267]}, "mean-5": {"euler": [1.611082328973473, 1.6051998402812486, 1.6046287187376707, 1.6072961477579992, 1.6051407838080916, 1.6028055108991828, 1.599612436729174, 1.6070751366243445, 1.6123965604632855, 1.6129749056790095]}}, "takingphoto": {"closest_partial": {"euler": [2.4373022857266986, 2.4682253572679933, 2.542578938192616, 2.6247680327211724, 2.6984384865615363, 2.7889649743835228, 2.87726275667612, 2.9662397833646823, 3.039691514185125, 3.0757581938787477]}, "add": {"euler": [0.5902870068828663, 0.6062558042193815, 0.6795288522800087, 0.7384549892412828, 0.7447802705654044, 0.7569727897662755, 0.7748371598477389, 0.821265598895002, 0.8851554945512751, 0.9534526567764213]}, "fn": {"euler": [0.3057293001332678, 0.35194336870668996, 0.44597266778922057, 0.5469456307885909, 0.61639119740032, 0.6961334695350674, 0.775546025386802, 0.8579672018588193, 0.9353697589115445, 0.9948976640993497]}, "closest": {"euler": [2.5171439047202395, 2.506495190017981, 2.5190774075672424, 2.5316582040252347, 2.528223329471607, 2.5308033275516117, 2.5314401149152586, 2.5456182929473212, 2.568854302750589, 2.5852358830134112]}, "mean-5": {"euler": [2.4057878379766957, 2.3995822106255784, 2.414598996191033, 2.427983591161028, 2.422819307441264, 2.4225819448951587, 2.422067523180875, 2.4348319662711675, 2.458407192966836, 2.475885028352959]}}, "eating": {"closest_partial": {"euler": [2.1196513863414745, 2.1380627193318356, 2.159483028583298, 2.188858764570843, 2.2183167424230548, 2.250345210653702, 2.285641275659186, 2.32687462047285, 2.366467173934513, 2.4011602391424898]}, "add": {"euler": [0.478765752294842, 0.5495080992765329, 0.6103768261817479, 0.6814845063819626, 0.7254361899179387, 0.7429686616334554, 0.7693218956719956, 0.8075359839269076, 0.8666554179420974, 0.9460602162849218]}, "fn": {"euler": [0.27514650050642014, 0.3331454606596661, 0.38634084221917875, 0.4593033917534809, 0.5145188783360523, 0.5654873570289082, 0.625798538844077, 0.6769515143519508, 0.7327480906635644, 0.8032240770856566]}, "closest": {"euler": [2.2082377140279963, 2.2219907738092246, 2.2217569904961127, 2.2122808410847306, 2.1891860854129925, 2.1615049745787176, 2.1449128326446494, 2.140470986691484, 2.1611074587029915, 2.197553797583801]}, "mean-5": {"euler": [2.083251370142926, 2.094796144226639, 2.0946937140201327, 2.089018009721304, 2.0726392505885034, 2.051893859734421, 2.043914367926001, 2.051413418896729, 2.083762376328501, 2.1315868169638694]}}, "walkingdog": {"closest_partial": {"euler": [2.055794567794846, 2.023713559012909, 2.0141251112394674, 2.0404765029895526, 2.0917438545790525, 2.1350874857386737, 2.1585661388270068, 2.1621705582136728, 2.1839620540719453, 2.1941303880882606]}, "add": {"euler": [1.0073722639710119, 1.0856458069899597, 1.1224122972748407, 1.1488372973256529, 1.1917593492240357, 1.285922854389644, 1.386411526064675, 1.48839301677945, 1.604232003949326, 1.6933687968720876]}, "fn": {"euler": [0.4435820589865974, 0.6113520795530529, 0.7909057631756491, 0.9412975473675831, 1.0139576042544125, 1.0796690091317847, 1.1400143463742232, 1.2001439207074687, 1.288930202225948, 1.3617763279720165]}, "closest": {"euler": [2.2181116783576966, 2.188167039699837, 2.181464065123217, 2.2303374030457177, 2.290605831656705, 2.337522197737732, 2.361667992046459, 2.371730436694001, 2.4097879321130136, 2.4376098381641014]}, "mean-5": {"euler": [2.1569235269792966, 2.1322217355256305, 2.129915758710543, 2.1785490923822666, 2.241102050334962, 2.2915419216480712, 2.316065313674525, 2.3234874364271585, 2.358987088434358, 2.385762839999855]}}, "discussion": {"closest_partial": {"euler": [2.1831432895153693, 2.183535429933393, 2.2058159646928637, 2.2714316980549047, 2.362779270019195, 2.349305083771481, 2.353633712082051, 2.358650765724686, 2.3878577054864256, 2.4073525027355496]}, "add": {"euler": [0.8892168527935393, 0.9080605299388352, 0.9443342596525066, 0.9995046781202602, 1.0757487118434903, 1.043999561895659, 1.0420404271173747, 1.064983249350964, 1.1383764205314375, 1.2100285237512955]}, "fn": {"euler": [0.33649996823117434, 0.4047218629277086, 0.5284004007087612, 0.701595608584771, 0.88813033406381, 0.9326573180261856, 0.970946564579092, 0.9929463518363937, 1.0250183556201937, 1.0461992293883955]}, "closest": {"euler": [2.345638094872841, 2.3356060698250807, 2.343398803392287, 2.376713123127093, 2.4317127520766846, 2.3905090614034057, 2.3739974389174, 2.3805112201969614, 2.4044950643405882, 2.4057669490400935]}, "mean-5": {"euler": [2.231018155016934, 2.2201401476708824, 2.2289462443515506, 2.2664437145235516, 2.324770941641958, 2.27746489330398, 2.256530741284778, 2.258360813601725, 2.2768017133818947, 2.271979196145118]}}, "sitting": {"closest_partial": {"euler": [3.494399682576811, 3.5557967096194387, 3.6080684764161206, 3.6339690053488454, 3.6565287708811125, 3.6754138970102597, 3.7013515152953147, 3.7115102311785755, 3.803146757745693, 3.8204551184770335]}, "add": {"euler": [0.7361836543249826, 0.8033426397277089, 0.8593181488235686, 0.88428813191503, 0.9188411962557306, 0.9519261116731488, 0.9980374400080942, 1.0787484397936398, 1.1775193401717505, 1.2300389414855588]}, "fn": {"euler": [0.4979836671345003, 0.5835204061302172, 0.6802558304640152, 0.7680263311909712, 0.8714230300716505, 0.9592373869623219, 1.0517135757192164, 1.1547803722435175, 1.2851176936368052, 1.3388638073034622]}, "closest": {"euler": [3.4778088549830994, 3.491273269941036, 3.494943090955984, 3.480267180494905, 3.4689449952565217, 3.460899505252084, 3.462492241710876, 3.4540850487539996, 3.5194582334400812, 3.5322602273017334]}, "mean-5": {"euler": [3.4244889439103012, 3.433880740435636, 3.4352426497296866, 3.417765399537448, 3.406068366260769, 3.398991706446799, 3.4024385433067788, 3.3957028317568536, 3.465719869530016, 3.4790514939514185]}},