{"purchases": [0.3201677867300924, 0.5608864221964889, 0.7218136754022677, 0.7679643115951272, 0.8048020679606519, 0.9026994320206804, 1.0351849921935805, 1.1388775417508419, 1.2070992517156227, 1.2118170962565165], "walking": [0.16573328473758372, 0.25616677463829673, 0.3589109846899854, 0.4354937874773581, 0.4904438937983858, 0.540811308649679, 0.5970622459449103, 0.6491331543216423, 0.6795036742257956, 0.6907366319225131], "takingphoto": [0.2012982086025599, 0.25169789188602665, 0.374624892219294, 0.5003202706201945, 0.5872853477984392, 0.680073142885881, 0.7581809929667469, 0.8346601160545389, 0.9033766084527787, 0.9611157967702091], "eating": [0.16872697198584413, 0.24052760547491647, 0.33126184090408783, 0.4202987022961516, 0.48817248096752464, 0.5559668306028035, 0.626818898784295, 0.6910076507860272, 0.7597867759207941, 0.8305137351784708], "sitting": [0.3133229808385991, 0.4075858850846221, 0.5148233768724199, 0.5882242501150695, 0.6808831631940735, 0.7532183611869667, 0.8244976890154136, 0.9050706948073309, 1.0073875227852014, 1.0580051835577573], "discussion": [0.21015943342462728, 0.2796162967693575, 0.43056358642870834, 0.6250594037502539, 0.8242386630214363, 0.8740700887690402, 0.9201515524565649, 0.9491186467092022, 0.9985970984166492, 1.0434464972569546], "walkingdog": [0.28210061467233083, 0.47947378907922206, 0.6814672370685443, 0.8317885863133667, 0.932860252232275, 1.0460840957987811, 1.161579946561643, 1.240175493414479, 1.304729931972634, 1.3731886617960931], "waiting": [0.2263655703051434, 0.30708393507632614, 0.4533930601210888, 0.5964608660921861, 0.7042385498929216, 0.8090670061790313, 0.9385734195843058, 1.0474711469380065, 1.1586591691680226, 1.2747589350863167], "greeting": [0.19844419433470617, 0.3714659053786157, 0.5572421744654195, 0.6972492922226109, 0.8235917729106049, 0.9142380953655072, 0.9900647874807149, 1.0608955784675538, 1.1425501566223897, 1.2352857398719113], "walkingtogether": [0.18793310169572885, 0.23221229422886977, 0.3294129465826162, 0.44425746561385404, 0.5304951640286544, 0.5947881817626328, 0.6542293847665088, 0.713277376127201, 0.7586893560954553, 0.8021340097130246], "phoning": [0.3086385167378374, 0.578919807881353, 0.972102469244984, 1.051641956759417, 1.1621021368580096, 1.262261668017462, 1.3498149675041244, 1.4213734384782994, 1.493679598522782, 1.5614077255634637], "posing": [0.33690468294020265, 0.4090295766639977, 0.5743454276124184, 0.7871314047550917, 0.9483959849077069, 1.0894407589831208, 1.2344192538121217, 1.396576315938423, 1.5334731438284923, 1.6346606853749426], "directions": [0.22354360175064125, 0.3276944486528556, 0.4309224447944009, 0.542979847569173, 0.5904699821954092, 0.6586951249662639, 0.7647430894629961, 0.849108896669486, 0.9018922655675726, 0.9556826757710565], "smoking": [0.26381349261126297, 0.32640031217435755, 0.41084508290549265, 0.5120963186692817, 0.6510396839714715, 0.7642516972060897, 0.8058081308442374, 0.9491106596857092, 0.8668526262901688, 0.901715518158414], "sittingdown": [0.4027428351928833, 0.5166943856904302, 0.688544277778127, 0.8748001697974367, 1.006012046782168, 1.13458347115781, 1.2251612143487658, 1.3329495891736318, 1.4198170413659932, 1.5271184274800242]}