{"purchases": {"closest_partial": {"euler": [2.005172995417441, 2.018046774050245, 2.0654842824479123, 2.0758469650967437, 2.1016656206162962, 2.1427746587177054, 2.16684106615385, 2.197926365479117, 2.222530236616025, 2.207481911773317]}, "add": {"euler": [0.4372186626039667, 0.7241726099840227, 0.909259177965574, 1.003628930180555, 1.0277291491168765, 1.082813742279561, 1.1795223161221793, 1.2781444828625461, 1.3265629023241754, 1.359562703491715]}, "fn": {"euler": [0.3578651551031255, 0.602723519362845, 0.7409045123142952, 0.7884401610700069, 0.8378834586153169, 0.9310294173399518, 1.0235474463278147, 1.1187263391763782, 1.180740594122229, 1.1932738407360675]}, "closest": {"euler": [2.058460280399181, 2.0467147202522074, 2.0748428719946306, 2.0920673226549606, 2.13215147724868, 2.1780994238580282, 2.2162785737029824, 2.2583646450601718, 2.288263533043102, 2.2789771726702064]}, "mean-5": {"euler": [1.9694239931084965, 1.9623230929445326, 1.9979951089431793, 2.0141093811655386, 2.0448100304717136, 2.0752877642930643, 2.096572527796221, 2.1259857895653838, 2.139908286267817, 2.120561984999826]}}, "walking": {"closest_partial": {"euler": [1.52876288414752, 1.5303648195241595, 1.5352805986195386, 1.5414907988279398, 1.5426420307754685, 1.538243253871757, 1.5409004321164048, 1.5455997573021305, 1.5423275468622109, 1.5256101577946084]}, "add": {"euler": [0.31245287257176335, 0.4371169511393142, 0.582801414641928, 0.7162312842754606, 0.8288679823627041, 0.9127079767494943, 0.9990221730703134, 1.0924049713550783, 1.1721849814483158, 1.2353994068673624]}, "fn": {"euler": [0.15849423060580764, 0.23911354212561153, 0.32853071416263835, 0.41210049760246437, 0.4971935225760563, 0.558816087092078, 0.6196361192456229, 0.6665853990800078, 0.7041807153349573, 0.7275861880392053]}, "closest": {"euler": [1.5580775931067212, 1.546163663923215, 1.5431131721473652, 1.5472131807641198, 1.553010484975804, 1.5569071470735907, 1.5568329516747481, 1.561308759586335, 1.5561347951366216, 1.5451264882914413]}, "mean-5": {"euler": [1.505764901571104, 1.4994255391813438, 1.4996299544476763, 1.5061404505803364, 1.5145747182434235, 1.5183809294342514, 1.5182666629162118, 1.5205248604062804, 1.5105873914990435, 1.4971285641124208]}}, "takingphoto": {"closest_partial": {"euler": [2.246440383038982, 2.249523667758406, 2.285608311986862, 2.328349762739933, 2.35589431461242, 2.389611385749566, 2.4200185397949436, 2.463429445647437, 2.510203065935144, 2.543920655931205]}, "add": {"euler": [0.16381437878383978, 0.2488931819532576, 0.3748566589718399, 0.4934715477158526, 0.5702699128477859, 0.6449662212153676, 0.7161863510723052, 0.7887921052341883, 0.8585759799419367, 0.9218797882119676]}, "fn": {"euler": [0.1688515541362571, 0.26651363689944474, 0.4022903366279978, 0.5340677191097022, 0.6235663844155636, 0.7173422025632602, 0.7966198724992003, 0.877047183389603, 0.95163607538668, 1.007947612554934]}, "closest": {"euler": [2.3619231625590476, 2.368815930089995, 2.4029133521416313, 2.4316675015512206, 2.439979597695252, 2.4520977613418724, 2.462667719215955, 2.4798628448842424, 2.499333357556551, 2.517578965462026]}, "mean-5": {"euler": [2.356536969702777, 2.3635523158587075, 2.3983070006900404, 2.4289590682376443, 2.4406729899299258, 2.458120496649881, 2.47597973638144, 2.501221577424015, 2.529116535480429, 2.551617090709568]}}, "eating": {"closest_partial": {"euler": [1.6936575848513875, 1.68897354957658, 1.677820350488473, 1.6743900642850233, 1.656015246600128, 1.6369249297025799, 1.6280005565610145, 1.6343149165526796, 1.6557463022946797, 1.6876659111703454]}, "add": {"euler": [0.21106576267117147, 0.30409846478714436, 0.4010750338138759, 0.5203685548375715, 0.6189445837263102, 0.69299521282781, 0.7598398911059036, 0.8150631475865685, 0.8741380362674985, 0.9377930401233547]}, "fn": {"euler": [0.14118733509443565, 0.21464522120346372, 0.27703078708970774, 0.3603036446805969, 0.4277985149341427, 0.4857181196473842, 0.5499551686931582, 0.6077045534940513, 0.6695038363895852, 0.7322835574271207]}, "closest": {"euler": [1.7279337482774413, 1.7368288659491118, 1.7356642845805301, 1.73799779571191, 1.718880370848374, 1.695171431252383, 1.6778383662107552, 1.6677315346667645, 1.6775203064578639, 1.7038288024446626]}, "mean-5": {"euler": [1.6107352605955711, 1.6149230353404544, 1.6081754531422408, 1.608195355480305, 1.5952473088180796, 1.5794200647246508, 1.5678820409071266, 1.5644879073134028, 1.578375290106787, 1.605902962306113]}}, "sitting": {"closest_partial": {"euler": [2.78243833279434, 2.8180321386642446, 2.870452290001055, 2.922227768515036, 2.968925095547438, 3.0222708246351173, 3.0790935419399643, 3.1249745655870513, 3.1484684350547605, 3.162007098392374]}, "add": {"euler": [0.28376040105900724, 0.41729115690242335, 0.5363700672173848, 0.6381044088500357, 0.7610267764273664, 0.8617786084931788, 0.9530926495507601, 1.060344981027061, 1.1793185603157033, 1.2306405996515921]}, "fn": {"euler": [0.28790717487894174, 0.4272295356201671, 0.5615394030550854, 0.6734905319082354, 0.8088734696519866, 0.921175072782864, 1.0232607937064184, 1.123702448379833, 1.270562895080147, 1.3226285880292483]}, "closest": {"euler": [2.7919065683350697, 2.822560159383665, 2.8497203055803304, 2.8689231409004576, 2.88776813596929, 2.9120929759250775, 2.9407653159791893, 2.9633301478683003, 2.970978738543283, 2.984530323026739]}, "mean-5": {"euler": [2.672544245888317, 2.6900435054815635, 2.7059695545807405, 2.722534820572584, 2.7397643403884806, 2.7650497724008423, 2.7896955475570797, 2.807670293716714, 2.811345310445636, 2.823398250360863]}}, "discussion": {"closest_partial": {"euler": [2.0586578889211813, 2.071268749491713, 2.1281196710857975, 2.2225740568234604, 2.346006568084478, 2.3585203291250694, 2.3683833712793323, 2.3687452545322385, 2.3690320026601315, 2.3376637216491996]}, "add": {"euler": [0.2467539688888762, 0.37373977772657857, 0.5525911355637763, 0.7420636013814754, 0.9285428579622322, 0.9743753408766447, 1.0151283887480302, 1.0517968691406356, 1.1126920373130336, 1.1698812846500477]}, "fn": {"euler": [0.18879541641734063, 0.294850703931563, 0.46389501839949004, 0.6695556411123763, 0.8799035784762832, 0.9303948789498949, 0.9672792795529687, 0.9890696116553949, 1.0133138866464577, 1.0211009698715794]}, "closest": {"euler": [2.246773315386018, 2.248863017912325, 2.273131141401635, 2.318920475487131, 2.3864249357468923, 2.3520524576810526, 2.32032533359691, 2.287160693087436, 2.263250391886179, 2.2408422115703375]}, "mean-5": {"euler": [2.10101732802472, 2.0975495687795083, 2.116279251591537, 2.1637098801640735, 2.23720402055772, 2.209071098568432, 2.1852455250838507, 2.156163685851484, 2.134668333782178, 2.1133884941319843]}}, "walkingdog": {"closest_partial": {"euler": [1.995816069826819, 1.9613406754603722, 1.9721546891201107, 2.019396990716759, 2.0701769596436552, 2.1129458734194464, 2.1301831032236964, 2.1346420506294472, 2.157358874184372, 2.1892875968495553]}, "add": {"euler": [0.4219783438530444, 0.6674216323352371, 0.9054807421649831, 1.0848255939161864, 1.2102690498409634, 1.3340533365878975, 1.440909540487493, 1.53421689759049, 1.6293561529198923, 1.6941044687090285]}, "fn": {"euler": [0.2850468323983035, 0.5139219889432852, 0.7371845820748966, 0.9179543280054551, 1.0228059631041366, 1.1066980658226764, 1.1718648730226695, 1.2355222792889158, 1.3296078025717715, 1.4155153395097577]}, "closest": {"euler": [1.9397552034666063, 1.8991490351313816, 1.9134710075995154, 1.9669417511338145, 2.023043015195039, 2.060552075340754, 2.0793306163969723, 2.077197748277241, 2.0887585476047428, 2.1130876417701696]}, "mean-5": {"euler": [1.9069570603026247, 1.867273192007619, 1.881450833695287, 1.9296628686887964, 1.9781001095979245, 2.013366780967006, 2.0314016235965258, 2.029836468522122, 2.0402288794305092, 2.061447266086738]}},