{"purchases": {"closest_partial": {"euler": [2.027458708922012, 2.0261778141317146, 2.074931774553863, 2.0971661406523148, 2.1329610828828556, 2.1877230428602896, 2.2353344599058245, 2.274061933522671, 2.300701672391528, 2.2882836241510818]}, "add": {"euler": [0.5346337241470706, 0.7604192292827777, 0.9230498265541112, 0.9990301932982274, 1.0333819698419067, 1.125349684457251, 1.2555864487973718, 1.380312283578045, 1.456864796184176, 1.5031669520931712]}, "fn": {"euler": [0.49788698222049654, 0.7294634539733659, 0.865098930953414, 0.9000123255983532, 0.9376570603610933, 1.0348758569075633, 1.1301224933749252, 1.2268228424589804, 1.2795863350847565, 1.283290784593225]}, "closest": {"euler": [2.185947141400624, 2.1674178153638604, 2.186810342429468, 2.1930377067046094, 2.2115747072019825, 2.236491038812431, 2.2663098162789193, 2.2997739954903267, 2.315131113653588, 2.295827005100703]}, "mean-5": {"euler": [1.9287633313000483, 1.9064562354038217, 1.9363488389710501, 1.9489407936398238, 1.983675436810574, 2.029072228392673, 2.0719500334965706, 2.111355068358326, 2.1295788739150274, 2.106882558674711]}}, "walking": {"closest_partial": {"euler": [1.5601746252841684, 1.5772763540158217, 1.5939183334476865, 1.6062439173033232, 1.6091887272852445, 1.6073098494396951, 1.6113738552173493, 1.6164456428670988, 1.613873031772167, 1.6010623477905759]}, "add": {"euler": [0.5083748031741024, 0.5644279645841029, 0.6442520602073001, 0.7258581709212346, 0.7957024516334782, 0.8506079596874025, 0.9181548696632434, 1.0009512337583222, 1.0782817853303295, 1.1541361394907033]}, "fn": {"euler": [0.257857516584733, 0.32189478155709056, 0.39667975892234986, 0.4706033825463434, 0.5367815059158536, 0.5859669516362667, 0.6397505976317454, 0.6842091829327834, 0.7176690708219995, 0.730816752090697]}, "closest": {"euler": [1.6256289854223405, 1.646651222617158, 1.6778139423282759, 1.712076797644666, 1.735353299217428, 1.7457081063920943, 1.754466758903781, 1.7573686062438587, 1.76496034134991, 1.7724451100949623]}, "mean-5": {"euler": [1.5055681344817067, 1.508726338574988, 1.5199800120628872, 1.533255582371351, 1.536041249501021, 1.525164394640997, 1.5173539554324083, 1.5117690308534517, 1.5126199283762898, 1.5179344147610259]}}, "takingphoto": {"closest_partial": {"euler": [2.2392399837418875, 2.272732086972045, 2.333716295992589, 2.3925809000513687, 2.4393048682355407, 2.4886790948055637, 2.531387841976834, 2.560620226259896, 2.5765476098757834, 2.5895333043856366]}, "add": {"euler": [0.3408771420068485, 0.36520370653558537, 0.44285364433027413, 0.5269716978114909, 0.5750840801954552, 0.6325583271664584, 0.6941715401563714, 0.762269600445776, 0.832267292443429, 0.9011468971974322]}, "fn": {"euler": [0.24974719202007403, 0.31813204952313195, 0.42979076555933643, 0.550961668070387, 0.6339598157209088, 0.7206646742908281, 0.798808965261997, 0.8785688853377891, 0.9563596271213917, 1.0228009039546078]}, "closest": {"euler": [2.153776515200505, 2.1787918152178327, 2.2349151426017446, 2.2827735312771695, 2.310742361383471, 2.344561896887238, 2.3800637770703643, 2.409983929027094, 2.4380560508655056, 2.4540619514484345]}, "mean-5": {"euler": [1.9768603730387582, 1.9983512918328055, 2.0552054981399857, 2.10754133368745, 2.1368490506408166, 2.169120046836019, 2.1997433930515644, 2.2251939276890265, 2.24961439250368, 2.2672956734664065]}}, "eating": {"closest_partial": {"euler": [1.6870227713197632, 1.697192742112331, 1.6939655169673438, 1.701188104338563, 1.695128751770706, 1.688002321718054, 1.6873594785821484, 1.693680034447508, 1.7073834506785668, 1.7321813993187685]}, "add": {"euler": [0.3387345210161036, 0.3993152042725281, 0.4592840926481474, 0.5406535648990911, 0.6089088247920033, 0.6597359776519787, 0.7107921864144288, 0.7539049961145526, 0.804601414338407, 0.8657826099299523]}, "fn": {"euler": [0.22484897936014345, 0.28016972401116763, 0.3339710166033292, 0.4067771814612786, 0.46720244277443645, 0.5255482078010824, 0.5870855166428555, 0.6399840092397211, 0.7003256092896268, 0.7720762357527848]}, "closest": {"euler": [1.7460111175465467, 1.755462770864003, 1.7567884151053468, 1.768322039138619, 1.7659553775685588, 1.761648556662231, 1.7618453195178734, 1.7667871090893819, 1.7804574824543586, 1.8075152988701202]}, "mean-5": {"euler": [1.7047949701027694, 1.7171206877087088, 1.7176154815191627, 1.7237384030757414, 1.7166336789859962, 1.7084689827531323, 1.7060396261252166, 1.7092321020012726, 1.7213584154939998, 1.7476413131112114]}}, "walkingdog": {"closest_partial": {"euler": [1.9346824647648193, 1.9249783706325718, 1.948996674689326, 1.999608341380249, 2.042984952068649, 2.081795272374998, 2.1014913496926297, 2.1089777753992993, 2.13748200829656, 2.1641969524067206]}, "add": {"euler": [0.6044925025163272, 0.7436110432429905, 0.9052775271302378, 1.0409952326474323, 1.1451542500567242, 1.2643652119543658, 1.3686345829543731, 1.4586463360812025, 1.5538949967747937, 1.6290510089550165]}, "fn": {"euler": [0.3996754831564726, 0.5918287039097488, 0.7819940685220665, 0.9206636027673477, 0.994241340781778, 1.0700639531590401, 1.1413571159749445, 1.205331437232297, 1.2885997657890296, 1.3579607421322406]}, "closest": {"euler": [2.0518119277891413, 2.0338352917765397, 2.057337567055605, 2.107864054389214, 2.1491681420301183, 2.1948727536802775, 2.2069860487899486, 2.1983267884788464, 2.1945782614907055, 2.1982817433110737]}, "mean-5": {"euler": [1.9192166501913526, 1.8917223682184767, 1.903180465948403, 1.9445862957403557, 1.989899671325998, 2.0420458969956257, 2.0727579129986706, 2.0820226841365055, 2.0975443779777287, 2.111736157262548]}}, "discussion": {"closest_partial": {"euler": [2.099358366398358, 2.1077293786238194, 2.1340773067261107, 2.202993756231183, 2.2979411654823423, 2.289115610848645, 2.2711797669245213, 2.2285168492831113, 2.201430475246696, 2.1719140381138065]}, "add": {"euler": [0.5401622564796378, 0.5495088901570382, 0.6218121697427009, 0.7483733182232893, 0.9115929113582361, 0.9569483716546295, 1.0077238934380635, 1.0593654018317584, 1.1344264251752227, 1.188784688160256]}, "fn": {"euler": [0.35094988496498025, 0.4336379961078098, 0.5741199740573242, 0.7532622284125422, 0.9537044568988754, 1.0179895145793523, 1.0712043505689968, 1.0992839650124904, 1.1340128499086235, 1.1540052311467561]}, "closest": {"euler": [2.216645116618893, 2.239569269365305, 2.284165624214774, 2.3437343569000966, 2.4216343512405767, 2.3986629376555717, 2.376131845784569, 2.3475360789801143, 2.316438666126907, 2.284137592619198]}, "mean-5": {"euler": [2.0526660065789786, 2.076561245978273, 2.1205238869829484, 2.1891315026750813, 2.278606736900876, 2.262416683871515, 2.2443179867297105, 2.2180311898011706, 2.1901223526763536, 2.1551061172462727]}}, "sitting": {"closest_partial": {"euler": [2.87389106951045, 2.914111683813405, 2.9685700784764766, 3.0234345799896754, 3.0793038057547153, 3.145312772040949, 3.2239055095025133, 3.2883927283324508, 3.3166476591591585, 3.3394895273358403]}, "add": {"euler": [0.46035565201252493, 0.5561530617448314, 0.6492230194145276, 0.7181504552838455, 0.8141180857389979, 0.8973189199235552, 0.9733151023372774, 1.0631595815275443, 1.1650853770694016, 1.2138215146613034]}, "fn": {"euler": [0.4414709419302336, 0.5739457291800886, 0.7056818239286651, 0.8152693233737693, 0.9455069233024674, 1.0556073452260977, 1.1540695744020013, 1.2448439231585793, 1.3768009947378046, 1.4341379194574653]}, "closest": {"euler": [2.9621151486351898, 2.9926746029574356, 3.0269543451847145, 3.0560841318712493, 3.0818468343875898, 3.108072548306506, 3.137222155496466, 3.1527189359475627, 3.22204369552584, 3.2235471591135845]}, "mean-5": {"euler": [2.8922999557474567, 2.9289249631903505, 2.9670727819583265, 2.996520890836361, 3.0206692390800782, 3.0456701474467827, 3.0744965810167653, 3.090417218128571, 3.160944699401289, 3.1673440349971766]}},