{"purchases": {"closest_partial": {"euler": [2.0277173933003185, 2.0246477965362253, 2.0676900594575036, 2.074702282746728, 2.1034593733768876, 2.1451302696374106, 2.1750971556836305, 2.2161257422525624, 2.2615849277001927, 2.2615873325268554]}, "add": {"euler": [1.2349066307254135, 1.1274245866460346, 1.1338902919621825, 1.141114041375657, 1.1289366092508804, 1.167321424394099, 1.2413450370075658, 1.3001619936650208, 1.3299750850633703, 1.3579154258140034]}, "fn": {"euler": [0.48954246489125836, 0.716116714814409, 0.854504988528692, 0.8967935875982063, 0.9449562351839493, 1.0318308821501716, 1.1206749239680966, 1.2157258993948097, 1.2768193242292276, 1.2873590690666559]}, "closest": {"euler": [2.063629169716729, 2.018161077327854, 2.033530246769256, 2.04065129087485, 2.0800345077851237, 2.128111099640267, 2.1630404992719967, 2.193997584236077, 2.207406470409063, 2.181951182738338]}, "mean-5": {"euler": [2.0479679494604515, 2.001855193281421, 2.013091859186652, 2.015281790527051, 2.0487039525063895, 2.0910052703401987, 2.121548852334338, 2.150877389607708, 2.1674163574124337, 2.1479251836945394]}}, "walking": {"closest_partial": {"euler": [1.5780090281654333, 1.5737512428386624, 1.574959450302983, 1.5814221058205116, 1.5882438096938758, 1.5912834797620106, 1.5933117835238095, 1.5995039366758124, 1.5924981500651185, 1.5766619826721957]}, "add": {"euler": [1.197831336169958, 1.2166886922687439, 1.24798004171491, 1.2761125410798453, 1.2710586641936565, 1.2319323502405306, 1.1931313516670123, 1.1887767190403646, 1.2195666794033422, 1.2809045491915299]}, "fn": {"euler": [0.241522627481442, 0.29204525006622317, 0.3559032432910357, 0.43057713751866417, 0.5009769453805718, 0.5497716009235248, 0.6006580988251127, 0.6442202797706839, 0.6774375454369668, 0.6861803531225701]}, "closest": {"euler": [1.7725607357344486, 1.7814681579663236, 1.7893321503297566, 1.790838291564107, 1.774851251484061, 1.7515020746468575, 1.739418621897864, 1.7551351504506132, 1.7735578180814022, 1.7975323533484018]}, "mean-5": {"euler": [1.733524122526298, 1.7420398328784632, 1.7504833981127452, 1.7527695490655324, 1.7379805933051624, 1.7148545337193795, 1.7011007417164898, 1.7140153503282507, 1.7302269859433776, 1.7563167947732519]}}, "takingphoto": {"closest_partial": {"euler": [2.132304667651217, 2.1475293207733066, 2.188731431039934, 2.2368527353128056, 2.2688634558751337, 2.3058431444169214, 2.339612993795166, 2.380791025240801, 2.428876872385988, 2.459000343296419]}, "add": {"euler": [0.9305292592207903, 0.9160776269500276, 0.9428224814473296, 0.9676323618645943, 0.946133390747692, 0.9230638727130656, 0.88768176107954, 0.8691976141187705, 0.876210640171019, 0.9202779451614336]}, "fn": {"euler": [0.2349944210577145, 0.3059309079355886, 0.42595446644471696, 0.5432911573687874, 0.6245311421112348, 0.7118626527171076, 0.7869769187909086, 0.8612897472813991, 0.9303318200312712, 0.9854025528202848]}, "closest": {"euler": [2.1418404095396384, 2.148398867123648, 2.1815756192861584, 2.216081828862883, 2.2278250383550424, 2.2455923403415614, 2.2617355675269435, 2.285432514562036, 2.3193691692932688, 2.3445722854888884]}, "mean-5": {"euler": [2.141363157455205, 2.1508974559780407, 2.1837307661248015, 2.218212787629418, 2.2266578250915816, 2.240149714436266, 2.251878792763753, 2.273812601793273, 2.3040929020765573, 2.32416970962667]}}, "eating": {"closest_partial": {"euler": [1.6949166578185086, 1.6932943812388714, 1.6854561502379837, 1.6829331652244568, 1.6664909479613168, 1.649784752718096, 1.6414752575531206, 1.6447771193833984, 1.660647721804156, 1.6835720618215457]}, "add": {"euler": [0.7562773089703567, 0.7627142708707565, 0.7721139461985044, 0.8060577162865825, 0.8360763875558868, 0.8440396526142833, 0.8402240504058863, 0.8287912633778544, 0.8671367255952264, 0.9378588458395256]}, "fn": {"euler": [0.18438939994715506, 0.25175811054001207, 0.31443162751634496, 0.40194077068837586, 0.4650274225591686, 0.5197450033725272, 0.5761599012310019, 0.6305540963156693, 0.6922833744873553, 0.7583444586566779]}, "closest": {"euler": [1.802306501720203, 1.816909126340055, 1.8190678617504388, 1.8284029164027498, 1.8300337434653513, 1.8218022581766977, 1.8103198924262751, 1.7963216391977568, 1.801462360671947, 1.826481160699338]}, "mean-5": {"euler": [1.749523928167096, 1.7637167225249064, 1.7669203529519577, 1.7782344874139473, 1.782328995547383, 1.7749073320901154, 1.7645031779763038, 1.7530592297299556, 1.7588267081506, 1.7807338961475465]}}, "walkingdog": {"closest_partial": {"euler": [1.8224912712366845, 1.7970114526307222, 1.8212486152845324, 1.8900500711892976, 1.9674538151977212, 2.031603830880405, 2.077286142550463, 2.1168094665029464, 2.178390625309349, 2.230932008607664]}, "add": {"euler": [1.2921525364718156, 1.328506749007964, 1.332768723599856, 1.3319121834749006, 1.3368145987480808, 1.3443890793753828, 1.3647594076099296, 1.4124726268411465, 1.505056528615845, 1.6065545350288633]}, "fn": {"euler": [0.37624735670788706, 0.543741788138864, 0.7496435242566276, 0.9066150279330301, 1.004433383680266, 1.0862683338194148, 1.1517779532320205, 1.2074696326706957, 1.2995637348463696, 1.3860547281546327]}, "closest": {"euler": [2.102677961021038, 2.094834726484254, 2.1040077426058748, 2.1294222404169467, 2.1611961389074965, 2.175664287842829, 2.1611910836016137, 2.1383163587461755, 2.133760167954157, 2.1394292651926934]}, "mean-5": {"euler": [2.0064108757412256, 1.9900588909380679, 2.0008893546773874, 2.0327971332448045, 2.0655067769734563, 2.0822689033664834, 2.0733434592341635, 2.058584340488703, 2.0633573291267644, 2.077744486449928]}}, "discussion": {"closest_partial": {"euler": [2.1194793102740137, 2.1156328252306276, 2.144747850821018, 2.2015930529273318, 2.2869454374938294, 2.266528893037586, 2.2499735600062687, 2.2355816708393057, 2.240226904705992, 2.239890396876532]}, "add": {"euler": [1.3367035792620747, 1.3579940450234944, 1.4065150560460045, 1.4601933128685967, 1.5004093107919747, 1.3825324839971016, 1.26242206104003, 1.1427541845632962, 1.075181023672, 1.0924730934671458]}, "fn": {"euler": [0.281358168918236, 0.3511732605336462, 0.47559392021951263, 0.6289631826852023, 0.7947805340097015, 0.8376473714018137, 0.8769548751278429, 0.8980241834423227, 0.9143514979523637, 0.9264971282660752]}, "closest": {"euler": [2.157372240194632, 2.166418826776414, 2.199681811716663, 2.254465572494884, 2.3223112415857274, 2.2808838004227, 2.2398651924889688, 2.2007577936861242, 2.172499835198171, 2.1444621441934193]}, "mean-5": {"euler": [2.152388924144825, 2.1637009388338777, 2.1991646452765585, 2.25971102846492, 2.3341209455608567, 2.2980483510800087, 2.262322108034402, 2.2257563213306852, 2.1974950680850664, 2.167007670196578]}}, "sitting": {"closest_partial": {"euler": [2.7509562388455686, 2.7961420030933026, 2.8462957454580256, 2.8952097174480502, 2.9339319592002617, 2.975026750644073, 3.0306385848564195, 3.0725283862233526, 3.091809779195709, 3.1088604428814404]}, "add": {"euler": [0.9880242132955454, 1.0382066863376758, 1.1054906818958383, 1.1440875925520153, 1.165541499031444, 1.1722987856729488, 1.1626908781043064, 1.1618223632290463, 1.20266116016731, 1.2133411265726755]}, "fn": {"euler": [0.3803366041780644, 0.5379119779259564, 0.6895695290161937, 0.8309664928809106, 0.9993752683842472, 1.140910807088301, 1.274717065484702, 1.4066585463451184, 1.5794564054499736, 1.6434664071255207]}, "closest": {"euler": [2.75609340494293, 2.771141944782106, 2.793639048067033, 2.8129023259667596, 2.8385063283505496, 2.866391683314666, 2.8969369820761024, 2.9261420906481055, 2.9317538398853538, 2.937930386476766]}, "mean-5": {"euler": [2.7163045107664274, 2.7366184500610724, 2.7591439965936324, 2.774754796339644, 2.7982293285139828, 2.8264897321356104, 2.8584713390017478, 2.8857406360538342, 2.8892920135119518, 2.8931719068388437]}},