{"closest_partial": {"pose": [0.11162592748007866, 0.11200097685741309, 0.11250590864950259, 0.11312442255768192, 0.11377338841635078, 0.114556577792098, 0.1154059867885882, 0.11628670769899822, 0.11717885954245032, 0.11807849274331877], "euler": [2.3029154870110715, 2.3014196938889917, 2.319644368030514, 2.347857052926296, 2.3747587420889276, 2.4054018090087683, 2.4273639257351802, 2.4764997015089225, 2.5125455795441156, 2.5218243367557487]}, "add": {"pose": [0.02877033032582835, 0.030867909298448577, 0.03318048123897135, 0.03568581545231682, 0.03833784814591754, 0.041047460554087346, 0.04375257979688179, 0.046420515688536376, 0.04900935351215353, 0.05148775662794562], "euler": [0.552982953519299, 0.6273167142999095, 0.7279322804193433, 0.8339230660528275, 0.9329063882805797, 1.0381007094645895, 1.1300461648258546, 1.2790408441704653, 1.3732036751060948, 1.4426752585301186]}, "closest": {"pose": [0.12047829835201859, 0.12069410539433417, 0.12098371637316467, 0.12134791479226933, 0.12170245752276251, 0.12216192862215947, 0.12267983382155027, 0.12323961938241867, 0.12382882046033827, 0.12443256893300346], "euler": [2.3873722364937437, 2.3756166937399024, 2.3815131106778327, 2.3990856268085365, 2.4165006739222936, 2.441019342009318, 2.461547792400979, 2.5204420457890646, 2.568096904344427, 2.583650138491698]}}