{"closest_partial": {"pose": [0.11017206114235113, 0.11112654796013773, 0.11205510857026066, 0.11292603603235625, 0.1136629090996878, 0.1142494460842679, 0.1147343527127339, 0.11517760271036742, 0.11559651506643576, 0.11604664792532912], "euler": [2.3129879015935533, 2.324538547040608, 2.3464622451412516, 2.376615379776752, 2.388710847650248, 2.404244353957874, 2.4131778363432996, 2.425485069173194, 2.45880269656264, 2.4906570832648693]}, "add": {"pose": [0.030544473289151327, 0.03258821313864577, 0.03473364809372205, 0.03684877680695208, 0.03886236336682575, 0.040744794192403073, 0.04251623976996235, 0.04419947991094413, 0.04583172473832001, 0.047445286930294116], "euler": [0.650554539145174, 0.7408547856720266, 0.8408178610259296, 0.9346067112627321, 1.018577176775607, 1.0856384325046975, 1.135351306265645, 1.186435696346076, 1.2181706569928041, 1.2789913396665014]}, "closest": {"pose": [0.11455750290264648, 0.11524415288164525, 0.11593343585417416, 0.1165624808341094, 0.11713506391167551, 0.11758917496747813, 0.11797080491359602, 0.11831500331422017, 0.11865475564726849, 0.11902027386760658], "euler": [2.3583898097313254, 2.367069525152025, 2.3818037488587995, 2.398175110093734, 2.400053915675476, 2.413246122675887, 2.419967560021711, 2.428324351304781, 2.445776143957987, 2.4702278124895645]}}