{"closest_partial": {"pose": [0.0658449921968516, 0.06647076175616079, 0.06718975353207794, 0.06799784003671654, 0.0688772328266748, 0.06980042671174438, 0.07074012819453564, 0.07167501652981283, 0.07258824004248654, 0.07346599959392128], "euler": [1.1041159446313356, 1.1051045879517947, 1.1060242695384679, 1.1067568549649438, 1.107260509550511, 1.1075664416040356, 1.1077398928630275, 1.1078522424179356, 1.1079567811660707, 1.1080798857991019]}, "add": {"pose": [0.018483153584105575, 0.019659064799890977, 0.020957679689145133, 0.022335488936209225, 0.023757438827037194, 0.02519603076609543, 0.026629506303067943, 0.02804157984914157, 0.029419588159251688, 0.03075390636355264], "euler": [1.104732131178753, 1.1057261681125545, 1.1066517375718499, 1.1073906901299626, 1.107901134090491, 1.1082136328761385, 1.1083928587443388, 1.1085103268583691, 1.108619473773667, 1.1087468898995736]}, "closest": {"pose": [0.06807095404387947, 0.0685180916834523, 0.06899995691354902, 0.06950711500480185, 0.0700349396555035, 0.07057968483957772, 0.07113902219429882, 0.07170961680156186, 0.07228444223665415, 0.07285614439333894], "euler": [1.1038942761185704, 1.1048732867785744, 1.1057849283466328, 1.1065114527890811, 1.1070111577129338, 1.107314404837898, 1.107485804274253, 1.1075968544775145, 1.107700658844115, 1.1078235503727567]}}