{"closest_partial": {"pose": [0.546314592359071, 0.5464993038115795, 0.5466739704629272, 0.5468115498215913, 0.5469077387367698, 0.5469506119542682, 0.5469401419683012, 0.5468946073481998, 0.5468198218397585, 0.5467359840332299], "euler": [2.299334255619669, 2.339039384596908, 2.361546564335687, 2.372502978561217, 2.3862861922960916, 2.403718115897542, 2.4276452795830923, 2.4552244440747044, 2.4719526383079664, 2.484474592829718]}, "add": {"pose": [0.5460880851070449, 0.5463214954172241, 0.5465334020451614, 0.546698024809976, 0.5468178356008899, 0.5468901943664337, 0.5469099909789013, 0.5468924535967383, 0.5468453685041166, 0.546777910358113], "euler": [0.6067068994749165, 0.7160473281340471, 0.8009375864169782, 0.8737183267462791, 0.9438561138984862, 1.013359492488285, 1.0897062025544741, 1.168828794722904, 1.23470409782676, 1.2888309963572546]}, "closest": {"pose": [0.5494915417361035, 0.5496521707830315, 0.549800166336376, 0.5499216301818263, 0.5500192357242311, 0.550079787131967, 0.5500966438112066, 0.5500830826063619, 0.5500412375276075, 0.5499843275817389], "euler": [2.2717182300960634, 2.301608734262822, 2.3151273342111054, 2.324426844462795, 2.334494615572303, 2.351679714347515, 2.3747539941066824, 2.4039611872055575, 2.4240057855947823, 2.4354739044820364]}}