{"purchases": {"closest_partial": {"euler": [1.823277359460792, 1.9094822758074552, 1.9779517335427543, 1.9684655899050645, 1.969646730508968, 2.018600594489575, 2.034368255511311, 2.0659675855604744, 2.086779535249534, 2.0724051921474893]}, "add": {"euler": [0.47694244386351564, 0.7345276332217754, 0.9255888432109167, 1.0035227041737538, 1.0200731930861435, 1.126803495678832, 1.2060830581174309, 1.2912095660002478, 1.3376380404272719, 1.3673881289534127]}, "fn": {"euler": [0.5434657339521459, 0.7644251556003412, 0.8962404630197623, 0.930754672516996, 0.9644642995971191, 1.0453214247173515, 1.1097957780631036, 1.1950282695593275, 1.2484994575240547, 1.2629100588695816]}, "closest": {"euler": [1.9090803459562704, 1.963647246531132, 2.046138972021616, 2.0501506121172586, 2.059119382566765, 2.1178031541242954, 2.1497078694591996, 2.1832303942834033, 2.2033739874395755, 2.205155977537348]}, "mean-5": {"euler": [1.8444294044118634, 1.9081373860789683, 1.9789687275709806, 1.9780339091586916, 1.9852633180607837, 2.0369127670680807, 2.0755039093339964, 2.113729630757495, 2.1399525311055934, 2.142958506258231]}}, "walking": {"closest_partial": {"euler": [1.5278978212002192, 1.5426838921384725, 1.5621672498313628, 1.5852409269346486, 1.6074065660668069, 1.6382387058820767, 1.6609327966239011, 1.6907837651214204, 1.7306178684887292, 1.7731232670790251]}, "add": {"euler": [0.4507856725774938, 0.5099045906503786, 0.6022094023557425, 0.7006980916996224, 0.7810929754941124, 0.851769202902676, 0.9164950512615945, 0.9994855251796146, 1.0836600747260778, 1.1648084055702201]}, "fn": {"euler": [0.2772697351833581, 0.32569901046954586, 0.3852735000200582, 0.4495256838750892, 0.5104771652863513, 0.5619482446676058, 0.6273309837831436, 0.7114563001035905, 0.8006233076915312, 0.8825361823064739]}, "closest": {"euler": [1.5520040484254196, 1.5556520759814334, 1.5727299628611415, 1.6012921400580251, 1.6193962342602712, 1.6330108272851542, 1.6438887159891054, 1.6650176310712037, 1.697697977475689, 1.732372099735922]}, "mean-5": {"euler": [1.4537648101077854, 1.4606974430518527, 1.4866471248534447, 1.5214558454187401, 1.5458359823873493, 1.5598806789056066, 1.5699332055412458, 1.5885840757273075, 1.6190063935723529, 1.6528199660249046]}}, "takingphoto": {"closest_partial": {"euler": [1.8085647096088795, 1.8289455011774816, 1.8831938903204626, 1.9416620559501676, 1.9713911763382854, 2.020259281488542, 2.0476796815771854, 2.0719679737468946, 2.0947903037505573, 2.1136475004267536]}, "add": {"euler": [0.33258253656542586, 0.35398612106196764, 0.44800715047679907, 0.5488940187194368, 0.6149201460238614, 0.6595801207433794, 0.7236580008304767, 0.7927019071388908, 0.8612174230535848, 0.9240643395107314]}, "fn": {"euler": [0.28198765243093304, 0.34747343571649003, 0.4564655871469199, 0.5617178163999111, 0.620977074897494, 0.6848756079791694, 0.7420274185904105, 0.8033020063173736, 0.8606060968446737, 0.9101862041301844]}, "closest": {"euler": [1.9982759343979517, 2.010148557850327, 2.0654639271744877, 2.118186613057872, 2.143090889228584, 2.1847893239327085, 2.1982437809217226, 2.2129870084065013, 2.2324954097037715, 2.245846238939549]}, "mean-5": {"euler": [1.93785657016876, 1.948786857479487, 2.0035576958266628, 2.0556119590803674, 2.0793410537036214, 2.1130614445115072, 2.1278458645632092, 2.1439079120635216, 2.164602138040897, 2.1791426453383758]}}, "eating": {"closest_partial": {"euler": [1.579169389044141, 1.587166586552713, 1.5898140006674646, 1.5936329756608385, 1.5934451946401136, 1.60446166806746, 1.618731641330345, 1.6433247333435936, 1.678543548955966, 1.722090179574026]}, "add": {"euler": [0.30476590078312205, 0.35690615053484914, 0.41256071025976165, 0.5010215672073082, 0.5759982944510638, 0.6422110451857501, 0.699266178859902, 0.7525671015225095, 0.8149273580680089, 0.8884871625490275]}, "fn": {"euler": [0.2442164368071843, 0.3049764542800164, 0.3545598920834826, 0.41480850466783215, 0.461956137028447, 0.5392408113688382, 0.5936395853184557, 0.6604177717064788, 0.7445544143803448, 0.8362436935784365]}, "closest": {"euler": [1.6350333619172728, 1.643927474611566, 1.6493946924812986, 1.6693837145585353, 1.677771574231905, 1.6844810192924733, 1.6894686365524259, 1.7002715726398527, 1.723634500337969, 1.75567084807115]}, "mean-5": {"euler": [1.603036616525702, 1.607166911216857, 1.6078276956033204, 1.624459432775216, 1.6341440393110884, 1.6401331923273006, 1.652213107469044, 1.6695160862660927, 1.697461799226472, 1.7339685400115097]}}, "walkingdog": {"closest_partial": {"euler": [1.7966308803180437, 1.7916874572233674, 1.8135495191701518, 1.8675048233705247, 1.9059406317615402, 1.9873853098362664, 2.012095821916561, 2.034202213364458, 2.0787721493202946, 2.1338297753333615]}, "add": {"euler": [0.5565371417195788, 0.7090581524059366, 0.8924676741632104, 1.0328320815424805, 1.1294410987632242, 1.2680581450039108, 1.356962177490673, 1.42839622135163, 1.5138470877030865, 1.5709391150071081]}, "fn": {"euler": [0.40220498396813614, 0.5890077668616887, 0.7914571035264071, 0.9466673366084624, 1.0386586338095605, 1.1574155716548427, 1.2239811953987059, 1.2868693512670324, 1.3891999800334591, 1.481780434022963]}, "closest": {"euler": [1.8241721041545298, 1.7894839902805706, 1.790449543591934, 1.8179860785773774, 1.8677321326843976, 1.9373007740977195, 1.9726480065037626, 1.9972734562997299, 2.029925172141292, 2.0584688445398367]}, "mean-5": {"euler": [1.760096431572047, 1.7222171494922214, 1.7294643459592374, 1.7673873849240327, 1.8251504113156343, 1.8874356694955383, 1.9211982332841608, 1.9449027173112612, 1.974382459997258, 1.9982386541212054]}}, "discussion": {"closest_partial": {"euler": [1.9538578123033972, 1.9463701010619567, 1.9667509060706754, 2.0074883953332665, 2.0665926934778005, 2.0554999618358654, 2.0328482799784062, 2.018623836467053, 1.9945160352238067, 1.9630640041905238]}, "add": {"euler": [0.4662545678089763, 0.47994690785980404, 0.5793188407868597, 0.7319956212256775, 0.9035172623809771, 0.9402286274607062, 0.9726555908929895, 0.9985663541879122, 1.0549501450090404, 1.1053900931622178]}, "fn": {"euler": [0.3000838432027544, 0.3873339159397753, 0.5302689534469293, 0.7068340991506012, 0.8902874387532477, 0.9489155625777412, 0.9752162083727727, 0.9830887924691157, 1.0161419608895337, 1.0507980501007799]}, "closest": {"euler": [2.0011416358547356, 1.9855850184937098, 2.0028086459789756, 2.0540086060471454, 2.129131524022895, 2.110875760265641, 2.091214413166251, 2.0691140605853113, 2.044854409359922, 2.0210678351963667]}, "mean-5": {"euler": [1.8922037903041347, 1.8876960650106058, 1.9123403460366615, 1.967761503137634, 2.0455681825900376, 2.0267771929994165, 2.00746499887991, 1.9851739664507564, 1.9618363964723846, 1.9388756517528734]}}, "sitting": {"closest_partial": {"euler": [2.8190060072579866, 2.8761221311283403, 2.935337901368081, 2.9755603311499987, 2.999401534116342, 3.058966689275697, 3.086236242672996, 3.1049792766904893, 3.1066360980952457, 3.1125112924675973]}, "add": {"euler": [0.45123931103237036, 0.5331446655171657, 0.6312345028406068, 0.7049061351028797, 0.8052721270789382, 0.8695128608386429, 0.9497073331694834, 1.0394781353379297, 1.1443003885305896, 1.1898852925823546]}, "fn": {"euler": [0.49562106582170584, 0.626260923187743, 0.754441504117628, 0.8575514717143351, 0.9558942791656556, 1.092838504191061, 1.165487291799283, 1.238896809483499, 1.357465173505787, 1.4021557995855292]}, "closest": {"euler": [2.813090585975769, 2.8265004227457746, 2.846720907189609, 2.8712094337242062, 2.887589178586157, 2.9114419850761317, 2.9326648714398944, 2.949452532427337, 2.9519637491417203, 2.9587607008018617]}, "mean-5": {"euler": [2.82928361261546, 2.8444821958370996, 2.8628961403877278, 2.883694623894062, 2.8974401142961748, 2.9176053965383564, 2.939752219905811, 2.9567596339633, 2.9600640573799932, 2.9665720833083142]}},