{"purchases": {"closest_partial": {"euler": [1.882101118922988, 1.930397334105188, 1.9620146221609691, 1.9397373172613133, 1.9479507090874844, 2.1755709319320937, 2.3359049823724694, 2.457425773280647, 2.5260231885813873, 2.5298304650105026]}, "add": {"euler": [0.5903171282975653, 0.7507744251705002, 0.9310392532065784, 1.0145720761497583, 1.035981090561786, 1.15637447451693, 1.260328761783733, 1.3666500003312105, 1.4236666929223185, 1.4614703513964986]}, "fn": {"euler": [0.5663716002922804, 0.7909064099738027, 0.9314253830724571, 0.9735934656911059, 1.0041208066001486, 1.13915014918227, 1.2387006733981096, 1.3475243217138704, 1.4233111050723184, 1.441044910091007]}, "closest": {"euler": [2.029925908953536, 2.077226909409609, 2.12913517055214, 2.114146981104218, 2.089793025768455, 2.1470997818905158, 2.185128598808734, 2.23063825583024, 2.2617707900361745, 2.264763725846071]}, "mean-5": {"euler": [1.7844607254145983, 1.8239177437875824, 1.881629642143576, 1.8724419817728377, 1.8581116160142972, 1.9166333048595416, 1.9760887866066337, 2.038661867476977, 2.076522418268575, 2.0751187174727486]}}, "walking": {"closest_partial": {"euler": [1.5205362411969727, 1.5336063562390296, 1.5496501785904986, 1.5681639962005733, 1.5858290366625396, 1.6122907408649398, 1.6153390230250617, 1.6161594654913773, 1.6227437749602613, 1.6357806071115497]}, "add": {"euler": [0.592227021454616, 0.6252303371237826, 0.6906380445787524, 0.7679938636236109, 0.8323689833724393, 0.89970366526192, 0.960501434217653, 1.04238147436114, 1.1254539988236532, 1.203208094243905]}, "fn": {"euler": [0.32574822689032246, 0.36171696018683386, 0.4379965428494401, 0.5161191830547779, 0.5771553874684705, 0.6403514064977154, 0.6949837059233809, 0.7246059129008398, 0.7438974316617275, 0.7466587262000214]}, "closest": {"euler": [1.5449870842325164, 1.551086235928626, 1.5741692935329998, 1.6054593930160563, 1.6293196074040464, 1.6424944344015475, 1.6560590917041487, 1.665371817439615, 1.6720010011524962, 1.6761389620933325]}, "mean-5": {"euler": [1.4608024882082284, 1.4652084906616165, 1.487169173196882, 1.5186334399486414, 1.5400450363141331, 1.5414437657553286, 1.5421332977519904, 1.5420208459009268, 1.5472244399274153, 1.5517187890793374]}}, "takingphoto": {"closest_partial": {"euler": [1.7957924741906728, 1.8046828951314877, 1.8593830280119732, 1.9211904360971572, 1.9558550827591243, 2.0538215896565344, 2.104553920599696, 2.1463044774978486, 2.176576770441801, 2.1976759457001114]}, "add": {"euler": [0.4302930515614614, 0.44000756655219925, 0.5192396382534852, 0.6060734367242085, 0.6615136753845796, 0.6816608863491466, 0.7350762729208398, 0.8017431076165755, 0.8713310317393747, 0.936185205518554]}, "fn": {"euler": [0.2852157050751609, 0.34782021541125946, 0.4684628049183061, 0.575098973289369, 0.6349726142075856, 0.7179584461837709, 0.7874592694313026, 0.852910453974436, 0.9079221329503315, 0.9493837219613005]}, "closest": {"euler": [1.959533315633361, 1.9526088092934848, 1.9916209950823947, 2.0423087851765236, 2.073953580341165, 2.132758589489426, 2.162687930016265, 2.1912041918488843, 2.2164924788309635, 2.230252961669067]}, "mean-5": {"euler": [1.8817812959455273, 1.8976305006225027, 1.9488366521706502, 2.0044160790357415, 2.0347377640429483, 2.1005958323288727, 2.1276210619350646, 2.1528684256310697, 2.1782602875020403, 2.1924199107990354]}}, "eating": {"closest_partial": {"euler": [1.5605179902172428, 1.5756534945793599, 1.5854407997848208, 1.5927118118792714, 1.5918851807792143, 1.6143861353840132, 1.6333485504234981, 1.6542374912191686, 1.6793427821318838, 1.712031916345434]}, "add": {"euler": [0.38177592771799645, 0.4246069081725839, 0.4688851055639799, 0.5441193231423114, 0.6082700700717381, 0.6719825003108129, 0.7280345343328921, 0.7830637178663117, 0.8466404422267925, 0.9199755828595416]}, "fn": {"euler": [0.28674868394680486, 0.33224337987317376, 0.3900212309284629, 0.45284978312305646, 0.5029561366814117, 0.5836354146842605, 0.6297263221423934, 0.6809109142612925, 0.7431558537218038, 0.8219121282450025]}, "closest": {"euler": [1.6438613173645253, 1.6463560776320147, 1.6468309835290462, 1.6600370917966427, 1.6673778460801416, 1.6644049245662536, 1.662229467065587, 1.6687211315761257, 1.6902343054099667, 1.724283437673303]}, "mean-5": {"euler": [1.560663556612314, 1.5667992881124235, 1.5676728284780195, 1.5796271607447097, 1.5843443389556726, 1.5801816313001718, 1.581612142488124, 1.5898376154714522, 1.610683287974765, 1.6438601074209256]}}, "walkingdog": {"closest_partial": {"euler": [1.790568854809117, 1.7777473040072462, 1.8025619701163296, 1.8571924172656236, 1.8947990257249292, 1.9984630462529163, 2.0379824651210074, 2.0725773449771516, 2.120947438769895, 2.163242329700994]}, "add": {"euler": [0.7262805837727219, 0.801148071400933, 0.9343227472441952, 1.052748328205229, 1.1408236325214482, 1.284172853773384, 1.3913323139037308, 1.479899348304898, 1.5770907242656107, 1.6417215950682402]}, "fn": {"euler": [0.44196813817879993, 0.6089633879043613, 0.8046459689585498, 0.9537707569060928, 1.0368464365560843, 1.1567003812227488, 1.1929592105354896, 1.232153320904836, 1.3105681427240556, 1.379366160178225]}, "closest": {"euler": [1.8291893402168429, 1.7951072807985253, 1.8114065727241002, 1.8538236616359063, 1.915952597885184, 1.9870907909687543, 2.0289474562477148, 2.0599623215259038, 2.0951311891587405, 2.1236643994409667]}, "mean-5": {"euler": [1.7782524823609538, 1.7382605835546876, 1.7480539280056628, 1.7888196444943145, 1.849564094797316, 1.9205652065728553, 1.960552830806973, 1.9885854284035693, 2.0202138634345093, 2.042149149401643]}}, "discussion": {"closest_partial": {"euler": [1.9582566551477574, 1.947602360552027, 1.9692100519239806, 2.009919008578922, 2.064084438418926, 2.0762950421787636, 2.0816333686006847, 2.096528097253242, 2.0812414277556153, 2.047686555835872]}, "add": {"euler": [0.6376621800803874, 0.6288820261295953, 0.6910888097962785, 0.8107671593988202, 0.9591339415070999, 0.9772824920407303, 1.0144883376573268, 1.0476834319081558, 1.1160060372804623, 1.175633739084808]}, "fn": {"euler": [0.3272602582753177, 0.4077428999292953, 0.5474875414638987, 0.7252460763242595, 0.9056154816818345, 0.9798561640439923, 1.024316773163215, 1.051743031533824, 1.089533388287142, 1.1161248420235659]}, "closest": {"euler": [2.100745978000159, 2.0972364954320812, 2.1185914428551804, 2.1665688631021616, 2.240683157997222, 2.2727080376839823, 2.2604696855943804, 2.2413685208407337, 2.211994674660816, 2.1709528214691547]}, "mean-5": {"euler": [1.9788290224526595, 1.9726929261922468, 1.9915344653562286, 2.0382629839373054, 2.112639531245046, 2.1268950049537168, 2.1168603346240036, 2.0963910610449465, 2.064873339149896, 2.025610506590812]}}, "sitting": {"closest_partial": {"euler": [2.797067554582288, 2.8520445054738683, 2.9161832718016463, 2.9667663400741917, 2.999949391892479, 3.111362264841995, 3.1676090195322515, 3.2048816347425735, 3.2136451617617863, 3.22605758813794]}, "add": {"euler": [0.5631263607945984, 0.6263017798302855, 0.7094366131161437, 0.7730206920512352, 0.861726064868851, 0.8770902774541713, 0.9509420717650902, 1.0426027566755298, 1.1469838648591268, 1.1934856708487962]}, "fn": {"euler": [0.5006675955585851, 0.6005107015183149, 0.7200845443701568, 0.8238125492600056, 0.9287969405857058, 1.0637803125109762, 1.1519736828431126, 1.236549267147193, 1.3404449960311169, 1.3871213460628107]}, "closest": {"euler": [2.807442248290971, 2.8490625782108796, 2.8869934425776873, 2.9141791211543864, 2.937595236289679, 2.9958153317553284, 3.033836035252575, 3.059259783863154, 3.0671602301610568, 3.078827776570235]}, "mean-5": {"euler": [2.711925266120394, 2.756600455166051, 2.7981157587935535, 2.8263310754231545, 2.8500497549250943, 2.898369254342463, 2.9333541904091085, 2.9560202813384233, 2.960316634587761, 2.9676164621128662]}},