{"closest_partial": {"pose": [0.11472938057437622, 0.11546831368095788, 0.11629536485360964, 0.1171956097830751, 0.11813668545453351, 0.11911495097328056, 0.120118143548321, 0.12112948266935757, 0.1221282428509371, 0.12312983566511647], "z": 0.711382676921906, "euler": [2.386843487156517, 2.412233279002942, 2.4328741298369514, 2.472681647385952, 2.4876462618278503, 2.5102059553235567, 2.5390770206707702, 2.5841538120991747, 2.6058316627901217, 2.6322706888854075]}, "add": {"pose": [0.03363624409224415, 0.035495501954485455, 0.03767766284270034, 0.040088319214324895, 0.0426197313535275, 0.04518305262028374, 0.04776813834039892, 0.05034952626624399, 0.052878200140176065, 0.05533993019907497], "z": 0.333063388270542, "euler": [0.6772118252236281, 0.7681671225920642, 0.849062078503843, 0.9510018930277262, 1.061782205347985, 1.1359267493076162, 1.207878741794459, 1.297226422173097, 1.342972186582299, 1.3906546072329644]}, "closest": {"pose": [0.11798667739413253, 0.11855288352763027, 0.11921225864193545, 0.11994332960896728, 0.1207368798550322, 0.12159666069779121, 0.12251069549308805, 0.12347029018218283, 0.12443930027905502, 0.1254184191240171], "z": 0.7070324952682969, "euler": [2.3914971978345, 2.4090290359873148, 2.4178142440264754, 2.4479969208018737, 2.466355696542789, 2.481477708620112, 2.500293359828035, 2.541206618312865, 2.5563100465672686, 2.5772351156011326]}}