{"closest_partial": {"pose": [0.02598523692573365, 0.025644417075742672, 0.025193363711918857, 0.02471991432883661, 0.02432455902619329, 0.024102398492502956, 0.024103754771354752, 0.024349715515630307, 0.024855907327278236, 0.02561225794890901], "z": 3.6647097039816714e-08, "euler": [0.6861713320003311, 0.6535797239069564, 0.6220667776531055, 0.5632902856227296, 0.5587656121371481, 0.5810180774802197, 0.6122181096600744, 0.6358265047171046, 0.6728472238440178, 0.749327402601383]}, "add": {"pose": [0.028304342401698573, 0.029646322812079465, 0.031108793874010048, 0.03268130461328577, 0.03433353444195893, 0.03602636358602006, 0.03772990246541787, 0.03941142494975025, 0.04107411348377097, 0.042725229043730856], "z": 0.33144494301957067, "euler": [0.6077813227296703, 0.7329595168901126, 0.9092847956641268, 1.0205998700070145, 1.1520868093041583, 1.2266541381725609, 1.292256720384005, 1.3471147217933181, 1.4033715471668566, 1.4698444008088623]}, "closest": {"pose": [0.025861815865608415, 0.025840619715498638, 0.025794612289738193, 0.025796759822621716, 0.025888879966617796, 0.026117238045386026, 0.02652952664415749, 0.027125603678394644, 0.02792046120060078, 0.02890413629144645], "z": 0.08943729780610511, "euler": [0.639697906389768, 0.6838090131187151, 0.6955711264748217, 0.7040452617849325, 0.7289180137573432, 0.7634183346412989, 0.8015249370472679, 0.837741813097758, 0.9209564546137835, 0.998994551077157]}}