{"closest_partial": {"pose": [0.10473362883530855, 0.10546602750419425, 0.10614014226505547, 0.10683249421554913, 0.10752263790717688, 0.10818994968923919, 0.10879965126391815, 0.10939280118590389, 0.10994625142507697, 0.11046835448927789], "euler": [2.3442045978478645, 2.355302627284837, 2.3760212526798408, 2.3873329263389738, 2.4040614805871745, 2.4148288677734797, 2.4191544101734817, 2.4292578913575777, 2.4391023597727526, 2.4545225128916472]}, "add": {"pose": [0.031048823962706428, 0.03217295475911817, 0.03359981587945378, 0.03527490299596278, 0.03707428641008501, 0.03892836508145463, 0.04082821829030486, 0.04272767643936634, 0.04460765860690181, 0.04648196150963158], "euler": [0.5856867545378869, 0.6663571213051204, 0.7346751217358377, 0.8090218275118407, 0.891813071964523, 0.9709513942684797, 1.0513788349770328, 1.1437470805256396, 1.2110108076536716, 1.2800942375464452]}, "closest": {"pose": [0.10432317887328572, 0.10479223565762026, 0.10528133527338808, 0.10585161620643321, 0.10648446002088746, 0.107158912244411, 0.10781559116518412, 0.1084758812890379, 0.10909519751364709, 0.10966577258535933], "euler": [2.3725147168860206, 2.3743732502595405, 2.3869883138190207, 2.396858629300634, 2.4120460025594848, 2.4207110381701415, 2.423629781301857, 2.433186678327078, 2.442363369631616, 2.4602335348737574]}}