{"mean-30": {"pose": [0.1052110476855408, 0.10583404478790676, 0.10650330704887835, 0.10717846726022551, 0.10781375540999205, 0.10847054168889178, 0.10915226604161012, 0.10983742662020532, 0.11054239226133385, 0.11127592950290711], "z": 0.646604838734774, "euler": [2.174213537960107, 2.1726662136989803, 2.1949692380612644, 2.235442208035298, 2.2464276223654323, 2.264577931937904, 2.2629066115372924, 2.2769781361823465, 2.280890632095172, 2.291704069160732]}, "add": {"pose": [0.033372710720775196, 0.03490780378949851, 0.03661649760283152, 0.03848875393529171, 0.040406270719413426, 0.04237153245695537, 0.04436426058870262, 0.046346659865937945, 0.048348680716643735, 0.05034242610813569], "z": 0.31720468252412837, "euler": [0.6128121208016696, 0.6829895988886815, 0.8095869210349085, 0.9249120372885018, 0.9955670954478764, 1.0726483588440319, 1.1422420964512765, 1.230359085132484, 1.2799931171294576, 1.3398553390106118]}, "mean-15": {"pose": [0.10916620513463933, 0.10977970959977953, 0.11045286203655959, 0.11118235877524522, 0.11185733282230537, 0.11254346083689937, 0.11325241227463156, 0.11396548781902185, 0.11469175627926635, 0.11544177741973315], "z": 0.6634862293925226, "euler": [2.2161271797087645, 2.2160467090950933, 2.239627020098583, 2.2817908775150872, 2.2927738289814807, 2.3114989819107117, 2.309759772320423, 2.3228091420997643, 2.3273349073170304, 2.338203686564864]}, "mean-45": {"pose": [0.10271864003520897, 0.10334650650033328, 0.10401652052452723, 0.10468471340656192, 0.10530751993182871, 0.10594518116835053, 0.10660876808679946, 0.10727962999976524, 0.10797698485042231, 0.10870907890056562], "z": 0.6385026905071156, "euler": [2.154578333660455, 2.1526562409050833, 2.175729749535642, 2.2148170437431083, 2.2259090165134476, 2.2434100404563173, 2.241089722701232, 2.2546398932108187, 2.2588736870309853, 2.2702741774601045]}}