{"purchases": {"closest_partial": {"euler": [1.4183392011373117, 1.4320840322508113, 1.4479648902025295, 1.4557734601067116, 1.4588734597020248, 1.4762277122995824, 1.4919057720567843, 1.4988892874617519, 1.4953562315066624, 1.505367767265831]}, "add": {"euler": [0.1904700256412123, 0.24001227831535024, 0.3054541306606176, 0.38357668433334663, 0.4581378379502394, 0.525495263323434, 0.5741975526023739, 0.5994611352928368, 0.6094132214102703, 0.6299603422923861]}, "fn": {"euler": [0.22542495241626875, 0.2778404071697497, 0.33754467523547615, 0.40694899534203915, 0.4763193735968497, 0.5430584337334108, 0.5827635727840204, 0.6008009912795204, 0.6072223009715627, 0.6198706929365999]}, "closest": {"euler": [1.4466402861210756, 1.4646396275031028, 1.4810946571144743, 1.4864350335636343, 1.4862431509881415, 1.503375261444209, 1.524734197274837, 1.5344226176875886, 1.525915999622234, 1.531819688454273]}, "mean-5": {"euler": [1.4010738226592612, 1.410390485163502, 1.4204600935788076, 1.4191499730550878, 1.415565093504652, 1.431490968592278, 1.449397254469568, 1.4549119138019797, 1.4438347591951088, 1.4475838361316795]}}, "walking": {"closest_partial": {"euler": [1.2617580995202244, 1.2648369844733285, 1.2692325839322214, 1.2819943999424301, 1.2959499586880106, 1.3007078804987482, 1.3048970912312918, 1.313354564802209, 1.3130424203919042, 1.3067531778752117]}, "add": {"euler": [0.4076508012567882, 0.4768740836491582, 0.5556568533349484, 0.6293848944879303, 0.6812718173643915, 0.7087333334896371, 0.7497537057162443, 0.8186515494064328, 0.8834112744137694, 0.941422140809057]}, "fn": {"euler": [0.20256522593571524, 0.23359444498149048, 0.2782450283576503, 0.3273257345391282, 0.37787035047777584, 0.4042272207864739, 0.43767383456107983, 0.4888221799447601, 0.534630399010255, 0.5586773468688776]}, "closest": {"euler": [1.2686192831459193, 1.2693402224919352, 1.2731693345851498, 1.285932412591193, 1.2979376845928587, 1.2977110048966818, 1.2951640336699404, 1.2960298163352946, 1.2883027796935589, 1.2843293299188046]}, "mean-5": {"euler": [1.2114183159870713, 1.2092618986977732, 1.2099552945397836, 1.219814710720026, 1.2284396084056843, 1.2279821351608449, 1.2235375154893409, 1.2226539681315076, 1.2146466132022447, 1.2144214956772805]}}, "takingphoto": {"closest_partial": {"euler": [1.719386228046178, 1.7138348686365152, 1.706895752494147, 1.7023693398452298, 1.7049492984915697, 1.71375208360824, 1.7257412871951239, 1.737079507945952, 1.7547576341091222, 1.7748336645859906]}, "add": {"euler": [0.14699641490434973, 0.190185206948475, 0.24129535464636873, 0.3020717490516399, 0.35500145560632684, 0.41399490452827425, 0.47070550397122624, 0.526783839169576, 0.5816553097404505, 0.6402939562644687]}, "fn": {"euler": [0.17618020447267976, 0.22386904634032123, 0.27690083679474586, 0.33978616301050135, 0.39396358102471446, 0.4498956797938467, 0.5013002702480138, 0.5497883733499118, 0.5975220574338075, 0.6501053789212042]}, "closest": {"euler": [1.789139521797906, 1.7888909222763563, 1.795972575391635, 1.8030272700514736, 1.807198077329002, 1.8113555404314068, 1.8134903904737174, 1.8103873613018724, 1.8123985799531448, 1.8163060352552303]}, "mean-5": {"euler": [1.6272406311254355, 1.6265538969006197, 1.6295662586497315, 1.6343667350521411, 1.6408133146517092, 1.651628805426377, 1.6640480897205177, 1.6712615781164575, 1.6820575878594461, 1.6930191982536893]}}, "eating": {"closest_partial": {"euler": [1.4108802780587621, 1.4175062977364015, 1.4155915248996016, 1.4197397880419165, 1.4171108982464282, 1.4135411477456419, 1.4107144363374786, 1.4107808756372973, 1.4137064700041981, 1.4205681608718395]}, "add": {"euler": [0.2437507752597163, 0.3154365509622226, 0.3747480287159157, 0.4523703762883383, 0.5102497264679156, 0.5426193394926495, 0.5655886593050433, 0.5796178872128782, 0.5959431226769288, 0.6161958891519385]}, "fn": {"euler": [0.1749019908599601, 0.23106638381598069, 0.26896618269580513, 0.3215198665014181, 0.3477701485893979, 0.36090124931878753, 0.37643727672816757, 0.38150350710874725, 0.3976620398484492, 0.424192587616806]}, "closest": {"euler": [1.406568146223103, 1.4269538851084016, 1.432863962989439, 1.4385525176463088, 1.4304706059058976, 1.4170291834652333, 1.408308306617198, 1.408428347476857, 1.417711808832094, 1.437251505545051]}, "mean-5": {"euler": [1.3780289459086117, 1.392397543691782, 1.3950583943153245, 1.4034312168232543, 1.3981300608733855, 1.3839076012592082, 1.373580376328879, 1.3679326604645785, 1.3734798052970538, 1.3891172492946524]}}, "sitting": {"closest_partial": {"euler": [2.0632329169893984, 2.1009891668752343, 2.119542966619035, 2.1204777325922746, 2.136268158267137, 2.1579559099845844, 2.183651200823385, 2.199100416292818, 2.21193886985898, 2.221436907336283]}, "add": {"euler": [0.27243258406047577, 0.3503563262847026, 0.4127413816839599, 0.4559746435948891, 0.5186631272208939, 0.5791005614550502, 0.6414451954005818, 0.695238825949001, 0.7457962904137184, 0.7902990926762866]}, "fn": {"euler": [0.3009240360089235, 0.3606897059465181, 0.4272638362558291, 0.5010448375627753, 0.5684722139575902, 0.6333773672128549, 0.6996714097512492, 0.7545244537007936, 0.8018055526190244, 0.8457067578773552]}, "closest": {"euler": [2.0980558554824285, 2.1333337038471245, 2.1497798531303496, 2.1464537878455303, 2.1567379729523055, 2.169224019384872, 2.187498212613971, 2.1985263447230823, 2.208298100898766, 2.216000254389945]}, "mean-5": {"euler": [2.09942388648943, 2.134690474089392, 2.151070726222271, 2.1473943416555175, 2.1573995100587102, 2.1696282978338255, 2.1876249875507012, 2.198493858340256, 2.2081422147970393, 2.215720166487054]}}, "discussion": {"closest_partial": {"euler": [1.488910805998663, 1.477973572287158, 1.4694039803726477, 1.4663275144553625, 1.4654582658373378, 1.467049101908776, 1.4742239892111024, 1.4773389685100653, 1.47954796404836, 1.4799520905645893]}, "add": {"euler": [0.16415635662948125, 0.21650525672665144, 0.2883756483953567, 0.36650017246499295, 0.44639407962929756, 0.5161779583187658, 0.5675814710711877, 0.6037258321316222, 0.6350846376930387, 0.6728412663433853]}, "fn": {"euler": [0.18099543512586336, 0.23732217390399868, 0.3047994406874876, 0.37681857083202946, 0.44911772376945347, 0.5105822275502468, 0.5566553529802509, 0.5853540742033528, 0.6074238727935736, 0.6338349682079729]}, "closest": {"euler": [1.5044097575483564, 1.4912697783567948, 1.4798142548188076, 1.4742325015312436, 1.4711858879426436, 1.4697351329911927, 1.4734473654981826, 1.4735619588667666, 1.4743496199932893, 1.4763447511262329]}, "mean-5": {"euler": [1.4880435293116892, 1.4749031183439572, 1.46316506515829, 1.4571734204432056, 1.4538833181836348, 1.4524651188711548, 1.4562125976482787, 1.456454172587311, 1.4583714377226458, 1.4619050567678984]}}, "walkingdog": {"closest_partial": {"euler": [1.5694230498413255, 1.5350274773241115, 1.544604068606996, 1.5757571039053089, 1.617304907183716, 1.6534901240325675, 1.6535743343719496, 1.6439901173210811, 1.6487679881667394, 1.6587219308835075]}, "add": {"euler": [0.4012162653874595, 0.5740950284210644, 0.7526286102916453, 0.8482948826122232, 0.912025255807751, 0.9984512824252509, 1.0722695005059195, 1.1192723708125256, 1.166241592686793, 1.190121577615382]}, "fn": {"euler": [0.27352886889242856, 0.4547934227065964, 0.6352963229586075, 0.7193305805179842, 0.7624439290460038, 0.8118786831469905, 0.8455779672410269, 0.8653362465029345, 0.910157822897627, 0.945002085124923]}, "closest": {"euler": [1.5648594076799016, 1.5468629388863118, 1.5615126529063894, 1.5938940860485584, 1.6500378041039843, 1.6949565496063626, 1.6998158393886817, 1.685732998212612, 1.675697354234327, 1.668681937124148]}, "mean-5": {"euler": [1.504227766964419, 1.473570396130844, 1.4760703285319574, 1.5024832968259194, 1.5563632713612878, 1.5976638065447673, 1.6006871948049008, 1.585201804128708, 1.5737782186496734, 1.5685331379781544]}},