{"purchases": {"closest_partial": {"euler": [2.0586451205200156, 2.079366936389929, 2.1327514118705717, 2.1537941118184385, 2.189284068848294, 2.2292527415544003, 2.2517187986504745, 2.2808052843565156, 2.304081295428849, 2.2926987801447765]}, "add": {"euler": [0.4056739423085704, 0.6813653631090064, 0.8586648532391579, 0.9477470146274889, 0.9874683465314504, 1.0668348691561689, 1.166897640062797, 1.2684006957877405, 1.3229697851963247, 1.353689442881001]}, "fn": {"euler": [0.3603405792637815, 0.6074510797853605, 0.7535189691907039, 0.8126166128920127, 0.8770918437569134, 0.9805110301591942, 1.0772485054397485, 1.1742762754902722, 1.2385460811871702, 1.2565559603538237]}, "closest": {"euler": [2.106221834665409, 2.0907531757581075, 2.1175171347757136, 2.1394813967894546, 2.1942589581281897, 2.251799308333828, 2.2990171325739173, 2.3443232485833407, 2.3728067839233495, 2.3593365040060283]}, "mean-5": {"euler": [2.0937183873277063, 2.0741947229017526, 2.09757554456085, 2.1163406563380764, 2.1715147619479827, 2.227403934356297, 2.267864879925453, 2.3086348854169105, 2.3330369158794464, 2.316652688710417]}}, "walking": {"closest_partial": {"euler": [1.5479821011589756, 1.5542856513362777, 1.5601717047971255, 1.567129094051632, 1.5706397282901965, 1.5710181268834775, 1.5704364882971529, 1.5657761527428435, 1.5651661489354949, 1.5532747871954897]}, "add": {"euler": [0.28695480547672625, 0.39275584551420273, 0.5204625920998356, 0.6425380565441031, 0.7474526248526634, 0.826613425865206, 0.9074776035962583, 0.9980970715014756, 1.0781160599236577, 1.1498975259628264]}, "fn": {"euler": [0.179722069194527, 0.25393222233144214, 0.33587210631211095, 0.4148756901647275, 0.4949729338940462, 0.5558271783967599, 0.6135381219621285, 0.6621485200195617, 0.7071536020237313, 0.7363746856223579]}, "closest": {"euler": [1.5915175912370547, 1.5902395187970686, 1.5930139200324989, 1.6023369056922212, 1.6093370758003729, 1.6170150324292971, 1.6316168510468416, 1.6412258062741936, 1.6433645143218427, 1.638481555107992]}, "mean-5": {"euler": [1.4787430500768646, 1.4753237649258775, 1.4732356329583078, 1.4755275343646879, 1.480171570447921, 1.4879173060481077, 1.4950428046252648, 1.5017072575530086, 1.5014218013696854, 1.4961099252126513]}}, "takingphoto": {"closest_partial": {"euler": [2.3699407022525745, 2.390216075039902, 2.4385702954605692, 2.4969227022594374, 2.5419702418702044, 2.5973319573994718, 2.6630249788755287, 2.7273983913854036, 2.7930794266956354, 2.826934175023413]}, "add": {"euler": [0.16171828650446396, 0.228779370467637, 0.341851571402912, 0.4549258867071731, 0.5272678648263291, 0.6023634839027537, 0.6739562107180123, 0.7506444318195252, 0.8269885427547914, 0.8945740023039956]}, "fn": {"euler": [0.17856658234811518, 0.2713523142505683, 0.40088700500369506, 0.5334553508179599, 0.6232455579660128, 0.7161191863381217, 0.7937251227356082, 0.8745884761629703, 0.9496669866703927, 1.0039080580734883]}, "closest": {"euler": [2.4443171129170587, 2.4601905723584094, 2.4897054093038387, 2.5193729944705097, 2.5439315823337427, 2.57428382440601, 2.612182399553143, 2.646463480884138, 2.681119682747368, 2.7049770984254646]}, "mean-5": {"euler": [2.2810520639262046, 2.3000897570532293, 2.3382325671277315, 2.378568089385706, 2.410431880807648, 2.4483246965438195, 2.49081392089095, 2.5300021232997096, 2.5703081658910163, 2.595838023104233]}}, "eating": {"closest_partial": {"euler": [1.7926275657905748, 1.7918676934416113, 1.782213222482786, 1.7772168123465066, 1.7683211199212676, 1.7672124323674885, 1.770558295041607, 1.7812610384678342, 1.797003328123129, 1.8198298959138468]}, "add": {"euler": [0.20361768888723952, 0.2798885739000354, 0.3601240973746682, 0.4698843885060035, 0.558811517927191, 0.6276153827546234, 0.6932113880958107, 0.7500560563105262, 0.8124771768745552, 0.8832029738678636]}, "fn": {"euler": [0.1562894792926451, 0.22756754589500885, 0.2922401512326582, 0.38172491080149706, 0.4526425675215716, 0.511577522416655, 0.5792707970482014, 0.6387544467463329, 0.7046843944254144, 0.7798740074645504]}, "closest": {"euler": [1.8596522045460278, 1.8595869530541198, 1.8482583313880485, 1.8424101387557947, 1.827181369026634, 1.8103037480753557, 1.794164468414553, 1.7889473972318766, 1.7973220520182593, 1.8201376385146157]}, "mean-5": {"euler": [1.7456228800150053, 1.7472539801149394, 1.7349272131153084, 1.7281241356452965, 1.7149997846950273, 1.7013049649468752, 1.6926962299216994, 1.6932750068290774, 1.7038288662404022, 1.7290377131627015]}}, "sitting": {"closest_partial": {"euler": [2.94416698967443, 2.962839931939378, 2.967577706489215, 2.964826172997334, 2.9728681421521848, 2.9934921051946453, 3.015323461521279, 3.0344213821342207, 3.0447888403547783, 3.066893095323918]}, "add": {"euler": [0.2986625738726309, 0.42197343759751915, 0.5271062025011738, 0.609926033137554, 0.7260096246813716, 0.82767259375336, 0.9219061254723084, 1.0319512575555256, 1.161235088685609, 1.2144441583954668]}, "fn": {"euler": [0.31124994041249254, 0.45361004783582554, 0.5872444408818165, 0.6952248016889312, 0.8299254361748698, 0.9415602929393571, 1.0407714213244257, 1.1381588403177472, 1.288332586708415, 1.342159832734408]}, "closest": {"euler": [3.00098000618103, 3.0108309881273505, 3.0070288570473926, 2.994706766054504, 2.991148750730893, 3.001343454532797, 3.014976840716694, 3.0257908211932945, 3.0269444856224577, 3.0465007823369996]}, "mean-5": {"euler": [2.9858362994857974, 2.994067333789254, 2.9920210414670128, 2.9850429769466147, 2.9855393616845, 2.999255620391144, 3.015510170958557, 3.030349028904248, 3.035059921757586, 3.0558340483146917]}}, "discussion": {"closest_partial": {"euler": [2.140415413905684, 2.138307702290559, 2.161841632665345, 2.2203640945862553, 2.30066115840406, 2.2794432229765746, 2.2718740190882283, 2.2768816347242744, 2.287799147961658, 2.261933400521947]}, "add": {"euler": [0.23669672705300468, 0.3174561771318487, 0.4794424074326765, 0.6706250120091991, 0.8656012722220614, 0.9174473953586981, 0.956224775201526, 0.9830526706229724, 1.034444855152218, 1.0893946750018157]}, "fn": {"euler": [0.21686235976728482, 0.3236485045001491, 0.4944559806704881, 0.7005638067723481, 0.9103802959069295, 0.9649046121924554, 1.0079507095117126, 1.0318667952433853, 1.0588903610374822, 1.0715065143861502]}, "closest": {"euler": [2.229048994699416, 2.2040891505966824, 2.2056019852872697, 2.245626917320231, 2.313601166616311, 2.2846063273259585, 2.264200959610299, 2.252845010570546, 2.248774943677613, 2.228350027231448]}, "mean-5": {"euler": [2.2260412733956523, 2.2009833086245636, 2.2013987737069467, 2.2395085859120387, 2.304451772293098, 2.2722739720710496, 2.2495611398778763, 2.235127186638221, 2.230015952237866, 2.2101889095899847]}}, "walkingdog": {"closest_partial": {"euler": [1.936592826783527, 1.9246021538537006, 1.942561467536531, 1.9912792762071327, 2.0517628374703127, 2.1092748773343044, 2.1391562904985153, 2.152389921406804, 2.1670073458659282, 2.149597028656687]}, "add": {"euler": [0.3920549997018963, 0.638301886646615, 0.8694657248352677, 1.038208447487627, 1.1545920996087529, 1.268355975453363, 1.3661964065206336, 1.4511025127153505, 1.5498801127550537, 1.62456853931658]}, "fn": {"euler": [0.3074593323865189, 0.5501571458337379, 0.7855090650093162, 0.9604005830170526, 1.0625622059429876, 1.1454140524250518, 1.205568818645331, 1.2490669019639355, 1.3237714114361068, 1.3920378121014814]}, "closest": {"euler": [1.8902206428240633, 1.8485490199939831, 1.853249205566053, 1.8969632266044534, 1.9667136494214137, 2.0112096346480146, 2.033148015223564, 2.027729872315573, 2.0212284946370964, 2.015862957716357]}, "mean-5": {"euler": [1.8958359956706525, 1.8632708712309587, 1.872036412967947, 1.9139823518033914, 1.979410511183851, 2.0224801986140513, 2.045214190455876, 2.0399011144183223, 2.0313087747883327, 2.0248866021798837]}},