{"e_score_std": [[0.3043361008167267, 0.25852251052856445, 0.24285799264907837, 0.18675172328948975, 0.17346349358558655, 0.13232137262821198, 0.13092319667339325, 0.12445409595966339, 0.12445409595966339, 0.12445409595966339], [0.3636624813079834, 0.3368416726589203, 0.3354194462299347, 0.2797999680042267, 0.275497704744339, 0.2733787000179291, 0.27427908778190613, 0.2552624046802521, 0.2552624046802521, 0.2552624046802521]], "x": [0, 1, 2, 3, 4, 5, 6, 7, 8, 9], "score": [[1.2446032997515584, 1.1723309630949745, 1.1510965035608898, 1.1101129343921061, 1.0997144309173503, 1.0727841686525694, 1.0715875272377509, 1.0649188321759302, 1.0649188321759302, 1.0649188321759302], [0.6596779962880873, 0.5089124188198001, 0.4708802045917062, 0.3682761514600736, 0.3411834276464418, 0.2687543724149556, 0.2617977071950095, 0.2424784332789452, 0.2424784332789452, 0.2424784332789452]], "score_std": [[0.1137076266177867, 0.08003897806460834, 0.0737082403585549, 0.06932995677564739, 0.06819572945697917, 0.07307003389137418, 0.07342559161941635, 0.07704209161597043, 0.07704209161597043, 0.07704209161597043], [0.2687652304868097, 0.19387804468357445, 0.1886054835689172, 0.14458126883057992, 0.14100083421611118, 0.1429418887014953, 0.14081470292921386, 0.12435328276801194, 0.12435328276801194, 0.12435328276801194]], "e_score": [[0.9355205297470093, 0.7501673698425293, 0.6740291118621826, 0.4944889545440674, 0.43206846714019775, 0.2764316499233246, 0.27217692136764526, 0.2032206654548645, 0.2032206654548645, 0.2032206654548645], [1.1772258281707764, 1.0126829147338867, 0.9552196264266968, 0.7674517631530762, 0.7096315622329712, 0.5225542187690735, 0.5078250169754028, 0.45977944135665894, 0.45977944135665894, 0.45977944135665894]]}