{"e_score_std": [[0.36612704396247864, 0.35755202174186707, 0.3338792622089386, 0.3035282790660858, 0.2807665169239044, 0.12110769003629684, 0.13780276477336884, 0.1287599802017212, 1.3165973200557346e-07], [0.3857254981994629, 0.37453025579452515, 0.3801090121269226, 0.3471507430076599, 0.3294140696525574, 0.22442087531089783, 0.2529623508453369, 0.20954392850399017, 1.9694950026405422e-07]], "x": [0, 1, 2, 3, 4, 5, 6, 7, 8], "score": [[0.26449249312009576, 0.24566330999281352, 0.24015245422182865, 0.2303083881276894, 0.22641074563795016, 0.21621044922338392, 0.21574341403112818, 0.2164974369680735, 0.21328470451281561], [0.13653899309576306, 0.10326134031645956, 0.08992763885885754, 0.06303268504014378, 0.054082053973272703, 0.02491860665366641, 0.024513889615035103, 0.02777127992290082, 0.01828327632352316]], "score_std": [[0.031981713773291114, 0.021723861845914894, 0.019973738973813555, 0.018088548637525036, 0.01773043149962157, 0.015112105266879321, 0.014836556263698448, 0.015255282496271673, 0.014827735818426916], [0.06873065590717058, 0.04482658935011517, 0.040274793752477875, 0.030860041591751115, 0.028486707584261906, 0.013549233114404431, 0.013736486465347019, 0.013991147353791531, 0.008117076089398172]], "e_score": [[1.0721156597137451, 0.9171682596206665, 0.8478589057922363, 0.6440348625183105, 0.5451178550720215, 0.18499261140823364, 0.1607748568058014, 0.30047374963760376, 2.6355207793926638e-08], [1.2445311546325684, 1.1092272996902466, 1.0482145547866821, 0.8458444476127625, 0.7519286274909973, 0.2968418598175049, 0.27145278453826904, 0.45510923862457275, 3.8727524298565186e-08]]}