{"e_score_std": [[0.373710572719574, 0.31660738587379456, 0.2674786448478699, 0.22452422976493835, 0.15886859595775604, 0.13137146830558777, 0.13276124000549316, 0.13519427180290222, 0.13519427180290222, 0.13519427180290222], [0.3992244005203247, 0.29586726427078247, 0.2870555818080902, 0.22262971103191376, 0.2260715812444687, 0.25217631459236145, 0.2473636269569397, 0.2912852168083191, 0.2912852168083191, 0.2912852168083191]], "x": [0, 1, 2, 3, 4, 5, 6, 7, 8, 9], "score": [[1.2018124422499563, 1.1352312115751646, 1.1097362190750673, 1.0755053925569746, 1.0605729915213065, 1.040948960659764, 1.0412260466251708, 1.034546932581048, 1.034546932581048, 1.034546932581048], [0.6394580199607885, 0.4858849617266069, 0.44362811699670957, 0.35046438913530226, 0.3165954780408583, 0.2722171551158176, 0.27016084868463197, 0.2590561446990265, 0.2590561446990265, 0.2590561446990265]], "score_std": [[0.11566216257421413, 0.09050211953796639, 0.08221634293275251, 0.08383444708632844, 0.07225715650627108, 0.07076445283943886, 0.07130913446844862, 0.07017337227489412, 0.07017337227489412, 0.07017337227489412], [0.2726239802385077, 0.1653257391903095, 0.15369795723052174, 0.11595380940258179, 0.11034170581416147, 0.1140465065668359, 0.11272166888638961, 0.12152001872258111, 0.12152001872258111, 0.12152001872258111]], "e_score": [[0.951892077922821, 0.739966869354248, 0.633280336856842, 0.4563629925251007, 0.37870553135871887, 0.24534404277801514, 0.24467477202415466, 0.19233503937721252, 0.19233503937721252, 0.19233503937721252], [1.1413030624389648, 0.9330642223358154, 0.8623019456863403, 0.6781104207038879, 0.6071309447288513, 0.49154114723205566, 0.48404112458229065, 0.45655933022499084, 0.45655933022499084, 0.45655933022499084]]}