{"e_score_std": [[0.0583738274872303, 0.0526617057621479, 0.051637355238199234, 0.044949986040592194, 0.04453722760081291, 0.0479559563100338, 0.0755043551325798, 0.0755043551325798, 0.0755043551325798], [0.07709460705518723, 0.08152181655168533, 0.08306878805160522, 0.08644136786460876, 0.08840509504079819, 0.09139645099639893, 0.11080498993396759, 0.11080498993396759, 0.11080498993396759]], "x": [0, 1, 2, 3, 4, 5, 6, 7, 8], "score": [[0.20442344579198035, 0.16128322524867778, 0.1477423935154016, 0.13327168025685304, 0.13013803682114072, 0.1274378770363166, 0.1291364708007907, 0.1291364708007907, 0.1291364708007907], [0.3286503656197592, 0.2527328717645383, 0.23436313865901887, 0.20692633594270174, 0.19883444547562287, 0.1927806165366351, 0.1969029033076591, 0.1969029033076591, 0.1969029033076591]], "score_std": [[0.04943400799613328, 0.040364658586463535, 0.03767792600481535, 0.02616977606247974, 0.02478935744337395, 0.024328968992286797, 0.029672979867962274, 0.029672979867962274, 0.029672979867962274], [0.0842258156114406, 0.07576400080030093, 0.07160102284690005, 0.06791069517643615, 0.06614762006362049, 0.0651889353777539, 0.07165109703986548, 0.07165109703986548, 0.07165109703986548]], "e_score": [[0.24851399660110474, 0.17232541739940643, 0.15088345110416412, 0.12455712258815765, 0.11657509207725525, 0.11019091308116913, 0.10665088891983032, 0.10665088891983032, 0.10665088891983032], [0.32571572065353394, 0.24951103329658508, 0.23101100325584412, 0.20040759444236755, 0.1876247525215149, 0.17711223661899567, 0.17710261046886444, 0.17710261046886444, 0.17710261046886444]]}