{"e_score_std": [[0.16015119850635529, 0.14992369711399078, 0.1675911694765091, 0.1489832103252411, 0.13027147948741913, 0.10118348896503448, 0.09896779805421829, 0.08301076292991638, 0.08301076292991638, 0.08301076292991638], [0.18080729246139526, 0.17493443191051483, 0.1830139309167862, 0.16468706727027893, 0.16688209772109985, 0.15073849260807037, 0.1524919867515564, 0.16287720203399658, 0.16287720203399658, 0.16287720203399658]], "x": [0, 1, 2, 3, 4, 5, 6, 7, 8, 9], "score": [[1.5236179445078006, 1.1445135093241594, 0.5535926892904434, 0.258794657990584, 0.23563039034052116, 0.1778418776480873, 0.18404919758531638, 0.13828112411384796, 0.13828112411384796, 0.13828112411384796], [1.1871599897909755, 0.8894341876928823, 0.7265751972064542, 0.42238007761691954, 0.37225817613665657, 0.2591930807993717, 0.2570317980746622, 0.2005101813342648, 0.2005101813342648, 0.2005101813342648]], "score_std": [[1.3249890364126347, 1.1565606580066508, 0.7591104983618673, 0.12524523927339912, 0.18938551360631403, 0.1467923767487379, 0.21966734749846045, 0.0399351922693875, 0.0399351922693875, 0.0399351922693875], [0.882563589413941, 0.7148557733329792, 0.6685934591687208, 0.18155397533305537, 0.1764039305681699, 0.13617718687979632, 0.13225378948887262, 0.10770112680534277, 0.10770112680534277, 0.10770112680534277]], "e_score": [[0.6918280720710754, 0.49732300639152527, 0.430472731590271, 0.313696026802063, 0.26300546526908875, 0.1692538857460022, 0.1646484136581421, 0.10387615859508514, 0.10387615859508514, 0.10387615859508514], [0.7782837748527527, 0.5960988998413086, 0.5343611240386963, 0.4255598187446594, 0.3831922113895416, 0.2739332616329193, 0.27397072315216064, 0.18703915178775787, 0.18703915178775787, 0.18703915178775787]]}