{"e_score_std": [[0.17162492871284485, 0.15399478375911713, 0.15347744524478912, 0.13081997632980347, 0.10134919732809067, 0.060893673449754715, 0.0861283391714096, 0.10523723065853119, 3.831948802712759e-08], [0.12008524686098099, 0.10049222409725189, 0.09075506776571274, 0.07305372506380081, 0.06362581998109818, 0.05635274946689606, 0.05692487582564354, 0.05417129769921303, 6.251092798947866e-08]], "x": [0, 1, 2, 3, 4, 5, 6, 7, 8], "score": [[0.382225954057031, 0.3852505610722526, 0.3865373712335047, 0.388392856227994, 0.38966509342172295, 0.393223876897451, 0.3934599900803161, 0.39524991095259354, 0.3947347741339498], [0.36038810785310704, 0.35968176674504426, 0.35944682633970004, 0.3611827267915054, 0.3621682277364433, 0.3627083540226483, 0.3628048248243315, 0.36270779903774314, 0.3633350306200066]], "score_std": [[0.00674537627308741, 0.011099801830486736, 0.013137593636238282, 0.019349712023112153, 0.021259530095884088, 0.02624128278824451, 0.026210992955936475, 0.029482698543676064, 0.029372342613709256], [0.008343610542250442, 0.013978909696003598, 0.016580833479650427, 0.02370902557036823, 0.025811385120553393, 0.027020200374917452, 0.027093148551220143, 0.02711553601315732, 0.027200553399259746]], "e_score": [[0.4740946292877197, 0.37304171919822693, 0.34556975960731506, 0.2622767388820648, 0.2217683345079422, 0.08148565888404846, 0.07345323264598846, 0.2902953028678894, 7.483609287817217e-09], [0.3521180748939514, 0.2674071788787842, 0.23713207244873047, 0.17141605913639069, 0.1445826292037964, 0.04268063232302666, 0.03583590313792229, 0.10855285823345184, 1.2564425055927586e-08]]}