{"e_score_std": [[0.18169750273227692, 0.17233361303806305, 0.1764499396085739, 0.15024247765541077, 0.12770357728004456, 0.08085402101278305, 0.09825219213962555, 0.08920279145240784, 1.2569552154673147e-07], [0.23125536739826202, 0.24385544657707214, 0.24024677276611328, 0.23218175768852234, 0.22634366154670715, 0.20799840986728668, 0.21862776577472687, 0.16173282265663147, 1.598933039304029e-07]], "x": [0, 1, 2, 3, 4, 5, 6, 7, 8], "score": [[0.28301520644360784, 0.2714359218040843, 0.2696831686466658, 0.2646679705769872, 0.26207122977079295, 0.2572425635978222, 0.25743606200829483, 0.2564668495962081, 0.25809104536859373], [0.12237580768958266, 0.09091324561200295, 0.08452425083824906, 0.0656943948906342, 0.05808243680884312, 0.03138914496856808, 0.03189922443513802, 0.03658763525409474, 0.01633435694816563]], "score_std": [[0.016844261855802782, 0.014285925468647622, 0.01560496902939293, 0.01739525105124164, 0.016837834653677, 0.017030096636687815, 0.01739405363731677, 0.01652514044181016, 0.018468430379193258], [0.05362341005306648, 0.034975150087946126, 0.03332624327296246, 0.029927575482198945, 0.02825219820429734, 0.02128185631231109, 0.022057518587034555, 0.018753668116544515, 0.007072431784689266]], "e_score": [[0.7170045971870422, 0.5770232677459717, 0.5258710384368896, 0.39554089307785034, 0.3311663568019867, 0.13763970136642456, 0.1516815423965454, 0.3020901381969452, 2.4833434864035553e-08], [0.8992214798927307, 0.7802581191062927, 0.7371793389320374, 0.6051521301269531, 0.5517737865447998, 0.2999976575374603, 0.3131657540798187, 0.4344647228717804, 3.159426498200446e-08]]}