{"e_score_std": [[0.15628138184547424, 0.11028791218996048, 0.10363871604204178, 0.09250038117170334, 0.08675974607467651, 0.10311803221702576, 0.1442553848028183, 0.13468198478221893, 8.641428905775683e-08], [0.1664004921913147, 0.15974053740501404, 0.15244638919830322, 0.1566358357667923, 0.15635882318019867, 0.1532403826713562, 0.20002713799476624, 0.15365855395793915, 1.2444321839666372e-07]], "x": [0, 1, 2, 3, 4, 5, 6, 7, 8], "score": [[0.28550798897432655, 0.27543583649921305, 0.27261972929510475, 0.2686043259694817, 0.26706390597517254, 0.25984887606187546, 0.26048893106562643, 0.26055370606124606, 0.2551692641568792], [0.12504068277443664, 0.10030160562197216, 0.08918810692956125, 0.0702675845186318, 0.06276786703216017, 0.02482215684830632, 0.023824178385593028, 0.029650312668170885, 0.01580308257463117]], "score_std": [[0.023397763914193265, 0.016732855377033066, 0.016834957158933243, 0.01788347228032376, 0.017934362987693415, 0.02051187246619622, 0.021112540584056472, 0.020034067287198653, 0.020249469862381027], [0.060239535964894377, 0.04311023046072115, 0.033269239656390684, 0.027054065414781288, 0.025545401813643388, 0.01675272488646162, 0.018799489400130178, 0.015922192622596587, 0.007534425598797955]], "e_score": [[0.46745994687080383, 0.3862672448158264, 0.3552819788455963, 0.28534844517707825, 0.25877636671066284, 0.1462598443031311, 0.16008049249649048, 0.25257205963134766, 1.7590068068784603e-08], [0.6071416735649109, 0.5522811412811279, 0.5270341634750366, 0.45933446288108826, 0.4241983890533447, 0.19755883514881134, 0.16321896016597748, 0.3339233100414276, 2.4661641617740315e-08]]}