{"e_score_std": [[0.24779632687568665, 0.2513992190361023, 0.24817021191120148, 0.2089577466249466, 0.19405494630336761, 0.07042498886585236, 0.07905866950750351, 0.09730052202939987, 9.59902237696042e-08, 0.07905866950750351], [0.2752007842063904, 0.2801963686943054, 0.28823399543762207, 0.26646703481674194, 0.25943300127983093, 0.15164095163345337, 0.18196333944797516, 0.17783737182617188, 1.2596666465469752e-07, 0.18196333944797516]], "x": [0, 1, 2, 3, 4, 5, 6, 7, 8, 9], "score": [[0.2629898814891353, 0.24568515511466094, 0.23922056679840378, 0.22759154380847638, 0.2238361935657935, 0.2135771743198417, 0.21266379600133475, 0.21488239289130623, 0.21183564090486734, 0.21266379600133475], [0.13422555109545747, 0.10145887386252678, 0.0892555712284955, 0.06360615040968784, 0.05563905576457581, 0.02544430760282598, 0.02435852426108653, 0.02999694408563678, 0.023046553013105826, 0.02435852426108653]], "score_std": [[0.03438955198095297, 0.023985556934190196, 0.02056358324590235, 0.016081017779245477, 0.01589087115392837, 0.015245282311017103, 0.01564765426690789, 0.01515660705955526, 0.0159008839143184, 0.01564765426690789], [0.07359475409419128, 0.05459259937876287, 0.04519995750926668, 0.02977368858443415, 0.028060582183946352, 0.011928691969766885, 0.011521036886653317, 0.01403936154662177, 0.010062905869134185, 0.011521036886653317]], "e_score": [[0.8497456312179565, 0.7252360582351685, 0.6641784906387329, 0.4998414218425751, 0.42504042387008667, 0.11416701972484589, 0.042160987854003906, 0.23867759108543396, 1.9347471180708453e-08, 0.042160987854003906], [0.9635156989097595, 0.8529878258705139, 0.8041353821754456, 0.6349436640739441, 0.5699015855789185, 0.16581963002681732, 0.08039668202400208, 0.36469191312789917, 2.5394372826781364e-08, 0.08039668202400208]]}