{"e_score_std": [[0.35940128564834595, 0.33826616406440735, 0.318982869386673, 0.26406025886535645, 0.2332777976989746, 0.07971417903900146, 0.12971386313438416, 0.1189897358417511, 1.3608421056687803e-07], [0.39337626099586487, 0.38878703117370605, 0.366451621055603, 0.3235839009284973, 0.3112267255783081, 0.18946951627731323, 0.26178792119026184, 0.19815868139266968, 1.922020800293467e-07]], "x": [0, 1, 2, 3, 4, 5, 6, 7, 8], "score": [[0.2599510221374491, 0.24421781865139963, 0.2394937226371569, 0.2307234324128901, 0.22708355921965906, 0.21547781386262863, 0.21508390925810503, 0.2166353168645604, 0.21367433686644635], [0.1284606884726306, 0.10081864079417588, 0.08553896446804073, 0.06154802217486442, 0.054143642047930804, 0.02201988751673266, 0.021118301792195062, 0.027644487826569586, 0.01799859665654219]], "score_std": [[0.03462136949434496, 0.022583066100017764, 0.02011050893847237, 0.01808715335600826, 0.017022754207935257, 0.015762300654479307, 0.016099814209487258, 0.016061688266815956, 0.015620953028847924], [0.07390657700137608, 0.05289682035465583, 0.039445932777212346, 0.02858438633813163, 0.025925083379921384, 0.010817945299330842, 0.011028694891774339, 0.012775656948304195, 0.007350339553854869]], "e_score": [[1.0234498977661133, 0.8750228881835938, 0.8086043000221252, 0.6277661919593811, 0.5259281396865845, 0.13826973736286163, 0.074027419090271, 0.3040711283683777, 2.721635539160161e-08], [1.202088713645935, 1.0818297863006592, 1.0117127895355225, 0.8127927184104919, 0.7348226308822632, 0.22818244993686676, 0.13851042091846466, 0.45965898036956787, 3.860663966293032e-08]]}