{"e_score_std": [[0.23039104044437408, 0.2335769534111023, 0.21669381856918335, 0.19160552322864532, 0.17512722313404083, 0.06693905591964722, 0.08717155456542969, 0.09069038927555084, 1.0440570719083553e-07], [0.2678218185901642, 0.2762369215488434, 0.27195897698402405, 0.25985121726989746, 0.2359296679496765, 0.11809612065553665, 0.14658188819885254, 0.15223334729671478, 1.369390503214163e-07]], "x": [0, 1, 2, 3, 4, 5, 6, 7, 8], "score": [[0.2626159658100517, 0.24363570548625127, 0.2362904323629784, 0.22685643452648305, 0.22357616775747463, 0.21443605160217463, 0.21369970756103743, 0.21527710794484545, 0.21317109285973207], [0.13346552474465895, 0.10137043308598771, 0.08603464194865937, 0.06305579982225082, 0.05405368441681542, 0.025811512874157096, 0.025128269289582852, 0.030790851797452418, 0.023973309987805815]], "score_std": [[0.03597679838874053, 0.022385678768070117, 0.017579831779482635, 0.014616406715308354, 0.014789129552824673, 0.014749239662145804, 0.014796350735764933, 0.01501664840138825, 0.014883392821202181], [0.07600403899399477, 0.0554258532819531, 0.04026351533085497, 0.028541136096268113, 0.024323947485927946, 0.010654769584750503, 0.010866587130491939, 0.013059925301399303, 0.010238819448908924]], "e_score": [[0.8532695174217224, 0.7154401540756226, 0.6459230780601501, 0.49498897790908813, 0.4262540936470032, 0.11417081952095032, 0.05231330543756485, 0.2434396594762802, 2.1184444420896398e-08], [0.9665797352790833, 0.8482974171638489, 0.7938175201416016, 0.641746997833252, 0.565485954284668, 0.15759395062923431, 0.07088259607553482, 0.358865886926651, 2.7580654204939492e-08]]}