{"e_score_std": [[0.14376811683177948, 0.14567600190639496, 0.15116778016090393, 0.15189318358898163, 0.15189318358898163, 0.15189318358898163], [0.1608678102493286, 0.16557157039642334, 0.16968794167041779, 0.15729917585849762, 0.15729917585849762, 0.15729917585849762]], "x": [0, 1, 2, 3, 4, 5], "score": [[0.4948101087347531, 0.4872901530407055, 0.4749193840874387, 0.48713306444216414, 0.48713306444216414, 0.48713306444216414], [0.878427056650684, 0.8778941825248313, 0.8727335804243925, 0.9134320787668083, 0.9134320787668083, 0.9134320787668083]], "score_std": [[0.21906201436946307, 0.2198346302590582, 0.22213946468231585, 0.22358184763217298, 0.22358184763217298, 0.22358184763217298], [0.4171353014011783, 0.4171238579356017, 0.41465699655542365, 0.40555766970778334, 0.40555766970778334, 0.40555766970778334]], "e_score": [[0.4330453872680664, 0.4229852557182312, 0.4096876084804535, 0.43108269572257996, 0.43108269572257996, 0.43108269572257996], [0.5766087174415588, 0.5689336657524109, 0.5635089874267578, 0.6036292910575867, 0.6036292910575867, 0.6036292910575867]]}