{"e_score_std": [[0.33409222960472107, 0.3002296984195709, 0.2800072133541107, 0.2369956374168396, 0.2004532366991043, 0.11725331842899323, 0.154110386967659, 0.15314261615276337, 1.2651513259243075e-07], [0.4102502465248108, 0.40748676657676697, 0.42112892866134644, 0.40577471256256104, 0.38332682847976685, 0.2924264073371887, 0.35679423809051514, 0.25846102833747864, 1.8851947913844924e-07]], "x": [0, 1, 2, 3, 4, 5, 6, 7, 8], "score": [[0.30355184080537156, 0.2937385905219847, 0.2907628204578543, 0.2889935612995452, 0.28763253167181313, 0.28460676809610336, 0.2847452060923377, 0.28434782206421494, 0.2861118896735652], [0.1709118060276283, 0.14447639517527328, 0.13654392456171055, 0.12362860452686356, 0.11876767739566155, 0.10245261606880277, 0.101508771087074, 0.10958525844214494, 0.09270986729437437]], "score_std": [[0.021389638609863516, 0.01819073420268866, 0.0173436219300027, 0.01798027855323188, 0.018512428164797992, 0.01873068967007555, 0.018877997412408535, 0.01820309480582238, 0.019725490579448078], [0.05632886959539446, 0.03254787547563313, 0.028909640570723014, 0.022475879535310776, 0.022412344743041993, 0.019158744935021548, 0.01901525515785072, 0.017149138923479575, 0.010527462127284008]], "e_score": [[1.1237952709197998, 0.8934110403060913, 0.7783218622207642, 0.5928465127944946, 0.509437620639801, 0.20482125878334045, 0.1880606859922409, 0.497659295797348, 2.4932319320214447e-08], [1.4909336566925049, 1.291150689125061, 1.1922324895858765, 0.9841311573982239, 0.8859899640083313, 0.42248278856277466, 0.36960503458976746, 0.7669337391853333, 3.769220313643018e-08]]}