{"e_score_std": [[0.23096272349357605, 0.2331538200378418, 0.23488183319568634, 0.2080828845500946, 0.17569585144519806, 0.12530028820037842, 0.11968827992677689, 0.09432751685380936, 0.09432751685380936, 0.09432751685380936], [0.3656352162361145, 0.41569212079048157, 0.4092350900173187, 0.38649606704711914, 0.3639287054538727, 0.35277628898620605, 0.3497574031352997, 0.4866473972797394, 0.4866473972797394, 0.4866473972797394]], "x": [0, 1, 2, 3, 4, 5, 6, 7, 8, 9], "score": [[1.7811908712207467, 0.8049785745766472, 0.395866638056034, 0.2432116679740839, 0.21282189004760027, 0.16394613688197016, 0.16105960413111478, 0.14870260380752873, 0.14870260380752873, 0.14870260380752873], [1.876810131341332, 1.2040145489674956, 0.7328484480501787, 0.48299179122883323, 0.42226296784842887, 0.3345423331562108, 0.3245722008946648, 0.3206511824850034, 0.3206511824850034, 0.3206511824850034]], "score_std": [[0.510848218353501, 0.4976941257190951, 0.2516995094673262, 0.0824260545290529, 0.06662509441524958, 0.046724512981673516, 0.04551709686946261, 0.04008846765014902, 0.04008846765014902, 0.04008846765014902], [0.49276795146111724, 0.6921304128116821, 0.3903825849649449, 0.23055553084409325, 0.19666716441668622, 0.1644883102852682, 0.15516403786121577, 0.1903021177200799, 0.1903021177200799, 0.1903021177200799]], "e_score": [[1.1252174377441406, 0.7834706902503967, 0.6800551414489746, 0.498595654964447, 0.408026784658432, 0.22886542975902557, 0.21675166487693787, 0.11096200346946716, 0.11096200346946716, 0.11096200346946716], [1.588496208190918, 1.3232464790344238, 1.1982996463775635, 1.0107518434524536, 0.9159488677978516, 0.7777883410453796, 0.7626534104347229, 0.7485431432723999, 0.7485431432723999, 0.7485431432723999]]}