{"e_score_std": [[0.12474983930587769, 0.10505139082670212, 0.0974629744887352, 0.07472696900367737, 0.06027833744883537, 0.05093131959438324, 0.05079612135887146, 0.03809284418821335, 0.03809284418821335, 0.03809284418821335], [0.15171940624713898, 0.14544744789600372, 0.13843336701393127, 0.12233807146549225, 0.11706520617008209, 0.11112876981496811, 0.11182021349668503, 0.13998687267303467, 0.13998687267303467, 0.13998687267303467]], "x": [0, 1, 2, 3, 4, 5, 6, 7, 8, 9], "score": [[0.3485836772511993, 0.2572548622354945, 0.2254147179485917, 0.17937614055143286, 0.16578175796685898, 0.1366381310472101, 0.1363110932119752, 0.1202703496724679, 0.1202703496724679, 0.1202703496724679], [0.6673785275370631, 0.5264132903130043, 0.47491392147747263, 0.39035169404571485, 0.35063595833485695, 0.27525064851636566, 0.27566858484944495, 0.23689492501630155, 0.23689492501630155, 0.23689492501630155]], "score_std": [[0.16250708546775033, 0.09457499381576354, 0.07555428471735674, 0.053224618326794725, 0.04676196107708887, 0.038222019436873006, 0.03876301394618236, 0.03127209595691157, 0.03127209595691157, 0.03127209595691157], [0.3140495855773489, 0.21145683962466785, 0.18018363582500938, 0.1461506878463077, 0.14176328106745228, 0.11728373976194102, 0.12098223974776978, 0.12248975391187165, 0.12248975391187165, 0.12248975391187165]], "e_score": [[0.36148959398269653, 0.2891593277454376, 0.2564716339111328, 0.19350242614746094, 0.16778425872325897, 0.10909385979175568, 0.10664744675159454, 0.05665117874741554, 0.05665117874741554, 0.05665117874741554], [0.5026388168334961, 0.4437941312789917, 0.41766613721847534, 0.3580349385738373, 0.32683536410331726, 0.25301554799079895, 0.2520503103733063, 0.20067711174488068, 0.20067711174488068, 0.20067711174488068]]}