{"e_score_std": [[0.15381452441215515, 0.11133980751037598, 0.12517540156841278, 0.10817736387252808, 0.09925466030836105, 0.040441520512104034, 0.05113525688648224, 0.05113525688648224, 0.05113525688648224], [0.1811087280511856, 0.18094170093536377, 0.1731094866991043, 0.16915279626846313, 0.15809737145900726, 0.08827202767133713, 0.1115647554397583, 0.1115647554397583, 0.1115647554397583]], "x": [0, 1, 2, 3, 4, 5, 6, 7, 8], "score": [[1.3921485880300923, 0.8181843911727301, 0.3938764352992945, 0.22214952201302854, 0.19731035226175742, 0.11955990770482762, 0.11450002971446484, 0.11450002971446484, 0.11450002971446484], [1.1358490914996244, 0.9017309481670831, 0.6754667067026261, 0.3999816882015905, 0.33188471714446804, 0.15291682352658284, 0.14383997491455813, 0.14383997491455813, 0.14383997491455813]], "score_std": [[1.116764756203549, 0.9061974916662879, 0.4323817434876132, 0.07803210747829371, 0.07456446253641451, 0.028466589129725644, 0.028428679429082514, 0.028428679429082514, 0.028428679429082514], [0.8870396779425473, 0.74427339374377, 0.6237386099720033, 0.20913139900147512, 0.16987316873823535, 0.07499896086308015, 0.07649368701039375, 0.07649368701039375, 0.07649368701039375]], "e_score": [[0.6741436719894409, 0.4464808404445648, 0.3785240948200226, 0.2669275403022766, 0.22602328658103943, 0.05679771304130554, 0.019219545647501945, 0.019219545647501945, 0.019219545647501945], [0.7521411776542664, 0.5786421298980713, 0.505336582660675, 0.3911186158657074, 0.342110276222229, 0.09260419756174088, 0.03993486613035202, 0.03993486613035202, 0.03993486613035202]]}