{"e_score_std": [[0.16428832709789276, 0.13226556777954102, 0.12342264503240585, 0.08904130011796951, 0.0685947835445404, 0.053383998572826385, 0.07200483977794647, 0.0788981169462204, 9.389756172595298e-08], [0.20360375940799713, 0.18066979944705963, 0.19002887606620789, 0.18117675185203552, 0.180386483669281, 0.206166610121727, 0.24345266819000244, 0.1578490138053894, 1.438834260625299e-07]], "x": [0, 1, 2, 3, 4, 5, 6, 7, 8], "score": [[0.26224423789451334, 0.2490992389262428, 0.2454874255855464, 0.24062157281052027, 0.2399814553736539, 0.24042604518397698, 0.24105808364284148, 0.2412191446483174, 0.2412346007153575], [0.11218783730217419, 0.0751292788080454, 0.05929053028642297, 0.03391049135535869, 0.02753477733207168, 0.024323145424735362, 0.023079228302671385, 0.03475668568870453, 0.017382123252768535]], "score_std": [[0.01568456500395967, 0.010829407991639424, 0.010975476352836877, 0.012276301454138225, 0.012398643894733484, 0.012574724717832626, 0.012741549331432586, 0.013045840103545252, 0.012867972971708073], [0.045834479699208557, 0.02576552254155963, 0.022643714776743745, 0.01876549578068255, 0.015664224224032096, 0.015040942125039869, 0.015355088870176984, 0.016266970811587615, 0.005786732080959277]], "e_score": [[0.6179552674293518, 0.41020989418029785, 0.33818545937538147, 0.16735538840293884, 0.11429005861282349, 0.08247355371713638, 0.045246247202157974, 0.2904883325099945, 1.8877305052455995e-08], [0.8668978214263916, 0.6752830743789673, 0.591306209564209, 0.3676193654537201, 0.2872139811515808, 0.22663268446922302, 0.1714196652173996, 0.4368129372596741, 2.856212688584492e-08]]}