{"e_score_std": [[0.23757565021514893, 0.2492998093366623, 0.24455218017101288, 0.22486990690231323, 0.2136247456073761, 0.17977698147296906, 0.22022438049316406, 0.23950451612472534, 2.0924319699133775e-07], [0.3042151629924774, 0.333352267742157, 0.32865020632743835, 0.313056081533432, 0.27394190430641174, 0.14849582314491272, 0.18401479721069336, 0.20692481100559235, 2.900070796840737e-07]], "x": [0, 1, 2, 3, 4, 5, 6, 7, 8], "score": [[0.29133558889384764, 0.290573243842391, 0.2886183002473949, 0.28330399307280774, 0.2800094763585099, 0.27642525327112916, 0.2754394725727797, 0.27780710694173655, 0.27332647806879756], [0.1336702070627125, 0.11469555660994186, 0.10328822539635517, 0.07924340819047294, 0.06944681163402429, 0.035720281025572925, 0.035628951480690126, 0.04182818687630148, 0.03412396338122355]], "score_std": [[0.016734159014508063, 0.014943709650769537, 0.016038714973437326, 0.01753030407990252, 0.018616296603264526, 0.020405062624240064, 0.020051515985430805, 0.020124102237786306, 0.020160398162714917], [0.05473341039563697, 0.05341222570321332, 0.04707222928176894, 0.04103318578644349, 0.036655904863173244, 0.013528482600293755, 0.01350072098548479, 0.015549231860467479, 0.010806321519998994]], "e_score": [[1.0043381452560425, 0.875173032283783, 0.8175729513168335, 0.6389745473861694, 0.5521051287651062, 0.22012224793434143, 0.1262827217578888, 0.6829783916473389, 4.2214523432448914e-08], [1.2312121391296387, 1.1390420198440552, 1.0691226720809937, 0.8313440084457397, 0.7289354801177979, 0.15043926239013672, 0.06942026317119598, 0.4578481614589691, 5.879986986201402e-08]]}