{"e_score_std": [[0.29467955231666565, 0.2714397609233856, 0.2642611265182495, 0.21646326780319214, 0.20630735158920288, 0.06254547834396362, 0.09370489418506622, 0.10092660784721375, 1.1543295386218233e-07], [0.31752872467041016, 0.3146158754825592, 0.30987104773521423, 0.29527294635772705, 0.2752207815647125, 0.20098505914211273, 0.2236512005329132, 0.1998949497938156, 1.8483443398054078e-07]], "x": [0, 1, 2, 3, 4, 5, 6, 7, 8], "score": [[0.2593943338989647, 0.2419670354067408, 0.23695413564902976, 0.22695888208117168, 0.2234501521699314, 0.2131846682470775, 0.21241114567912894, 0.2147069450666262, 0.21152808861636824], [0.12153339688436597, 0.09460510963683742, 0.08312400565635146, 0.060204938723565, 0.05188101662920541, 0.021404371003091737, 0.020336454541849302, 0.02679713007459639, 0.017786890003056575]], "score_std": [[0.028140411346034823, 0.014891195727903732, 0.014321503782682814, 0.013017991771044705, 0.013406642639997128, 0.014572368166200483, 0.014826060998521838, 0.0150130435634155, 0.014426817730024785], [0.06046195290621785, 0.040977751564789756, 0.033691024304132164, 0.02503650583695203, 0.022956456005718353, 0.011643187828315131, 0.011695635518983248, 0.012148507761597307, 0.007003656912380991]], "e_score": [[1.002300500869751, 0.8518881797790527, 0.7933146953582764, 0.5992612242698669, 0.5195725560188293, 0.12545934319496155, 0.05284953489899635, 0.28744709491729736, 2.35127917136424e-08], [1.1574212312698364, 1.0335981845855713, 0.9737410545349121, 0.7813136577606201, 0.6929759979248047, 0.20303718745708466, 0.09766456484794617, 0.423012375831604, 3.75854654066643e-08]]}