{"e_score_std": [[0.1838219165802002, 0.17398282885551453, 0.1750945746898651, 0.13587716221809387, 0.13121818006038666, 0.07477128505706787, 0.08491624891757965, 0.08555696904659271, 9.122113908688334e-08, 0.08491624891757965], [0.24451757967472076, 0.2511861026287079, 0.2532193660736084, 0.2500514090061188, 0.24302315711975098, 0.200546994805336, 0.22371742129325867, 0.15977202355861664, 1.2433976337433705e-07, 0.22371742129325867]], "x": [0, 1, 2, 3, 4, 5, 6, 7, 8, 9], "score": [[0.285355888730898, 0.27323419119114833, 0.27053278860369895, 0.26490159227231874, 0.26286168885048206, 0.2580462496554146, 0.25829109375588505, 0.2579217271873618, 0.25918871775085284, 0.25829109375588505], [0.12809310458557496, 0.09484538333019621, 0.08602667874134101, 0.06603047597482742, 0.057338672423139635, 0.030585072750854175, 0.03147872970657467, 0.038420132106438715, 0.016456767606160886, 0.03147872970657467]], "score_std": [[0.020218330327591, 0.01531846607975761, 0.015123584539140334, 0.014682947062272694, 0.01442702399494112, 0.017467977200060124, 0.01777656058195838, 0.01817741657666798, 0.017434800628061773, 0.01777656058195838], [0.05649957049322337, 0.03807616166520076, 0.03607442851240479, 0.03188842200222844, 0.029127704615816034, 0.024204520211350652, 0.02552177111303632, 0.021679272387711158, 0.0073075640192148015, 0.02552177111303632]], "e_score": [[0.7121560573577881, 0.5715930461883545, 0.5157412886619568, 0.38857027888298035, 0.3406602442264557, 0.13630804419517517, 0.14173556864261627, 0.3034650981426239, 1.837304175467125e-08, 0.14173556864261627], [0.8984781503677368, 0.7712819576263428, 0.7249205112457275, 0.5908722877502441, 0.5380140542984009, 0.26709744334220886, 0.2785454988479614, 0.42099887132644653, 2.517248809397188e-08, 0.2785454988479614]]}