{"e_score_std": [[0.06152835860848427, 0.05716193467378616, 0.05306844413280487, 0.04276221618056297, 0.043485693633556366, 0.04646717756986618, 0.06798861920833588, 0.06798861920833588, 0.06798861920833588], [0.07901586592197418, 0.08235911279916763, 0.084479421377182, 0.07765372097492218, 0.0826302319765091, 0.08482177555561066, 0.10962431132793427, 0.10962431132793427, 0.10962431132793427]], "x": [0, 1, 2, 3, 4, 5, 6, 7, 8], "score": [[0.1949231952213202, 0.15509658038720328, 0.1428855011832003, 0.12777423905191532, 0.12644576184050652, 0.12365255549390464, 0.1293292344887815, 0.1293292344887815, 0.1293292344887815], [0.3283387378056906, 0.24661753602582817, 0.2234492832158418, 0.20065067980518933, 0.1996752161904842, 0.19940371150569602, 0.20934865858534427, 0.20934865858534427, 0.20934865858534427]], "score_std": [[0.04833072352594357, 0.04202530399940728, 0.03669361949377153, 0.02617271837571627, 0.024477598972509403, 0.02370435965263943, 0.028396493941971204, 0.028396493941971204, 0.028396493941971204], [0.07989437136304019, 0.0662097519127179, 0.06412008200110987, 0.05647600310944632, 0.05811055441228182, 0.058851712373280796, 0.07538636185040926, 0.07538636185040926, 0.07538636185040926]], "e_score": [[0.2386736273765564, 0.1667579710483551, 0.1478513479232788, 0.11929502338171005, 0.11510154604911804, 0.10700910538434982, 0.11709628254175186, 0.11709628254175186, 0.11709628254175186], [0.323199987411499, 0.2432188093662262, 0.22201435267925262, 0.1931498497724533, 0.18977026641368866, 0.18845483660697937, 0.19558170437812805, 0.19558170437812805, 0.19558170437812805]]}