{"e_score_std": [[0.27442702651023865, 0.27197521924972534, 0.2850540578365326, 0.2728045880794525, 0.23579417169094086, 0.14378170669078827, 0.17198379337787628, 0.11606704443693161, 1.5437125000516971e-07], [0.3089328408241272, 0.3217817544937134, 0.33304816484451294, 0.3292697072029114, 0.32096952199935913, 0.28356337547302246, 0.32712042331695557, 0.21593055129051208, 2.2151294842842617e-07]], "x": [0, 1, 2, 3, 4, 5, 6, 7, 8], "score": [[0.2544930740772196, 0.24441126364611032, 0.24233151455884536, 0.23407469955812843, 0.23021818617046005, 0.21694957024157893, 0.21745471960736587, 0.21531527406840106, 0.21214746661925882], [0.1207781379797133, 0.098363811168449, 0.09191662408637806, 0.07601967616453204, 0.06813086689921462, 0.03593641898389202, 0.03734109206702548, 0.027970874234845785, 0.018382825138897205]], "score_std": [[0.02134214485470026, 0.015714560349042613, 0.015812723988828138, 0.015076747080008541, 0.014574989824165758, 0.015512660363872326, 0.016083391872420572, 0.014605749885935156, 0.014463780900391522], [0.04961555972880588, 0.035179073445668535, 0.03551412582224733, 0.031144873738296285, 0.029570626575767717, 0.0212981736753717, 0.02356477888620182, 0.012712000076561189, 0.0073026199262745395]], "e_score": [[1.0236504077911377, 0.9205150604248047, 0.8756794929504395, 0.7118489742279053, 0.624758243560791, 0.23873662948608398, 0.2582247853279114, 0.29926615953445435, 3.0839043319019765e-08], [1.2010564804077148, 1.1121388673782349, 1.0639662742614746, 0.9204564094543457, 0.8379188776016235, 0.45566803216934204, 0.4851936101913452, 0.4539888799190521, 4.416927978923013e-08]]}