{"e_score_std": [[0.1283378005027771, 0.09633266925811768, 0.0907997116446495, 0.08655817806720734, 0.08185656368732452, 0.05236118659377098, 0.052684035152196884, 0.08686558902263641, 5.898561283856907e-08], [0.14518262445926666, 0.12259043008089066, 0.11971644312143326, 0.11912890523672104, 0.12168070673942566, 0.058449242264032364, 0.06749515980482101, 0.09527987241744995, 5.641636846576148e-08]], "x": [0, 1, 2, 3, 4, 5, 6, 7, 8], "score": [[0.28600585694835867, 0.2754705795792979, 0.27262784355601577, 0.2679424686219453, 0.26689521862268073, 0.2604991240448263, 0.25971481531870866, 0.259084941462194, 0.2589187166139006], [0.12815049051056682, 0.09181631667756529, 0.08298278590306453, 0.061187040593281096, 0.05390355126443867, 0.02022485268848414, 0.019025533832134168, 0.026188579294961857, 0.01804852725427111]], "score_std": [[0.020218814709260468, 0.01662257626111574, 0.01603664253344332, 0.018997389504300886, 0.02015912833356666, 0.022043456779485642, 0.022205385534960136, 0.02139187850371513, 0.02182121267145507], [0.05975651003780787, 0.03493316764665439, 0.030857404662127635, 0.024464332219865877, 0.025428919413287992, 0.012844872291624634, 0.01250925447734162, 0.01614203876198491, 0.011262330590568002]], "e_score": [[0.40375015139579773, 0.3142295181751251, 0.2836286425590515, 0.21306094527244568, 0.18980573117733002, 0.061771322041749954, 0.022759582847356796, 0.14156053960323334, 1.1576529068690888e-08], [0.4666024446487427, 0.3816235065460205, 0.35720646381378174, 0.28556588292121887, 0.25601792335510254, 0.06437119841575623, 0.018961507827043533, 0.17019914090633392, 1.1303554536823412e-08]]}