{"e_score_std": [[0.23444527387619019, 0.22608748078346252, 0.23322650790214539, 0.19232185184955597, 0.16571444272994995, 0.04905184358358383, 0.061883535236120224, 0.08515486121177673, 1.1257273513365362e-07], [0.29827675223350525, 0.2971966862678528, 0.3048640191555023, 0.26784828305244446, 0.24753525853157043, 0.17448894679546356, 0.21660371124744415, 0.167684867978096, 1.6073607866928796e-07]], "x": [0, 1, 2, 3, 4, 5, 6, 7, 8], "score": [[0.2908686158400711, 0.2756499227878796, 0.2717766108002271, 0.2653003898804613, 0.26230661181102, 0.2571798392649104, 0.2577035759670774, 0.2563950353602339, 0.2579118237125262], [0.14131281739401824, 0.09994085797317886, 0.08925873908278764, 0.06579829364098033, 0.05660649914993313, 0.022823567458296813, 0.021447141405969813, 0.03566406014931352, 0.016326548260573875]], "score_std": [[0.02341243402870506, 0.01850747991746604, 0.019291938197315544, 0.01869260498862936, 0.018939555083567157, 0.02127818831360163, 0.021806757118291602, 0.021146802287703426, 0.021675069445793546], [0.0715488307482638, 0.05010252983727432, 0.04496482665945285, 0.033367657290008304, 0.028237732253552115, 0.014813044057074384, 0.015653538081765454, 0.01683695600985411, 0.006933883763561636]], "e_score": [[0.7517650723457336, 0.5940020084381104, 0.5388372540473938, 0.40010693669319153, 0.330106645822525, 0.08835403621196747, 0.04524749144911766, 0.30178168416023254, 2.257205977684862e-08], [0.9414255619049072, 0.8024309277534485, 0.7519434094429016, 0.6060104370117188, 0.5375154614448547, 0.19099193811416626, 0.13199955224990845, 0.4220528304576874, 3.181987651146301e-08]]}