{"e_score_std": [[0.20700423419475555, 0.19627581536769867, 0.17951299250125885, 0.13942892849445343, 0.12421028316020966, 0.05550259351730347, 0.07377274334430695, 0.06990063935518265, 9.718348081833028e-08], [0.25313305854797363, 0.2370607554912567, 0.2396458089351654, 0.19486266374588013, 0.18303510546684265, 0.13438260555267334, 0.1618921309709549, 0.12141688168048859, 1.3105295693094376e-07]], "x": [0, 1, 2, 3, 4, 5, 6, 7, 8], "score": [[0.30484784610589294, 0.29707124921056605, 0.29299511194875477, 0.2881064662453024, 0.28613431133283945, 0.28280350713172103, 0.2835442382085993, 0.28283934707687164, 0.2838093530866962], [0.17065765494607735, 0.14440447385475164, 0.13587623625635017, 0.11594930937819953, 0.11022892800255459, 0.08706686738116316, 0.08514556333977813, 0.09973130443153805, 0.08241622779917465]], "score_std": [[0.0201484903417554, 0.01734574860600636, 0.016563413275292455, 0.016293229228015363, 0.016444495731714723, 0.018055215566214772, 0.018326275315250606, 0.019014247671699437, 0.018431276723730093], [0.06331026814560249, 0.03948178657281258, 0.03122896379990348, 0.017266932158696242, 0.015528047406099107, 0.0108297444564209, 0.011256457476330403, 0.013319893034632912, 0.007043793824510933]], "e_score": [[0.7212430834770203, 0.5853903889656067, 0.5108174085617065, 0.38479936122894287, 0.32793670892715454, 0.10127364099025726, 0.050598692148923874, 0.2981616258621216, 1.9714940791004665e-08], [0.884406328201294, 0.7539576888084412, 0.7116710543632507, 0.55500727891922, 0.49551886320114136, 0.17356806993484497, 0.08116212487220764, 0.41772860288619995, 2.6528130803171734e-08]]}