{"e_score_std": [[0.18631134927272797, 0.1263255625963211, 0.1247754767537117, 0.11240150779485703, 0.11393214017152786, 0.11901455372571945, 0.12098859250545502, 0.1204872876405716, 0.1204872876405716, 0.1204872876405716], [0.21945279836654663, 0.15378157794475555, 0.14598575234413147, 0.1604144126176834, 0.17260752618312836, 0.17771290242671967, 0.17910854518413544, 0.17520157992839813, 0.17520157992839813, 0.17520157992839813]], "x": [0, 1, 2, 3, 4, 5, 6, 7, 8, 9], "score": [[1.2742356806350217, 1.2851639263452332, 1.287869229403317, 1.2940212793443526, 1.2951844456203983, 1.2986601712157297, 1.2991707540147848, 1.299818246601052, 1.299818246601052, 1.299818246601052], [1.9007371349278168, 1.9100245831072948, 1.9126262267806238, 1.914856868888661, 1.9160173757992305, 1.9178173407896577, 1.9174736053530446, 1.9181617813913119, 1.9181617813913119, 1.9181617813913119]], "score_std": [[0.0618067655501166, 0.06844214516865231, 0.0727062181478732, 0.07730544009817585, 0.07804098853089224, 0.0794320948001566, 0.08000661928814738, 0.08007012192378163, 0.08007012192378163, 0.08007012192378163], [0.115269250772858, 0.11915431665192538, 0.12173280117072921, 0.12290922575251266, 0.12568998055457745, 0.12493264322053714, 0.12498938366172267, 0.1249991803698596, 0.1249991803698596, 0.1249991803698596]], "e_score": [[0.4658981263637543, 0.33554092049598694, 0.3034054636955261, 0.23074042797088623, 0.20434434711933136, 0.18098682165145874, 0.18124844133853912, 0.18707232177257538, 0.18707232177257538, 0.18707232177257538], [0.4895108938217163, 0.39256200194358826, 0.36442989110946655, 0.32462257146835327, 0.30919140577316284, 0.31884869933128357, 0.3190332353115082, 0.32410576939582825, 0.32410576939582825, 0.32410576939582825]]}