{"e_score_std": [[0.1623067706823349, 0.15676455199718475, 0.15130186080932617, 0.12224558740854263, 0.10731451958417892, 0.0737752616405487, 0.07410737872123718, 0.07430429011583328, 0.07430429011583328, 0.07430429011583328], [0.16749192774295807, 0.16678304970264435, 0.161621555685997, 0.15206508338451385, 0.13265404105186462, 0.1094338446855545, 0.11126477271318436, 0.14552955329418182, 0.14552955329418182, 0.14552955329418182]], "x": [0, 1, 2, 3, 4, 5, 6, 7, 8, 9], "score": [[1.4764744731619992, 0.9415387564326215, 0.43922342447921336, 0.23934149096325222, 0.2054739790163713, 0.14901003440807142, 0.14829256848520248, 0.13317898311674795, 0.13317898311674795, 0.13317898311674795], [1.23907369345028, 0.8852611441339555, 0.6846050303931623, 0.41314397158431004, 0.35232243903030885, 0.23567739114632605, 0.23293848083295793, 0.19624942639355697, 0.19624942639355697, 0.19624942639355697]], "score_std": [[1.3233297975156315, 0.9811492569462591, 0.3889164291575178, 0.09106104189790187, 0.07108158245241405, 0.04277472230312883, 0.04251407797937369, 0.0393184055515325, 0.0393184055515325, 0.0393184055515325], [0.977129798604525, 0.7144102623210737, 0.5443752245821983, 0.17526616434059655, 0.13655062813348012, 0.10326266781375736, 0.10557879026711889, 0.1012087532823973, 0.1012087532823973, 0.1012087532823973]], "e_score": [[0.6861016750335693, 0.4793402850627899, 0.4185146987438202, 0.29665517807006836, 0.24975286424160004, 0.14468273520469666, 0.14329573512077332, 0.08289915323257446, 0.08289915323257446, 0.08289915323257446], [0.761556088924408, 0.5675977468490601, 0.5154953598976135, 0.4052409827709198, 0.35901084542274475, 0.24773095548152924, 0.24557867646217346, 0.17928537726402283, 0.17928537726402283, 0.17928537726402283]]}