{"e_score_std": [[0.15868349373340607, 0.12644751369953156, 0.12248212099075317, 0.09832983464002609, 0.08993201702833176, 0.03268459066748619, 0.04078926891088486, 0.18136462569236755, 8.261977768597717e-08], [0.1823553740978241, 0.17159880697727203, 0.16674552857875824, 0.14548388123512268, 0.1304820477962494, 0.0763368085026741, 0.10373302549123764, 0.10704445838928223, 1.1157742818568295e-07]], "x": [0, 1, 2, 3, 4, 5, 6, 7, 8], "score": [[1.2006834736136058, 0.8897240304890073, 0.3809043797743717, 0.21517112372308722, 0.18784190518889068, 0.11430320118717688, 0.1103024336057403, 0.13696761524895032, 0.1064762279265385], [0.8612196332989089, 0.7517457838631911, 0.5820268652280767, 0.3832084289570156, 0.315110146136264, 0.14937592740287636, 0.14196033806936204, 0.20645597561002593, 0.12971960663930057]], "score_std": [[1.104007795348216, 1.019546922698076, 0.49587681293081975, 0.06901547079449107, 0.05994464254947705, 0.024186135560930286, 0.024370348067375452, 0.03969413460023664, 0.021019829776302314], [0.6248950174747256, 0.5341952412658608, 0.42098215172611897, 0.1428927805028453, 0.12123049679969161, 0.07466533035069081, 0.07863825789268976, 0.09138961606105374, 0.055009766384125136]], "e_score": [[0.631482720375061, 0.431954026222229, 0.3640759587287903, 0.26399821043014526, 0.22088772058486938, 0.052317194640636444, 0.02034878171980381, 0.18930169939994812, 1.6789874379696812e-08], [0.7266842126846313, 0.5625050067901611, 0.4918508529663086, 0.38351672887802124, 0.3280067443847656, 0.08548346161842346, 0.03425269573926926, 0.30163341760635376, 2.2707347113737342e-08]]}