{"e_score_std": [[0.28404805064201355, 0.2374824583530426, 0.2117311656475067, 0.17452122271060944, 0.15917657315731049, 0.13535921275615692, 0.1466003656387329, 0.14387516677379608, 0.14387516677379608, 0.14387516677379608], [0.2957132160663605, 0.271848201751709, 0.2644534409046173, 0.24576717615127563, 0.24845978617668152, 0.25043195486068726, 0.2553568482398987, 0.2783302366733551, 0.2783302366733551, 0.2783302366733551]], "x": [0, 1, 2, 3, 4, 5, 6, 7, 8, 9], "score": [[1.2278143498986505, 1.1535753733509895, 1.1281889898583608, 1.0929963439391308, 1.0834706866521875, 1.0638470777015128, 1.0639061729686679, 1.058123364777671, 1.058123364777671, 1.058123364777671], [0.6290582124531391, 0.47061245703700016, 0.41867250497710984, 0.3261508678529345, 0.29966006813414564, 0.24371570106309837, 0.24072077200672237, 0.2204526876932075, 0.2204526876932075, 0.2204526876932075]], "score_std": [[0.10898234409974816, 0.07924848979599221, 0.07030470196114001, 0.06517850538729264, 0.06932682449648665, 0.06657934752707587, 0.06781198670534994, 0.06798234274392868, 0.06798234274392868, 0.06798234274392868], [0.24345751161964954, 0.1580832770289234, 0.13783603111444462, 0.11206387389350254, 0.11311907336070288, 0.10849624175840746, 0.11031492234467413, 0.10930539110347, 0.10930539110347, 0.10930539110347]], "e_score": [[0.89028000831604, 0.6907253265380859, 0.5974184274673462, 0.4425445795059204, 0.37747418880462646, 0.2493332326412201, 0.25327518582344055, 0.19388194382190704, 0.19388194382190704, 0.19388194382190704], [1.0708609819412231, 0.8866608142852783, 0.8074661493301392, 0.6536007523536682, 0.6017341613769531, 0.474416047334671, 0.46254879236221313, 0.4317564368247986, 0.4317564368247986, 0.4317564368247986]]}