{"e_score_std": [[0.22479009628295898, 0.19365541636943817, 0.18687762320041656, 0.1768394559621811, 0.18351010978221893, 0.17601418495178223, 0.19821444153785706, 0.15571166574954987, 4.385846708032659e-08], [0.14752936363220215, 0.10641248524188995, 0.09140656143426895, 0.07932359725236893, 0.07470140606164932, 0.042935438454151154, 0.043995074927806854, 0.04879635199904442, 1.1463975368997126e-07]], "x": [0, 1, 2, 3, 4, 5, 6, 7, 8], "score": [[0.3828885598537752, 0.38474470545735007, 0.3851207726198268, 0.38646886122324875, 0.38726521196776575, 0.3921411802487564, 0.3930797266322728, 0.39791686160549283, 0.39694348616307507], [0.36069186027252903, 0.3603816268068965, 0.3612371535868313, 0.36234999338699514, 0.3632594492148982, 0.3639438835738079, 0.3641188425576498, 0.3643705163374744, 0.3637935313067686]], "score_std": [[0.006102585685872742, 0.008698307902735375, 0.010833321184884717, 0.015383029768843053, 0.017285217753185686, 0.02239193425886974, 0.023167682414045418, 0.026482463517016594, 0.02635995649252403], [0.007858108087629793, 0.013281391585442028, 0.016409257098049707, 0.02086505348904324, 0.0222017704018015, 0.023884848982156114, 0.02408860620048514, 0.02416079118010812, 0.0240483148016243]], "e_score": [[0.5396478772163391, 0.4539017379283905, 0.4187469184398651, 0.3395631015300751, 0.3046048581600189, 0.1610010862350464, 0.16083110868930817, 0.4289785623550415, 8.92500651161754e-09], [0.3896346390247345, 0.29931509494781494, 0.26584139466285706, 0.20143459737300873, 0.1753319501876831, 0.048720140010118484, 0.03177332133054733, 0.14978516101837158, 2.293236711636837e-08]]}