{"e_score_std": [[0.3009827435016632, 0.30063125491142273, 0.28978970646858215, 0.27894410490989685, 0.25286534428596497, 0.12174209207296371, 0.13027000427246094, 0.13626696169376373, 1.2671212346049288e-07], [0.344880610704422, 0.3449438810348511, 0.3546075224876404, 0.34845301508903503, 0.3441545367240906, 0.2158461958169937, 0.25508052110671997, 0.20345954596996307, 2.178513653916525e-07]], "x": [0, 1, 2, 3, 4, 5, 6, 7, 8], "score": [[0.263658029214314, 0.2461918758742829, 0.24161692636062967, 0.23203858802971764, 0.22771561023829914, 0.21697843877293874, 0.2167594327654907, 0.21705822077332088, 0.2139207485334106], [0.1361378968310784, 0.10726892690861249, 0.09248788050000716, 0.06991704493593567, 0.05856153806169408, 0.026450295768239956, 0.027002662498304374, 0.029162485059019666, 0.018949449036321647]], "score_std": [[0.027954408411472845, 0.01785228539031445, 0.017303915387780974, 0.01731289443782069, 0.0174120697337901, 0.016939149208482537, 0.016873795600032646, 0.01683125089821856, 0.016533104345806675], [0.06335990382457585, 0.04243995901971365, 0.03726599163370467, 0.030177860790698268, 0.030018384667688077, 0.01569339621042381, 0.01646694776624688, 0.013963158052720744, 0.007930482638819092]], "e_score": [[1.0970290899276733, 0.9494078755378723, 0.8868023157119751, 0.6951106190681458, 0.5908805727958679, 0.1991139054298401, 0.1874779909849167, 0.32582470774650574, 2.5576220252787607e-08], [1.2846850156784058, 1.171329140663147, 1.0979417562484741, 0.9088017344474792, 0.7869914174079895, 0.2928789258003235, 0.28314483165740967, 0.44896483421325684, 4.254812324688828e-08]]}