{"e_score_std": [[0.28139349818229675, 0.2791507840156555, 0.2559162974357605, 0.18787774443626404, 0.15476861596107483, 0.09474148601293564, 0.11666029691696167, 0.1086755022406578, 1.1992216286671464e-07], [0.3068971335887909, 0.28094837069511414, 0.27486658096313477, 0.22504432499408722, 0.19552195072174072, 0.19948701560497284, 0.23431947827339172, 0.1818857043981552, 1.4165922834763478e-07]], "x": [0, 1, 2, 3, 4, 5, 6, 7, 8], "score": [[0.43209504751816724, 0.2067194118800802, 0.07253002022628696, 0.05243332769259445, 0.04379047706616079, 0.0369397186496895, 0.03735053428937033, 0.04460837922718355, 0.034741878829546796], [0.4503117982702298, 0.32304371898086454, 0.2645176364255596, 0.24412583223870613, 0.24023446302823756, 0.2350177039556197, 0.23510582427500057, 0.22934378580105516, 0.24197696816937117]], "score_std": [[0.11156357416352546, 0.16406071371239025, 0.04727376850971742, 0.04620163266313292, 0.011065642420658594, 0.008278224885120453, 0.008605620412840919, 0.013045582083267088, 0.007102465725977698], [0.0758552826781542, 0.08879644331273681, 0.03867935424182082, 0.020994727843489363, 0.02119019043205265, 0.020958990522999627, 0.022344939841725985, 0.019307785883113406, 0.024986823669137084]], "e_score": [[1.2139703035354614, 0.7328284978866577, 0.625545859336853, 0.42131006717681885, 0.34484004974365234, 0.13345792889595032, 0.13001468777656555, 0.2469235211610794, 2.3369370438786063e-08], [1.3183320760726929, 0.8513900637626648, 0.7514204382896423, 0.5381519794464111, 0.47522324323654175, 0.2671664357185364, 0.26550841331481934, 0.41255801916122437, 2.7765372223598206e-08]]}