{"e_score_std": [[0.32025468349456787, 0.31820425391197205, 0.33104363083839417, 0.32305651903152466, 0.3079388737678528, 0.3073824942111969, 0.31477558612823486, 0.11309754103422165, 0.31477558612823486], [0.37029600143432617, 0.3722298741340637, 0.34317001700401306, 0.35160180926322937, 0.3465385138988495, 0.31101298332214355, 0.3252094089984894, 0.20969367027282715, 0.32676368951797485]], "x": [0, 1, 2, 3, 4, 5, 6, 7, 8], "score": [[0.3135541515937652, 0.3124372020259687, 0.31392001071547365, 0.30887505704897267, 0.3137100566504685, 0.3411655813116101, 0.3431674626225049, 0.2142355373304164, 0.3431674626225049], [0.20039735438040854, 0.20401838127475533, 0.19324989338432275, 0.19953968939798153, 0.2052111687859843, 0.19474426233665657, 0.20140292619405575, 0.027062753185680976, 0.20241139331179778]], "score_std": [[0.0523462742344139, 0.05150234061500603, 0.05487770271183958, 0.051693495930135176, 0.05176568017018479, 0.058171805397969345, 0.05754623502509967, 0.015503350883858359, 0.05754623502509967], [0.10104581509059897, 0.09874117007171268, 0.09935963282978365, 0.09584821817026205, 0.09768622216478146, 0.09660665126149583, 0.10241126786965356, 0.012777987517883017, 0.10460823097188753]], "e_score": [[1.5226387977600098, 1.4892042875289917, 1.5012692213058472, 1.4699950218200684, 1.4929121732711792, 1.4691091775894165, 1.4744327068328857, 0.2962110638618469, 1.4744327068328857], [1.7291924953460693, 1.739758014678955, 1.7014024257659912, 1.693975806236267, 1.7261408567428589, 1.6418790817260742, 1.6534004211425781, 0.4518446624279022, 1.6544419527053833]]}