{"e_score_std": [[0.171669602394104, 0.13061638176441193, 0.12879778444766998, 0.12396404892206192, 0.12272844463586807, 0.1000991016626358, 0.1219819188117981, 0.136271134018898, 1.0957325002891594e-07, 0.1219819188117981], [0.18654069304466248, 0.1638699471950531, 0.16525623202323914, 0.17353686690330505, 0.16845856606960297, 0.14033354818820953, 0.18171371519565582, 0.15787650644779205, 1.5153311494486843e-07, 0.18171371519565582]], "x": [0, 1, 2, 3, 4, 5, 6, 7, 8, 9], "score": [[0.28800223663364927, 0.2758612315858835, 0.2726880925242406, 0.26823601043755074, 0.26759937323884964, 0.2591194586750578, 0.25926416274955333, 0.2602212303169762, 0.25432764831409843, 0.25926416274955333], [0.13663583624957606, 0.10386410912345896, 0.0911799909355652, 0.0685570543048976, 0.06056328070009563, 0.02319186928841106, 0.0211392819209566, 0.029692616924806535, 0.015747582707486225, 0.0211392819209566]], "score_std": [[0.024215359734088192, 0.015951932205814118, 0.015901605874555854, 0.019069109537870495, 0.020329581676219163, 0.02030932083557153, 0.02009621906712836, 0.020772134086128952, 0.020046846830274783, 0.02009621906712836], [0.07253622894160783, 0.042190363277168026, 0.03551579081634093, 0.027328384292332985, 0.02701494430465799, 0.01677865255065481, 0.01721353729270243, 0.018160158620650953, 0.009453907026941242, 0.01721353729270243]], "e_score": [[0.4968930780887604, 0.3992994725704193, 0.3656725585460663, 0.3003355860710144, 0.27597668766975403, 0.1513836532831192, 0.15291771292686462, 0.25825968384742737, 2.1790206972127635e-08, 0.15291771292686462], [0.6250371336936951, 0.5543578863143921, 0.5198334455490112, 0.4384111762046814, 0.40368738770484924, 0.17746175825595856, 0.12748318910598755, 0.33308544754981995, 2.9205477147797865e-08, 0.12748318910598755]]}