{"e_score_std": [[0.14107127487659454, 0.14090782403945923, 0.13986048102378845, 0.13741713762283325, 0.13741713762283325, 0.13741713762283325], [0.14440657198429108, 0.14482218027114868, 0.14903828501701355, 0.14902694523334503, 0.14902694523334503, 0.14902694523334503]], "x": [0, 1, 2, 3, 4, 5], "score": [[0.0697046740755343, 0.06968406607025542, 0.06920598899517391, 0.07081642997192494, 0.07081642997192494, 0.07081642997192494], [0.4460961569795423, 0.44168216063645693, 0.4329881934534623, 0.4367735200633426, 0.4367735200633426, 0.4367735200633426]], "score_std": [[0.01247847989804758, 0.012689014123970051, 0.012914363463644864, 0.013231552393823086, 0.013231552393823086, 0.013231552393823086], [0.2029475237176299, 0.20289548104042926, 0.20495465945085303, 0.20460946062408755, 0.20460946062408755, 0.20460946062408755]], "e_score": [[0.2955511808395386, 0.2862471640110016, 0.27005377411842346, 0.26952478289604187, 0.26952478289604187, 0.26952478289604187], [0.42125365138053894, 0.4140429198741913, 0.40530434250831604, 0.42015692591667175, 0.42015692591667175, 0.42015692591667175]]}