{"e_score_std": [[0.2246169149875641, 0.19724801182746887, 0.2035556584596634, 0.17740316689014435, 0.16127993166446686, 0.07754174619913101, 0.0849260687828064, 0.09964071959257126, 1.2818395589420106e-07], [0.24731163680553436, 0.23149575293064117, 0.242298424243927, 0.21908298134803772, 0.1987292319536209, 0.251792311668396, 0.3004906475543976, 0.15022112429141998, 3.80465280613862e-07]], "x": [0, 1, 2, 3, 4, 5, 6, 7, 8], "score": [[0.20202521602384682, 0.11369170046430814, 0.05721873292337356, 0.046417068785313396, 0.044021537576590254, 0.03781405179215506, 0.03806932153167633, 0.04139938231484648, 0.03576349063498889], [0.2442595984844105, 0.1902416128706418, 0.11416759934724796, 0.08497343247601358, 0.07731894019125102, 0.06250487967428035, 0.06868609746141006, 0.05264815408149895, 0.04031003271280407]], "score_std": [[0.0625296455469908, 0.06596559176682129, 0.02108586958916885, 0.014019435210546657, 0.012317749000545972, 0.008279078321064514, 0.00826434713444608, 0.010173721463960159, 0.008166168287088302], [0.11087513747619296, 0.0938588007246986, 0.06031106189061676, 0.03246435768584462, 0.028386561418613093, 0.0220680394568052, 0.029842642332367664, 0.018488650009908007, 0.015284701740045764]], "e_score": [[0.9656635522842407, 0.6257624626159668, 0.5036752820014954, 0.3736210763454437, 0.3284904956817627, 0.12016211450099945, 0.12322729080915451, 0.2838990390300751, 2.6145576370595336e-08], [1.1839017868041992, 0.870037853717804, 0.7613533139228821, 0.636075496673584, 0.5785273909568787, 0.4564661383628845, 0.5129568576812744, 0.6087091565132141, 7.54902629296339e-08]]}