{"e_score_std": [[0.16558368504047394, 0.12874005734920502, 0.13310588896274567, 0.11666251718997955, 0.10662852972745895, 0.03673460707068443, 0.04287263751029968, 0.21705889701843262, 9.309749771091447e-08, 0.04287263751029968], [0.1588520109653473, 0.17135819792747498, 0.17434078454971313, 0.16551193594932556, 0.15621274709701538, 0.07158663868904114, 0.08700656145811081, 0.09850797057151794, 8.442736998404143e-08, 0.08700656145811081]], "x": [0, 1, 2, 3, 4, 5, 6, 7, 8, 9], "score": [[1.3430407130261848, 1.013430009386143, 0.45489094149843967, 0.22687803306592422, 0.19666024652441716, 0.12044283025175645, 0.11647154588904286, 0.1434638810026464, 0.11304945884699656, 0.11647154588904286], [1.0594252197732197, 0.9525793969784592, 0.7108330883703904, 0.41832382117344447, 0.3514579383534938, 0.15941628806791563, 0.1489335550886104, 0.21884183996892442, 0.1418116044610604, 0.1489335550886104]], "score_std": [[1.1668518388273597, 1.0763627119268417, 0.5053988000815097, 0.08859547671971935, 0.07378917532994017, 0.030793027752550696, 0.031383667812159, 0.04340599211019356, 0.028560678858829177, 0.031383667812159], [0.8446384583570584, 0.9085625922820728, 0.6806815422910214, 0.20755227305987184, 0.18626824178771542, 0.07134387026725322, 0.07105993809078115, 0.09041750826785418, 0.06248370147004099, 0.07105993809078115]], "e_score": [[0.6738347411155701, 0.4465550184249878, 0.38455918431282043, 0.2728923559188843, 0.22982536256313324, 0.05385482311248779, 0.017997965216636658, 0.2189006358385086, 1.6332792895923376e-08, 0.017997965216636658], [0.7463262677192688, 0.5684434771537781, 0.5102954506874084, 0.4062590003013611, 0.349132776260376, 0.09365592896938324, 0.034073639661073685, 0.31832098960876465, 1.4817976179415382e-08, 0.034073639661073685]]}