{"e_score_std": [[0.09933652728796005, 0.10299916565418243, 0.10786433517932892, 0.1017664298415184, 0.09171728789806366, 0.08241306245326996, 0.13611067831516266, 0.0882006287574768, 8.865325185070105e-08], [0.1234772726893425, 0.1347222924232483, 0.14810849726200104, 0.14962203800678253, 0.15716387331485748, 0.17726004123687744, 0.30028221011161804, 0.10130533576011658, 1.5414123311074945e-07]], "x": [0, 1, 2, 3, 4, 5, 6, 7, 8], "score": [[0.2894019566387026, 0.2765743682904982, 0.2719527047956518, 0.2691925966422838, 0.2685546349536307, 0.26739193427703745, 0.2676715417052558, 0.2704184606694408, 0.26810523495931754], [0.14498044421052408, 0.12456867106791979, 0.1199925882906994, 0.11460911880110172, 0.11239831643009097, 0.10641040619850863, 0.10323129102836305, 0.11629458963845103, 0.09288058656813361]], "score_std": [[0.005047586808543055, 0.004754293532830766, 0.004672734635626886, 0.00437186298895543, 0.004501104335978938, 0.005987355074962103, 0.006287587299167846, 0.006616667655463349, 0.006331823901905216], [0.010387014029853451, 0.010118520472850398, 0.010380646820108846, 0.008600302664501196, 0.008668778098958633, 0.011131538521478522, 0.015113285510085563, 0.008663283927487676, 0.0046837507443604496]], "e_score": [[0.9334353804588318, 0.6975374817848206, 0.5943431854248047, 0.4458397328853607, 0.3925252854824066, 0.28405916690826416, 0.2686634957790375, 0.5170472860336304, 1.8019004954794582e-08], [1.1164032220840454, 0.9087395668029785, 0.8253251910209656, 0.6238812804222107, 0.5609660148620605, 0.37104400992393494, 0.27204763889312744, 0.7761927843093872, 3.1262381128271954e-08]]}