{"e_score_std": [[0.2215147763490677, 0.21917010843753815, 0.22504273056983948, 0.19079437851905823, 0.1705363690853119, 0.0724535882472992, 0.0905030220746994, 0.10578005015850067, 9.495253294744543e-08], [0.2771309018135071, 0.2913746237754822, 0.2844730019569397, 0.29673847556114197, 0.2701983153820038, 0.1934346854686737, 0.23435276746749878, 0.17465558648109436, 1.2672950333580957e-07]], "x": [0, 1, 2, 3, 4, 5, 6, 7, 8], "score": [[0.28757860155768267, 0.27589713313618686, 0.2728118900397025, 0.2673005591026264, 0.2653254912912735, 0.25928776130831044, 0.2600946720008348, 0.25925409989982573, 0.26071512598344493], [0.1264309910437214, 0.09733777754579745, 0.08703387072000825, 0.06974955058365796, 0.06055029496663926, 0.02549199165955177, 0.023240694187389895, 0.04242444518014014, 0.017546573914683877]], "score_std": [[0.023366751859052265, 0.018707090154276084, 0.017859896134547585, 0.017591637111714162, 0.017870199301754347, 0.017434456572406918, 0.017862019651169993, 0.01761369039111735, 0.018348941564630024], [0.06769691676179984, 0.04773023878322296, 0.03871672084889025, 0.033844569129967236, 0.03229979501881619, 0.018052551745043707, 0.019313164861141086, 0.02189582988010516, 0.0072265686369603855]], "e_score": [[0.7378460168838501, 0.6024141907691956, 0.5513367056846619, 0.4239633083343506, 0.36155956983566284, 0.11537636071443558, 0.0688711479306221, 0.32763540744781494, 1.920444958614098e-08], [0.931771457195282, 0.82147216796875, 0.767825722694397, 0.6447911262512207, 0.5667033195495605, 0.20217365026474, 0.12569862604141235, 0.46149003505706787, 2.571624513336701e-08]]}