{"e_score_std": [[0.1018594428896904, 0.09962552040815353, 0.10179535299539566, 0.09676148742437363, 0.0917225107550621, 0.049778927117586136, 0.062387242913246155, 0.0940595269203186, 7.813576985427062e-08], [0.1423429399728775, 0.14390257000923157, 0.14955219626426697, 0.1504354178905487, 0.14198850095272064, 0.061165936291217804, 0.0705539733171463, 0.10505839437246323, 1.0115756055029124e-07]], "x": [0, 1, 2, 3, 4, 5, 6, 7, 8], "score": [[0.27912517888220756, 0.270062830501851, 0.2670090013422037, 0.26175567336207545, 0.2603674578564593, 0.2543898387157864, 0.2547065079624408, 0.25406298208825523, 0.2538345208363609], [0.12014239072950385, 0.09180452742273847, 0.08172113343407142, 0.0637884109990126, 0.05373066210045077, 0.01792387540137625, 0.015340987667822216, 0.027898514409669842, 0.014187148215809013]], "score_std": [[0.019390115660172492, 0.01684982807133776, 0.01589130623387993, 0.016455852324594605, 0.01725262542796316, 0.01888753872127565, 0.019787376532822514, 0.018960617682940373, 0.019371522696713498], [0.05574919719448721, 0.04064669536108975, 0.03768777433698694, 0.03118746172896572, 0.027029991369499067, 0.00988610113500165, 0.008949319427601007, 0.01744382878208487, 0.0073409014928713014]], "e_score": [[0.3865761160850525, 0.31740596890449524, 0.2895887792110443, 0.2268918752670288, 0.2011798620223999, 0.07429089397192001, 0.044901490211486816, 0.22255204617977142, 1.570365526504247e-08], [0.4808598458766937, 0.4205337166786194, 0.3946003317832947, 0.3230787217617035, 0.28534746170043945, 0.08229721337556839, 0.028120357543230057, 0.23779571056365967, 2.039054791680428e-08]]}