{"e_score_std": [[0.14029523730278015, 0.13165979087352753, 0.1276291161775589, 0.1193411648273468, 0.11289452016353607, 0.10861212015151978, 0.13180062174797058, 0.13422664999961853, 9.819102331221075e-08, 0.13180062174797058], [0.17993813753128052, 0.1767941266298294, 0.17901192605495453, 0.18295378983020782, 0.18189986050128937, 0.17293576896190643, 0.1913650929927826, 0.1487417370080948, 1.0191589439045856e-07, 0.1913650929927826]], "x": [0, 1, 2, 3, 4, 5, 6, 7, 8, 9], "score": [[0.28258938967604147, 0.27447216206412733, 0.2714642818237403, 0.2663306581695374, 0.2636839778584181, 0.2569585729387128, 0.2576545115365337, 0.2566588360838063, 0.2514448813369214, 0.2576545115365337], [0.12784961230569855, 0.1024140432670228, 0.09492268255289867, 0.07509021221682995, 0.06625306730761053, 0.03225038169339107, 0.03271045872323383, 0.02545996340705444, 0.014166969675658947, 0.03271045872323383]], "score_std": [[0.018027456505106815, 0.0176209023288983, 0.01766967498439562, 0.01931893969889505, 0.019530670026236402, 0.01815826692773749, 0.01885623600146194, 0.018029022339413194, 0.017333714785979837, 0.01885623600146194], [0.05406874824137902, 0.03783295351066842, 0.035324135092747525, 0.02989957943779123, 0.028642682608062384, 0.022311219288350243, 0.023168010824016875, 0.016329382778403824, 0.008912883386115258, 0.023168010824016875]], "e_score": [[0.46159034967422485, 0.38864123821258545, 0.3598785102367401, 0.29254642128944397, 0.2602483034133911, 0.15539787709712982, 0.17331185936927795, 0.22891122102737427, 1.9858708455444685e-08, 0.17331185936927795], [0.5989813804626465, 0.5509302020072937, 0.5334070920944214, 0.47332122921943665, 0.4389066696166992, 0.26577237248420715, 0.2816133201122284, 0.29289790987968445, 2.0265431999177963e-08, 0.2816133201122284]]}