{"e_score_std": [[0.313572496175766, 0.2749716341495514, 0.2596840262413025, 0.23545348644256592, 0.2191835641860962, 0.10853531211614609, 0.1729889214038849, 0.16789494454860687, 1.9852305399581383e-07], [0.3720032572746277, 0.32919490337371826, 0.33187729120254517, 0.31676027178764343, 0.3240661323070526, 0.3063649833202362, 0.3751547038555145, 0.29518187046051025, 3.955958902679413e-07]], "x": [0, 1, 2, 3, 4, 5, 6, 7, 8], "score": [[0.28437147998267165, 0.2723869351353527, 0.268339159121561, 0.2624567436962161, 0.2611322888167001, 0.2544781706049178, 0.2545364498680376, 0.25616485798144556, 0.25239860062842134], [0.1275943808559478, 0.09180506638105879, 0.08277078564364207, 0.06410679644040478, 0.05496553205542976, 0.028251942302831103, 0.027250081916135347, 0.03207489547436126, 0.022218399842902394]], "score_std": [[0.023565774706148564, 0.016269751013182576, 0.016206326097541093, 0.01781442128495638, 0.01880848427046975, 0.019673657941734982, 0.02072274414645273, 0.020110023545375492, 0.01949700844928015], [0.07294105752041741, 0.03703440969432098, 0.03179984849857675, 0.022259810424700332, 0.02254569719252482, 0.018693033340729415, 0.020187007997481826, 0.01664043541041426, 0.010195368218400454]], "e_score": [[1.1295280456542969, 0.9372574687004089, 0.8448221683502197, 0.6498371362686157, 0.5641608238220215, 0.2030230164527893, 0.15680871903896332, 0.3997379243373871, 3.9729748380068486e-08], [1.3573853969573975, 1.1674554347991943, 1.091681718826294, 0.906406581401825, 0.8000136017799377, 0.30456286668777466, 0.18957377970218658, 0.5865968465805054, 7.975651072911205e-08]]}