{"e_score_std": [[0.3428395092487335, 0.3220767676830292, 0.3141039311885834, 0.27184706926345825, 0.213052898645401, 0.10688906908035278, 0.13488392531871796, 0.13197511434555054, 1.6952111536738812e-07], [0.3867977261543274, 0.3744824528694153, 0.3772677481174469, 0.3430738151073456, 0.31888407468795776, 0.20815140008926392, 0.23049582540988922, 0.21630828082561493, 2.2938627353141783e-07]], "x": [0, 1, 2, 3, 4, 5, 6, 7, 8], "score": [[0.260666439383712, 0.24545935012312348, 0.23997287243809534, 0.23192624830351982, 0.22790118521395913, 0.21685828009383834, 0.21708835996721088, 0.21667950964978527, 0.21403946339293045], [0.13191509298946127, 0.10223674212065373, 0.0925707234225337, 0.0697789741665456, 0.05837373064896548, 0.02727147213481281, 0.027082023383652797, 0.029668179159202675, 0.019213203852962383]], "score_std": [[0.03224503185716029, 0.02092965664881045, 0.019290527955386282, 0.01890592096177947, 0.017238819693638666, 0.0157706694381909, 0.01597743936347107, 0.015588583387553, 0.01506146335358138], [0.07159274290154112, 0.049157329968568704, 0.04386151386553916, 0.03125917619914126, 0.0281677562563284, 0.014425154040594279, 0.014500851592256248, 0.013499693076961864, 0.007322500475257908]], "e_score": [[1.0447564125061035, 0.912102460861206, 0.842631995677948, 0.6753829717636108, 0.5716103911399841, 0.19088853895664215, 0.192991241812706, 0.3166143596172333, 3.394578129700676e-08], [1.2427222728729248, 1.1213080883026123, 1.0687044858932495, 0.9041750431060791, 0.7933639287948608, 0.31767982244491577, 0.30515632033348083, 0.4815101623535156, 4.574874878926494e-08]]}