{"e_score_std": [[0.17186282575130463, 0.1740831732749939, 0.17536938190460205, 0.13183940947055817, 0.1331692487001419, 0.07801765203475952, 0.0926518663764, 0.08144015073776245, 8.867753109598198e-08, 0.0926518663764], [0.23018339276313782, 0.23614247143268585, 0.23063695430755615, 0.21609841287136078, 0.20376518368721008, 0.1738470494747162, 0.19529582560062408, 0.13907982409000397, 1.1563855650820187e-07, 0.19529582560062408]], "x": [0, 1, 2, 3, 4, 5, 6, 7, 8, 9], "score": [[0.28266923902761987, 0.2724134631933515, 0.2703006889169518, 0.2648630951574846, 0.26250750129793365, 0.2577411560303295, 0.2580798192509858, 0.2574403459162785, 0.25861154683628557, 0.2580798192509858], [0.12184913469213701, 0.09396390735195358, 0.08544852733343938, 0.06616854643975682, 0.058371049566461775, 0.03103709934744619, 0.031314955470237237, 0.03948460311768692, 0.017393932345378435, 0.031314955470237237]], "score_std": [[0.016596903233370326, 0.01409049674831497, 0.014476698347475196, 0.013769046101095203, 0.014684981152192291, 0.016896024319585153, 0.017518131812021515, 0.018140238168309522, 0.01714366576275992, 0.017518131812021515], [0.05309465803777299, 0.03754524405235173, 0.03133011623035923, 0.024340620054858653, 0.02244899921722328, 0.016777760346941818, 0.017769233890785687, 0.01899096408377122, 0.006760071105835671, 0.017769233890785687]], "e_score": [[0.6918338537216187, 0.5686665773391724, 0.5206134915351868, 0.3939030170440674, 0.3393421173095703, 0.14860522747039795, 0.157970130443573, 0.30720433592796326, 1.7728046586285018e-08, 0.157970130443573], [0.8914598226547241, 0.7853443622589111, 0.7387044429779053, 0.6135308146476746, 0.5528924465179443, 0.2929146885871887, 0.2950761318206787, 0.4405752122402191, 2.3411612204427e-08, 0.2950761318206787]]}