{"e_score_std": [[0.14554552733898163, 0.12924787402153015, 0.11959820240736008, 0.0891311764717102, 0.08078870177268982, 0.06345481425523758, 0.062132325023412704, 0.04808518663048744, 0.04808518663048744, 0.04808518663048744], [0.1811789572238922, 0.17012780904769897, 0.16368870437145233, 0.1483280062675476, 0.1382465660572052, 0.12165933847427368, 0.12438268959522247, 0.17038871347904205, 0.17038871347904205, 0.17038871347904205]], "x": [0, 1, 2, 3, 4, 5, 6, 7, 8, 9], "score": [[0.39169063785068026, 0.2789983155477096, 0.24335282920045756, 0.19403958430938328, 0.1804657952409352, 0.14761774294018548, 0.14483962939872963, 0.12778850431436578, 0.12778850431436578, 0.12778850431436578], [0.7703790736308769, 0.5751395490550665, 0.5176263642578338, 0.4211369144569832, 0.38043662900287084, 0.28989375194036954, 0.28978983130145014, 0.26135007292548307, 0.26135007292548307, 0.26135007292548307]], "score_std": [[0.18845254784375176, 0.10919760771665728, 0.09020906682249578, 0.06394193507108176, 0.06132658906452923, 0.048044272939554836, 0.0466592047261527, 0.04236191438359173, 0.04236191438359173, 0.04236191438359173], [0.366689149456269, 0.23516834923872598, 0.21109974157420672, 0.18198421459052566, 0.15768256348681992, 0.13324194389600558, 0.13726670347781378, 0.16060595965777713, 0.16060595965777713, 0.16060595965777713]], "e_score": [[0.3889053463935852, 0.31123632192611694, 0.27767297625541687, 0.2135133147239685, 0.18898971378803253, 0.11986644566059113, 0.11439544707536697, 0.06177721172571182, 0.06177721172571182, 0.06177721172571182], [0.5420535802841187, 0.47668230533599854, 0.45210281014442444, 0.38373836874961853, 0.3502025306224823, 0.26293572783470154, 0.2617623507976532, 0.22296032309532166, 0.22296032309532166, 0.22296032309532166]]}