{"e_score_std": [[0.1991632580757141, 0.19383437931537628, 0.18552562594413757, 0.15114328265190125, 0.13470283150672913, 0.07700455188751221, 0.09689198434352875, 0.08945263177156448, 1.0649169723819796e-07, 0.09689198434352875], [0.2507157623767853, 0.2476857602596283, 0.24623115360736847, 0.2264229953289032, 0.22256456315517426, 0.20945128798484802, 0.24370913207530975, 0.16198161244392395, 1.5529222707755252e-07, 0.24370913207530975]], "x": [0, 1, 2, 3, 4, 5, 6, 7, 8, 9], "score": [[0.28176582009988727, 0.2705907114408862, 0.26854961423966894, 0.26314086992958374, 0.2613093394193885, 0.257057830821608, 0.2576264503391752, 0.25721277255529906, 0.25857227379575776, 0.2576264503391752], [0.12264622072383614, 0.09265532135221057, 0.08468779586716252, 0.06554968775965887, 0.05767100209323572, 0.029864325410852485, 0.03025559825242452, 0.03596617603510455, 0.01759840955786412, 0.03025559825242452]], "score_std": [[0.019040131384047997, 0.014866624732250843, 0.01627506487956796, 0.01502365264272999, 0.015676867427363034, 0.01743038346010044, 0.018040206054257223, 0.018453870312383807, 0.018793023628814128, 0.018040206054257223], [0.06705514525349907, 0.04240100585383827, 0.03682767929793324, 0.026590188007351374, 0.024808810367625955, 0.02033552046464308, 0.021651415116243185, 0.017685494057908625, 0.007786066930690638, 0.021651415116243185]], "e_score": [[0.6954702734947205, 0.5760263800621033, 0.52583909034729, 0.3992924392223358, 0.34703338146209717, 0.14013728499412537, 0.14469614624977112, 0.3048557639122009, 2.1067462441237694e-08, 0.14469614624977112], [0.8954904675483704, 0.7923137545585632, 0.7447585463523865, 0.6170406937599182, 0.5601756572723389, 0.2769380509853363, 0.285713791847229, 0.42507603764533997, 3.072014820304503e-08, 0.285713791847229]]}