{"count": 23, "poses_seq": {"0": {"h": [[-0.0, -0.05512539672851566, -0.11715771484375001, 0.17180386352539062], [0.0, 0.8265, 0.6918243713378907, 0.7721622619628906], [0.0, -0.19052026367187508, -0.38815783691406264, -0.4545192871093751]], "r": [0.036436105378566536, 1.38865942282215, -1.0860376764165283, 1.12946963574973, -2.3610309264105047, 2.4464683159316127, -1.0765866295671112]}, "1": {"h": [[-0.0, -0.04503254699707032, -0.09895414733886718, 0.09821615600585938], [0.0, 0.8265, 0.755177345275879, 0.9825087890625], [0.0, -0.12431518554687498, -0.34647253417968754, -0.44087158203124993]], "r": [0.31193639540062107, 1.650834090053746, -0.8445090423800029, 1.376548826301753, -2.314006643581574, 2.4144202040419778, -1.9064829125385896]}, "2": {"h": [[-0.0, -0.057698883056640615, -0.12111805725097655, 0.0029751052856445415], [0.0, 0.8265, 0.7810421295166016, 1.0341566467285157], [0.0, -0.13011340332031246, -0.3407934570312499, -0.4601376953124999]], "r": [0.356148972840506, 1.8386182074121398, -0.839496985219986, 1.3918181032823036, -2.1632439508026584, 2.5794632683036216, 0.26562655802851215]}, "3": {"h": [[-0.0, -0.05385572052001952, -0.1511049575805664, -0.0731059341430664], [0.0, 0.8265, 0.7495003128051758, 1.0295262145996094], [0.0, -0.12118115234374988, -0.3070441894531249, -0.45245910644531234]], "r": [0.3203923549357124, 1.9282088705316007, -0.8390089056200304, 1.2927356273470287, -2.051944518832372, 2.699287017519108, 2.0043995697228656]}, "4": {"h": [[-0.0, -0.054413558959960945, -0.1682583923339844, -0.1567242431640625], [0.0, 0.8265, 0.7427834777832031, 1.028716339111328], [0.0, -0.12551892089843736, -0.30658947753906257, -0.45857287597656243]], "r": [0.256952769509631, 2.130247801087924, -0.8536967483580283, 1.3655388411977636, -2.3306483549065824, 2.6827871806442554, 0.704122817869266]}, "5": {"h": [[-0.0, -0.04842124938964844, -0.18332116699218748, -0.22800546264648436], [0.0, 0.8265, 0.7532023620605468, 1.0200868835449217], [0.0, -0.12312609863281249, -0.29782104492187483, -0.4546273193359374]], "r": [0.18663844774438562, 2.345005213338444, -0.8598522534644879, 1.4831674907747232, -2.546816770746549, 2.5696429381306536, 0.6888066906969244]}, "6": {"h": [[-0.0, -0.03944583892822265, -0.21056475067138675, -0.3179982223510742], [0.0, 0.8265, 0.7520592422485352, 0.9825973663330079], [0.0, -0.13312707519531247, -0.28422436523437483, -0.44972900390624987]], "r": [0.4574596003383462, 2.3815105378584294, -0.9792577266369313, 1.6102201045162585, -2.713126079961793, 2.395559027556827, 0.6742895150736243]}, "7": {"h": [[-0.0, -0.0339332275390625, -0.20854893493652346, -0.39243415832519524], [0.0, 0.8265, 0.6795483398437501, 0.7308248519897461], [0.0, -0.15980578613281243, -0.25741320800781226, -0.4800123291015624]], "r": [0.6358819577785427, 2.439711197862766, -1.2275055546945068, 1.4642081968172904, -2.9907177936241034, 2.358068553194144, -2.4061125410829396]}, "8": {"h": [[-0.0, -0.035440750122070305, -0.1620277557373047, -0.28160115051269535], [0.0, 0.8265, 0.6371095886230469, 0.5556095275878906], [0.0, -0.15396923828125014, -0.23386096191406242, -0.5113297119140625]], "r": [0.34517536976157537, 2.7055047710870133, -1.3185817013567285, 1.2389917362188898, -3.047272801827258, 2.4146153166885145, -0.6955237667617096]}, "9": {"h": [[-0.0, -0.04590095520019531, -0.11210794067382814, -0.12315789794921876], [0.0, 0.8265, 0.5695907287597657, 0.4336634521484375], [0.0, -0.13355847167968743, -0.33716967773437495, -0.6011977539062499]], "r": [0.43086837081382107, 2.3445746956138183, -1.7044400052128295, 1.271125124773384, -3.0651512109934935, 2.2944162311964686, -0.7576935758038862]}, "10": {"h": [[-0.0, -0.047429771423339845, -0.09804363250732423, -0.08338858795166015], [0.0, 0.8265, 0.5706519165039062, 0.4304510955810547], [0.0, -0.12994177246093735, -0.3351820068359373, -0.5949147949218747]], "r": [0.35052126457344573, 2.075182207546049, -1.8217876557607684, 1.2512320764186131, -2.7335675062989218, 2.2405062982821957, -3.3729195391894446]}, "11": {"h": [[-0.0, -0.05262040710449217, -0.04725724792480468, 0.08672499084472657], [0.0, 0.8265, 0.5871519622802734, 0.4595389556884765], [0.0, -0.1350428466796874, -0.3511055908203125, -0.5776802978515625]], "r": [0.1609728781455186, 1.7690106946607198, -1.8815764383135787, 1.3538758852130395, -2.541825427649665, 1.9554817216698028, 4.1514069067756845]}, "12": {"h": [[-0.0, -0.05400019836425782, -0.04499304199218751, 0.10661882019042969], [0.0, 0.8265, 0.5877440948486328, 0.4628870239257813], [0.0, -0.1297038574218748, -0.3472858886718749, -0.5635439453124997]], "r": [0.21418706416951067, 1.8569436176080145, -1.7183814471047563, 1.5682322156329982, -2.9155708144115513, 1.7460769520361843, -1.9259839406090973]}, "13": {"h": [[-0.0, -0.05473289489746093, -0.037588516235351574, 0.13089933776855467], [0.0, 0.8265, 0.5883310241699219, 0.4724752960205078], [0.0, -0.12574597167968743, -0.34984423828124994, -0.558638427734375]], "r": [0.38052136267200853, 1.7517443537586534, -1.686658337918021, 1.81289919662198, -2.942032431721688, 1.3903386581186123, -1.4290042628113906]}, "14": {"h": [[-0.0, -0.05210352325439452, 0.004069953918457034, 0.23332036590576172], [0.0, 0.8265, 0.6150359802246094, 0.5349184722900391], [0.0, -0.13273132324218767, -0.35607092285156244, -0.5153984375]], "r": [0.23501819669259516, 1.8380261790001935, -1.8623231247964103, 1.8081663153494607, -2.641247144829598, 1.3091536240172337, -1.5880592277203047]}, "15": {"h": [[-0.0, -0.051357368469238274, 0.040754615783691404, 0.3075532302856445], [0.0, 0.8265, 0.6663425750732422, 0.6492659606933594], [0.0, -0.12823229980468748, -0.35983605957031256, -0.4627464599609375]], "r": [0.3725749911491119, 1.6217607210744334, -1.5649200724688284, 1.9130405027256536, -2.3212479630094767, 1.0602302414042752, -4.145340604340975]}, "16": {"h": [[-0.0, -0.0655234909057617, 0.04756503295898438, 0.2982315826416016], [0.0, 0.8265, 0.7959257583618164, 0.9035395660400392], [0.0, -0.1538398437500002, -0.387093505859375, -0.459092041015625]], "r": [0.19403973178069112, 1.917735752962115, -1.3370546996859165, 2.0517623078728326, -2.335757957617314, 1.4486692450701475, 3.7836294173225067]}, "17": {"h": [[-0.0, -0.008860801696777353, -0.010114387512207036, 0.1585109329223633], [0.0, 0.8265, 0.8423864364624023, 1.0296841888427735], [0.0, -0.13523327636718757, -0.3968269042968749, -0.4916275634765624]], "r": [0.15581066915358474, 2.1986155304247648, -1.288245744503378, 2.0473589625382402, -2.350616696294033, 1.729746942057628, -4.054215367959342]}, "18": {"h": [[-0.0, -0.00976816558837891, -0.04690308380126952, 0.057331733703613275], [0.0, 0.8265, 0.9207946014404297, 1.1312729797363281], [0.0, -0.1414929199218749, -0.40703808593750007, -0.518480712890625]], "r": [0.4116443596272979, 2.327179697254182, -1.3973855646019546, 2.2442984422372785, -2.213617319666232, 1.677936434748678, 0.9872149353647375]}, "19": {"h": [[-0.0, -0.06060377502441407, -0.12242340087890625, -0.06568052673339846], [0.0, 0.8265, 0.8944774703979492, 1.1158923950195312], [0.0, -0.13258789062500004, -0.4015058593749999, -0.522984130859375]], "r": [0.23885378292884335, 2.521236406871189, -1.2297814794599708, 2.1586175330819044, -2.5668217872877537, 1.870312556901883, 1.0441964727828714]}, "20": {"h": [[-0.0, -0.061116821289062484, -0.16368251037597656, -0.16305247497558592], [0.0, 0.8265, 0.8874816207885743, 1.1140647583007812], [0.0, -0.1331746826171874, -0.40387561035156244, -0.5295692138671875]], "r": [0.5047248841357056, 2.432691071041479, -1.082184405033519, 2.168052872172416, -2.851141421319181, 1.9285586548828508, -0.2761525100390461]}, "21": {"h": [[-0.0, -0.058033409118652346, -0.20024877166748048, -0.251170768737793], [0.0, 0.8265, 0.8692082595825196, 1.0839976654052734], [0.0, -0.13051123046874996, -0.39769189453125003, -0.542751708984375]], "r": [0.3796386438761786, 2.6411800583081417, -1.1478566739688738, 2.069009387168312, -2.848204817624964, 2.0269308336561513, -0.4942458881089219]},