{"count": 16, "poses_seq": {"0": {"h": [[-0.0, -0.06376145553588868, 0.07071156692504882, 0.3011682777404785], [0.0, 0.8265, 0.6363653717041016, 0.5373016967773437], [0.0, -0.14525781249999997, -0.3597572021484375, -0.5128221435546874]], "r": [0.8048458837692335, 0.6546916310098085, -0.5130686889115083, 1.5214511581402508, 0.43985177676233433, 4.449670705222908, 1.3656855811522315]}, "1": {"h": [[-0.0, -0.07769583702087401, 0.08312058448791504, 0.3515427494049072], [0.0, 0.8265, 0.7261428451538086, 0.7039409561157227], [0.0, -0.17592297363281256, -0.36404296875000003, -0.4545943603515626]], "r": [0.6385004577205007, 0.9846042755827955, -0.3093912652686244, 1.6822263375702096, 0.10348976448501468, 4.421115349223298, 0.24096312727513475]}, "2": {"h": [[-0.0, -0.06307535743713379, 0.10770584678649903, 0.3782709712982178], [0.0, 0.8265, 0.8309251232147217, 0.8806148300170898], [0.0, -0.19303002929687502, -0.37176855468749986, -0.3947113037109374]], "r": [0.8444276902303873, 1.184835045857982, 0.04426037216462302, 1.660523425470112, 0.0050941714134869285, 4.134007478338126, 0.3124835385144784]}, "3": {"h": [[-0.0, -0.09188141632080078, 0.02206365966796875, 0.2308220443725586], [0.0, 0.8265, 0.9715723419189453, 1.139204086303711], [0.0, -0.19657067871093764, -0.365810791015625, -0.4019133300781251]], "r": [1.1942764184951644, 1.5725584768523087, 0.07253321464354325, 1.7082120886475767, 0.12459784174890283, 3.767270711398206, 1.5156808140745965]}, "4": {"h": [[-0.0, -0.06859120559692382, -0.01638510513305664, 0.1337141227722168], [0.0, 0.8265, 1.061110076904297, 1.2729448089599609], [0.0, -0.18788256835937528, -0.35526049804687504, -0.43308349609375]], "r": [1.2100568025605656, 1.705267252685607, 0.003964203811334607, 1.728062937331472, -0.10874130500319575, 3.548322304024756, 3.406880477927964]}, "5": {"h": [[-0.0, -0.024715530395507807, -0.05301847839355468, 0.0309068603515625], [0.0, 0.8265, 1.0467290649414063, 1.2849202270507813], [0.0, -0.16991833496093728, -0.3479525146484375, -0.4505072021484376]], "r": [1.39548684654301, 1.8063416055169474, -0.11297453778540555, 1.9647386585103908, 0.22265067160682067, 3.8435882000537833, -2.132137014481996]}, "6": {"h": [[-0.0, -0.014380104064941404, -0.09969906616210936, -0.06964064025878905], [0.0, 0.8265, 1.028117446899414, 1.2809414825439454], [0.0, -0.15387622070312484, -0.3438364257812499, -0.4559938964843749]], "r": [1.2420430173687138, 1.7832419960113801, -0.25125460780380815, 1.7308008066958354, 0.01733669313253966, 3.489611602014193, 0.19117586446049312]}, "7": {"h": [[-0.0, -0.012824050903320311, -0.14097671508789061, -0.17472004699707033], [0.0, 0.8265, 1.0135560531616212, 1.2741837997436525], [0.0, -0.1466656494140624, -0.3365546874999999, -0.455819091796875]], "r": [0.8757500213572254, 1.9806665543570552, -0.5388191608380198, 1.6094835597924957, 0.24618989425474042, 3.2959695396476216, 1.4503145435309825]}, "8": {"h": [[-0.0, -0.048167366027832045, -0.19581246185302736, -0.27868502044677734], [0.0, 0.8265, 1.0453791961669923, 1.3005436401367187], [0.0, -0.15375598144531227, -0.31639916992187495, -0.4321766357421873]], "r": [0.701292104192386, 2.2350149715507386, -0.6409983927721561, 1.489077007966709, -0.05324186983795978, 2.9528358132533987, 3.4367629018784056]}, "9": {"h": [[-0.0, -0.0638369369506836, -0.2649193344116211, -0.41569698333740235], [0.0, 0.8265, 1.021518310546875, 1.2525678100585937], [0.0, -0.14871337890625008, -0.2892926025390626, -0.38470385742187513]], "r": [0.7865419991410659, 2.3447177282177902, -0.7265036113435008, 1.6153607074671616, 0.07002403666534213, 3.3028672953149054, -0.13461303740295621]}, "10": {"h": [[-0.0, -0.06452385711669921, -0.32997133636474607, -0.5535605087280273], [0.0, 0.8265, 0.9770062713623047, 1.1615836029052735], [0.0, -0.1412635498046873, -0.24439685058593758, -0.3125089111328126]], "r": [1.0177885833205398, 2.390021908691541, -0.9328013734896068, 1.6599033965692391, 0.4155326916236255, 3.561600791057633, 0.32173616250066905]}, "11": {"h": [[-0.0, -0.06072087097167969, -0.37726264953613287, -0.6656819305419922], [0.0, 0.8265, 0.8728667449951172, 0.9467637710571289], [0.0, -0.13507824707031252, -0.2226282958984374, -0.2584840087890626]], "r": [1.326030934094769, 2.1474819902155122, -1.0529460704593465, 1.3969726405887113, 0.13242925579426745, 3.3987281495853536, 2.0590642903255176]}, "12": {"h": [[-0.0, -0.05546951293945314, -0.3592814178466797, -0.6465220184326171], [0.0, 0.8265, 0.704575782775879, 0.6296833801269531], [0.0, -0.13688317871093753, -0.2460754394531251, -0.29772937011718753]], "r": [1.1170542591626382, 2.4553985797730618, -1.3692596316429053, 1.0794958647862658, 0.3351172848706155, 3.308225605957561, 2.8314676269913996]}, "13": {"h": [[-0.0, -0.05694723510742186, -0.2929099884033203, -0.5319589996337891], [0.0, 0.8265, 0.6096504211425782, 0.45119136047363284], [0.0, -0.1447689208984378, -0.2726022949218752, -0.36708117675781265]], "r": [1.0627468511054532, 2.657042896630041, -1.6122645272823481, 1.017081379967133, 0.04924062701757925, 3.488283264411014, 4.52014544791329]}, "14": {"h": [[-0.0, -0.056449798583984384, -0.274709487915039, -0.5009737091064453], [0.0, 0.8265, 0.5862229156494141, 0.40979820251464844], [0.0, -0.14648706054687538, -0.2842065429687502, -0.38603906250000014]], "r": [1.0198522534471444, 2.6630157845319524, -1.6361506674638027, 0.7977992958246338, 0.22679235501008546, 3.1076506726681696, -2.590160439519853]}, "15": {"h": [[-0.0, -0.04581912994384767, -0.12034932708740236, -0.20070801544189454], [0.0, 0.8265, 0.5168843994140625, 0.27701208496093743], [0.0, -0.12972998046875023, -0.30753112792968756, -0.4761627197265626]], "r": [0.6782554183357631, 2.631782552300505, -1.9319542359928594, 0.8054105362277427, 0.10157290999281551, 3.449722958397108, -5.652876934029233]}}, "id": 3}