{"count": 28, "poses_seq": {"0": {"h": [[-0.0, -0.046141700744628894, -0.054151298522949226, -0.048502204895019524], [0.0, 0.8265, 0.5266888732910155, 0.28193978881835935], [0.0, -0.14215258789062518, -0.32891125488281264, -0.5078630371093751]], "r": [-0.6905360059058899, 4.94887055512981, -4.642705693213622, 4.392841410470945, -0.00029948323057515935, 1.0759749800572724, 0.9809844411725481]}, "1": {"h": [[-0.0, -0.0679795913696289, 0.05012525177001953, 0.26260709381103514], [0.0, 0.8265, 0.5698098144531251, 0.4057620391845704], [0.0, -0.13859655761718775, -0.32282763671875, -0.45125366210937506]], "r": [-1.0499344945846498, 4.630621584550985, 1.673261349101702, 4.615832861290197, -0.08263916411749794, 1.4428263455593469, 0.17588331253515704]}, "2": {"h": [[-0.0, -0.07089863967895507, 0.09210099411010741, 0.36665939712524415], [0.0, 0.8265, 0.6260568237304688, 0.5375674285888672], [0.0, -0.1416923828124999, -0.3240292968749999, -0.37259082031249996]], "r": [-1.0464398016667955, 4.301645405662587, 1.6898807815999355, 4.849938812177488, -0.3797312999066286, 1.804083393712934, -2.1358214497794026]}, "3": {"h": [[-0.0, -0.06553296279907228, 0.13789728927612305, 0.42443012619018555], [0.0, 0.8265, 0.7145023727416993, 0.760470043182373], [0.0, -0.15126770019531272, -0.3330654296875, -0.33854235839843755]], "r": [-1.1341719221762288, 4.102626076938212, 1.5548161686659896, 4.684462789536742, -0.6468042812711149, 1.766028487690244, -1.544992315165148]}, "4": {"h": [[-0.0, -0.06885675048828124, 0.07158325195312501, 0.29807371520996095], [0.0, 0.8265, 0.7899906997680664, 0.951810302734375], [0.0, -0.16674255371093777, -0.38327136230468756, -0.4354218750000001]], "r": [-0.8662589213228387, 3.751603065190034, 1.7057480135036363, 4.291704097394805, -0.902027502173687, 1.5242569032067883, 0.2819097101805049]}, "5": {"h": [[-0.0, -0.08025909805297851, -0.0073069496154785155, 0.14145486068725585], [0.0, 0.8265, 0.8148247423171997, 1.0139402618408204], [0.0, -0.1673499755859374, -0.40776379394531254, -0.5071809082031249]], "r": [-0.8277764716031139, 3.8715439090928143, 1.7270745488676016, 4.011964162447934, -0.9797801691127326, 1.400615150964122, -0.9587167831245322]}, "6": {"h": [[-0.0, -0.06599148178100586, -0.05885686874389649, 0.03653991317749023], [0.0, 0.8265, 0.8172890100479127, 1.0268795318603516], [0.0, -0.15912182617187504, -0.42064306640625, -0.5372814941406248]], "r": [-0.45942363238917855, 3.7728906487272815, 1.6646010895414765, 4.042226472684176, -0.8595961295981733, 1.5426594908675948, 1.698915483373478]}, "7": {"h": [[-0.0, -0.030086524963378908, -0.08792521667480468, -0.04753492736816406], [0.0, 0.8265, 0.8128315467834473, 1.03473974609375], [0.0, -0.15140197753906232, -0.4133784179687499, -0.5387602539062497]], "r": [-0.525559826502987, 4.097929273379148, 1.5153416659655499, 4.317958978810618, -1.2301477114351895, 1.6241730087724553, -1.3111224321094173]}, "8": {"h": [[-0.0, -0.07224648284912108, -0.14163866424560545, -0.1510622329711914], [0.0, 0.8265, 0.7834945259094238, 0.9997938079833985], [0.0, -0.16455798339843747, -0.4223581542968751, -0.5629425048828125]], "r": [-0.6752593031909176, 4.289582607527237, 1.4921273195760574, 4.228548336002556, -1.3548625155940275, 1.4306941925072711, -0.019972064646349236]}, "9": {"h": [[-0.0, -0.07428923797607423, -0.16986441802978516, -0.24349683380126955], [0.0, 0.8265, 0.7548623046875, 0.9358111419677735], [0.0, -0.16588977050781245, -0.4253299560546873, -0.5895560302734373]], "r": [-0.5869071035400482, 4.263661714019417, 1.7215461345640755, 3.95316250015089, -1.2300495864621024, 1.2543172998419503, -1.9955470468424976]}, "10": {"h": [[-0.0, -0.06525485229492188, -0.16732859802246092, -0.2829404296875], [0.0, 0.8265, 0.6349466400146484, 0.6670441284179688], [0.0, -0.15240856933593766, -0.39957702636718767, -0.6313233642578127]], "r": [-0.5910765040706565, 4.5199571542876456, 1.941593972152416, 4.083818105394835, -1.1139244108204942, 1.0206151893268527, -2.9739678598708243]}, "11": {"h": [[-0.0, -0.06400315856933593, -0.1312554931640625, -0.1874386749267578], [0.0, 0.8265, 0.588445297241211, 0.560730697631836], [0.0, -0.1490999755859373, -0.36195703124999984, -0.6315950927734373]], "r": [-0.8385900028013744, 4.628709642611589, 1.984459549487856, 4.041782902284699, -1.0481674271659638, 0.7515579689336908, -0.22760697562356963]}, "12": {"h": [[-0.0, -0.06282955932617187, -0.08997724914550781, -0.0730908660888672], [0.0, 0.8265, 0.5808685150146484, 0.5407774810791015], [0.0, -0.15076599121093742, -0.38076721191406243, -0.6503326416015622]], "r": [-0.9086707707275953, 4.655377459977343, 1.9424146730201102, 4.131607089143455, -0.8978059152844039, 0.8939637797461725, 0.3580388644054924]}, "13": {"h": [[-0.0, -0.06161798858642578, -0.04282262420654298, 0.039408500671386716], [0.0, 0.8265, 0.5928924255371094, 0.5655390167236328], [0.0, -0.13945031738281238, -0.37028564453124996, -0.6181063232421873]], "r": [-1.142255991935737, 4.669503783472125, 1.9709405032876912, 4.404021737370656, -1.182396347867801, 0.8284231023666165, 2.1299647629910194]}, "14": {"h": [[-0.0, -0.06532988739013673, -0.012990325927734372, 0.12812513732910155], [0.0, 0.8265, 0.6380444946289063, 0.6704090423583985], [0.0, -0.1423430175781249, -0.39032153320312474, -0.6020773925781249]], "r": [-1.0638678594536002, 4.344983409410581, 2.1259956806771867, 4.427891443536286, -1.1474694827264047, 1.0862333728667364, 0.09979645818060526]}, "15": {"h": [[-0.0, -0.07030602264404297, -0.08045052337646484, 0.00550269317626953], [0.0, 0.8265, 0.7261680603027344, 0.8914778442382812], [0.0, -0.15941625976562507, -0.422100341796875, -0.5985931396484374]], "r": [-0.9024004761187783, 4.2563993346939215, 1.8063592944379798, 4.344816386216212, -1.4265303639816709, 1.227714520865782, -1.5907966254215498]}, "16": {"h": [[-0.0, -0.07058712005615236, -0.11139827728271484, -0.07894683074951173], [0.0, 0.8265, 0.7119367446899414, 0.8759159317016603], [0.0, -0.1580072021484374, -0.4252806396484377, -0.6198662109374999]], "r": [-0.806905170005942, 4.434930917501068, 1.6077081376006999, 4.450006080717481, -1.4072821753959013, 1.3496900832597105, -3.1233360266757844]}, "17": {"h": [[-0.0, -0.0675617446899414, -0.1418394241333008, -0.16108556365966797], [0.0, 0.8265, 0.6794228820800782, 0.7496484146118164], [0.0, -0.15021728515625005, -0.40803417968750005, -0.6539963378906251]], "r": [-0.8481182439830179, 4.5989878040210135, 1.6627265863730005, 4.372576266405935, -1.4187615277730181, 1.1398972166609187, -3.0197917689730667]}, "18": {"h": [[-0.0, -0.06859816741943359, -0.06997934722900392, -0.03739310455322266], [0.0, 0.8265, 0.5928254852294922, 0.5900259094238282], [0.0, -0.14140173339843748, -0.3621026611328127, -0.63215869140625]], "r": [-0.8748352854018115, 4.80953235868517, 1.8042793714580176, 4.696228338016768, -1.2559356409225355, 1.1899867270836861, -2.707510623286183]}, "19": {"h": [[-0.0, -0.060562660217285166, -0.01835529327392578, 0.0802810821533203], [0.0, 0.8265, 0.6082201080322266, 0.624069076538086], [0.0, -0.13293359375000008, -0.3601906738281249, -0.5975043945312499]], "r": [-1.123475391337121, 4.69992338495125, 1.8808777155211192, 4.937492472970202, -1.4998119681714837, 1.0543154416382698, -2.1750227080753146]}, "20": {"h": [[-0.0, -0.06869779205322264, -0.019874488830566403, 0.1158928451538086], [0.0, 0.8265, 0.6854998626708985, 0.8001712799072266], [0.0, -0.14439221191406243, -0.40243957519531254, -0.5871873779296874]], "r": [-1.3422324116819875, 4.506909786796911, 1.5754704494353924, 4.871251846834383, -1.8123520532892636, 0.9959728262585821, -1.0737801806846057]}, "21": {"h": [[-0.0, -0.06912545776367189, -0.08534158325195314, -0.035244277954101566], [0.0, 0.8265, 0.7211152954101563, 0.9168775024414062], [0.0, -0.14693969726562478, -0.41503857421874996, -0.5704912109375]], "r": [-1.0644445980572592, 4.258347112596653, 1.5290983761995307, 4.927109610861769, -2.1631793880057986, 0.9708913659242538, 0.7975604967403191]},