{"count": 46, "poses_seq": {"0": {"h": [[-0.0, -0.03911707305908205, -0.03247417449951173, 0.053642692565917964], [0.0, 0.8265, 0.590903823852539, 0.4415462036132813], [0.0, -0.13004602050781228, -0.3572947998046874, -0.5961838378906248]], "r": [-4.668902658062466, 2.2672263264922776, -0.06932156635997658, 4.13721373726765, -3.3514522868680037, 5.335890078581972, 4.181912922753191]}, "1": {"h": [[-0.0, -0.03409608459472657, 0.010619400024414055, 0.17160806274414062], [0.0, 0.8265, 0.5949229583740234, 0.477002182006836], [0.0, -0.12381689453124994, -0.35865820312500013, -0.5757932128906249]], "r": [1.318448749182752, 2.148940765941103, 0.2831746268281835, 4.030691484669267, 2.6637760286062737, 5.616234389922261, 0.2523996578941041]}, "2": {"h": [[-0.0, -0.05673010253906251, 0.031305496215820315, 0.2700523986816406], [0.0, 0.8265, 0.6467805023193359, 0.5982294311523437], [0.0, -0.13781799316406268, -0.3706199951171874, -0.5272215576171875]], "r": [1.302216802488489, 2.3341362318633676, 0.21528833440773873, 4.099014778372994, 2.304198426369898, 5.572043539229995, 2.5386136228020986]}, "3": {"h": [[-0.0, -0.06761499404907227, 0.0626930046081543, 0.28640615463256835], [0.0, 0.8265, 0.7920950393676758, 0.8672855682373046], [0.0, -0.16837927246093726, -0.40767395019531244, -0.5455008544921873]], "r": [1.52070594800486, 2.668447213952498, -0.031084525723679507, 3.755676740258344, 2.1697311750441868, 5.257680904158338, 1.2128672817161217]}, "4": {"h": [[-0.0, -0.07164108085632324, 0.027713022232055663, 0.18067061042785643], [0.0, 0.8265, 0.8923479690551758, 1.0256851654052734], [0.0, -0.17671154785156268, -0.44348620605468764, -0.6038070068359376]], "r": [1.770042788380291, 2.8978383921961033, 0.1262294509792545, 4.02429354798032, 1.8198995922675596, 4.894845552555983, -0.9223441433625282]}, "5": {"h": [[-0.0, -0.049466011047363284, -0.008074668884277346, 0.07486842346191407], [0.0, 0.8265, 0.9221461486816407, 1.079967269897461], [0.0, -0.1562840576171876, -0.4448818359375, -0.6359279785156251]], "r": [2.084851159247216, 2.7485598088789325, -0.11631092953048419, 3.91888346873257, 1.6057209638018364, 4.959352533503965, 0.057379763489646615]}, "6": {"h": [[-0.0, -0.01427368927001954, -0.04675780487060548, -0.02625348663330078], [0.0, 0.8265, 0.9136785125732422, 1.0737963409423827], [0.0, -0.15829638671874996, -0.4630701904296877, -0.6679692382812501]], "r": [2.2064229684405086, 2.569069857750382, -0.21871009941116523, 3.7381860618291207, 1.5447727866240553, 5.0363349242034525, -0.21587957202034938]}, "7": {"h": [[-0.0, -0.01917481994628907, -0.09319304656982422, -0.1360433883666992], [0.0, 0.8265, 0.907685272216797, 1.065513870239258], [0.0, -0.15516503906250018, -0.4590052490234376, -0.6781298828125]], "r": [2.271800573831412, 2.7204870691272207, 0.005549731548511478, 3.6309429515015195, 1.9194494806659808, 4.969657378642269, 2.3041764794813355]}, "8": {"h": [[-0.0, -0.01617803955078126, -0.14425955200195312, -0.2657377319335938], [0.0, 0.8265, 0.8736200408935547, 1.0120316314697266], [0.0, -0.14920739746093764, -0.44409216308593763, -0.6690653076171875]], "r": [2.446186735600324, 2.5720392655253104, 0.011095042840552478, 3.810377431360267, 1.5871928087647964, 5.088719224302724, 1.4795994976226325]}, "9": {"h": [[-0.0, -0.00762797546386719, -0.20446956634521482, -0.41042772674560546], [0.0, 0.8265, 0.803585527420044, 0.8694975357055664], [0.0, -0.14718432617187488, -0.4375222167968749, -0.6462014160156249]], "r": [2.578418375153345, 2.462492479108105, 0.012343936500522588, 3.855665880213724, 1.795153667873654, 5.186204385544656, -0.6644587240988252]}, "10": {"h": [[-0.0, -0.061056236267089836, -0.24186286163330079, -0.4531514053344727], [0.0, 0.8265, 0.6851512908935546, 0.5750575256347656], [0.0, -0.1556121826171875, -0.4090371093750001, -0.5934213867187501]], "r": [2.4482306819374138, 2.1455648292377316, 0.1899582829820663, 3.668870225580697, 2.164696036276624, 5.518519802239325, 1.975362105657752]}, "11": {"h": [[-0.0, -0.062273590087890615, -0.1702323760986328, -0.308406982421875], [0.0, 0.8265, 0.6091823730468751, 0.43253871154785156], [0.0, -0.1574819335937499, -0.4018165283203124, -0.6031076660156247]], "r": [2.11978514702704, 2.101217692428593, 0.36342747221611316, 3.9493740065237617, 2.4590852520878825, 5.49311506397091, 4.932608916742146]}, "12": {"h": [[-0.0, -0.060208045959472656, -0.1119936294555664, -0.18958460235595703], [0.0, 0.8265, 0.5836643676757812, 0.3806830139160156], [0.0, -0.1583516845703124, -0.3945687255859374, -0.6028780517578125]], "r": [1.9496736655550777, 2.0394822861753545, 0.404940293418667, 4.119934891588406, 2.4336549704490587, 5.504146208160378, -3.406608401170463]}, "13": {"h": [[-0.0, -0.04406491088867187, 0.048002525329589846, 0.13605008697509766], [0.0, 0.8265, 0.5895178375244141, 0.40498818969726563], [0.0, -0.15370166015625003, -0.36278515625, -0.5756101074218751]], "r": [1.5635578687444718, 2.2024211820800983, 0.3069446997371635, 4.454482181128714, 2.2994200745454227, 5.306158390932501, 3.4405456976102253]}, "14": {"h": [[-0.0, -0.044011154174804695, 0.08708370971679687, 0.23459939575195313], [0.0, 0.8265, 0.6077271118164063, 0.44560052490234375], [0.0, -0.1613353271484373, -0.3656893310546874, -0.5654830322265623]], "r": [1.4205837701139499, 2.359525521249286, 0.4403927747320445, 4.719264128027821, 2.051800405572571, 5.143737703127795, -3.860207487847673]}, "15": {"h": [[-0.0, -0.04842252349853515, 0.11549288177490234, 0.33182012939453126], [0.0, 0.8265, 0.6725868682861329, 0.5848659973144532], [0.0, -0.176638671875, -0.37048620605468746, -0.5408388671875]], "r": [1.0710589913322937, 2.4689797330459604, 0.6785992442164754, 4.342868672241386, 2.0839964219499034, 5.298688738982539, 2.3617230242540503]}, "16": {"h": [[-0.0, -0.023581233024597165, 0.1368467264175415, 0.38690058994293214], [0.0, 0.8265, 0.7731568565368652, 0.7809196548461914], [0.0, -0.20523437500000014, -0.38878576660156267, -0.5176490478515625]], "r": [1.0017561043742231, 2.7655405946120992, 0.5417318227874421, 4.077499301193516, 2.1646817382668493, 5.05719894928582, 0.1566852563978946]}, "17": {"h": [[-0.0, -0.03814871406555175, 0.10745171928405761, 0.31244396781921385], [0.0, 0.8265, 0.9291141510009766, 1.0504285430908202], [0.0, -0.21354614257812515, -0.4060399169921876, -0.5146119384765626]], "r": [0.9836718491323048, 3.0468717580894342, 0.593631803069809, 3.9239825766930614, 2.222498384254919, 4.736232163827403, -2.3983480910928203]}, "18": {"h": [[-0.0, 0.004313045501708988, 0.08689052200317383, 0.2204947967529297], [0.0, 0.8265, 0.9982623443603516, 1.1889733428955078], [0.0, -0.1754344482421875, -0.406418701171875, -0.537441650390625]], "r": [0.9782357832673618, 3.2127864733276823, 0.6325685642042133, 4.0644789157687, 2.212020788908754, 4.415898420292004, -0.6956299452353363]}, "19": {"h": [[-0.0, -0.012605674743652345, -0.0006949157714843668, 0.06997469329833984], [0.0, 0.8265, 1.020920867919922, 1.2474409637451171], [0.0, -0.1784801025390626, -0.39706469726562493, -0.5484901123046875]], "r": [1.2179477382669055, 3.283544101258825, 0.5678835948903157, 4.077936004618912, 2.28103294129073, 4.298912931568298, 0.11691533007306784]}, "20": {"h": [[-0.0, -0.047054557800292975, -0.0787609634399414, -0.06625670623779298], [0.0, 0.8265, 1.0640540771484375, 1.3063033599853515], [0.0, -0.20366955566406225, -0.39809252929687494, -0.5567839355468749]], "r": [1.5212829291208672, 3.2402837575467394, 0.584199660962463, 3.970546039494728, 2.2194867010246937, 4.361879907357112, 0.677176427561112]}, "21": {"h": [[-0.0, -0.06628004837036133, -0.15386700820922852, -0.19536838150024413], [0.0, 0.8265, 1.0318943328857422, 1.2705340881347655], [0.0, -0.16960571289062482, -0.3746361083984376, -0.5337950439453125]], "r": [1.6888721165058909, 3.1724408586966244, 0.6325364986801681, 3.7964901319640965, 2.4008864828271097, 4.510554135489193, -0.0571483688325983]},