{"count": 18, "poses_seq": {"0": {"h": [[-0.0, -0.06578417205810547, -0.17212110137939451, -0.14295577239990234], [0.0, 0.8265, 0.8770496673583985, 1.0779391479492189], [0.0, -0.15163562011718762, -0.4142741699218749, -0.5748209228515624]], "r": [-1.7268922194659069, 3.609652979090499, -0.7634941466906524, 3.6468447022462414, 1.2294048090815768, 5.223246917025597, -2.072631840572121]}, "1": {"h": [[-0.0, -0.06279190826416016, -0.2054769058227539, -0.22896323394775392], [0.0, 0.8265, 0.8333170075416565, 1.0191894226074218], [0.0, -0.14893322753906207, -0.41020214843749986, -0.5859670410156248]], "r": [-1.6024889435211611, 3.6786490359719344, -0.7701865457192768, 3.591994699594886, 1.3463619424008857, 5.25097238940616, -3.8311084490532874]}, "2": {"h": [[-0.0, -0.056490554809570326, -0.21487844848632812, -0.28263839721679684], [0.0, 0.8265, 0.6844627532958985, 0.7343856964111328], [0.0, -0.1412008056640624, -0.3975750732421875, -0.6411788330078125]], "r": [-1.5057569248066727, 4.040914465787898, -0.9952719175075156, 3.9473751651156355, 1.5321022162451563, 5.510792825876675, 1.4001375108711085]}, "3": {"h": [[-0.0, -0.052551071166992175, -0.12740130615234374, -0.12721595764160157], [0.0, 0.8265, 0.5940928955078125, 0.5512781372070312], [0.0, -0.14762219238281232, -0.3907965087890624, -0.6586516113281249]], "r": [-1.810447433193345, 4.422988808954231, -0.790745943016084, 4.192987347520477, 1.853529066524173, 5.595820042858546, 1.2195903842202958]}, "4": {"h": [[-0.0, -0.0479306869506836, -0.05829409027099609, 0.009963653564453126], [0.0, 0.8265, 0.5890440368652343, 0.515258041381836], [0.0, -0.16024157714843784, -0.38316650390625023, -0.6372841796875002]], "r": [-2.143257302967126, 4.634246052480219, -0.6210085663553396, 4.271147680133706, 2.1269286166880974, 5.416778401061476, -1.1604617064919438]}, "5": {"h": [[-0.0, -0.041301788330078124, 0.005948944091796873, 0.1675980224609375], [0.0, 0.8265, 0.5971999969482422, 0.5234751434326173], [0.0, -0.14802038574218762, -0.37006872558593745, -0.5943708496093749]], "r": [-2.2428457416486594, 4.452616594488707, -0.8854893706158816, 4.236584316006578, 2.0318860949115183, 5.693759886353313, 0.29526364711755376]}, "6": {"h": [[-0.0, -0.041359825134277356, 0.048605506896972656, 0.2764292221069336], [0.0, 0.8265, 0.6267179412841797, 0.5951535186767578], [0.0, -0.1433995361328127, -0.36628466796875, -0.5390440673828125]], "r": [-2.5487443988588807, 4.415203361732241, -0.6672917079242199, 4.268100278443093, 2.054810903977026, 5.555007898429622, -1.6254717693726135]}, "7": {"h": [[-0.0, -0.05523222351074219, 0.042421638488769536, 0.28829368591308596], [0.0, 0.8265, 0.7249474868774415, 0.7904942474365234], [0.0, -0.17206848144531245, -0.3910162353515623, -0.5032279052734374]], "r": [-2.6284866955649555, 4.153248728795512, -0.35769576289675464, 4.215390961351899, 1.68755130765373, 5.47545448925467, -3.67719945187321]}, "8": {"h": [[-0.0, -0.07161112976074217, -0.03908409118652344, 0.13503277587890625], [0.0, 0.8265, 0.8844722862243652, 1.0399544982910156], [0.0, -0.13956640625, -0.4076126708984374, -0.5172207031249998]], "r": [-2.548036705508512, 3.9638279999499093, -0.1200281604684018, 4.0455968213830475, 1.6273148398212345, 5.1060696414666955, 3.384172226707228]}, "9": {"h": [[-0.0, -0.06213755035400391, -0.11228090667724609, -0.00718128967285156], [0.0, 0.8265, 0.9129815826416016, 1.1125654449462892], [0.0, -0.14558459472656265, -0.404272705078125, -0.5330889892578123]], "r": [-2.5905518522301447, 3.7537014204702075, -0.3808638235279794, 4.224956168445084, 1.5870295628787956, 4.831117032155285, -0.966148128086237]}, "10": {"h": [[-0.0, -0.067838134765625, -0.18713769531250002, -0.14808946228027345], [0.0, 0.8265, 0.9094611129760741, 1.1199701843261718], [0.0, -0.15280078125000013, -0.40045312500000013, -0.5443308105468752]], "r": [-2.2818736683785246, 3.5883308081418015, -0.6537765606469077, 4.062040516458397, 1.601245909287731, 4.880502637041012, -0.19166336724796246]}, "11": {"h": [[-0.0, -0.06557061767578126, -0.23749658203125001, -0.27119955444335936], [0.0, 0.8265, 0.8821729393005371, 1.081320816040039], [0.0, -0.15123193359375026, -0.3934343261718752, -0.5550981445312502]], "r": [-2.2801587711665725, 3.520859484794755, -0.8334953355587303, 4.3372296799557635, 1.6297008012489593, 4.669678263215026, 0.8412000231230505]}, "12": {"h": [[-0.0, -0.05924790954589844, -0.26596372985839845, -0.38045225524902343], [0.0, 0.8265, 0.8043364181518555, 0.9519811019897461], [0.0, -0.1374781494140625, -0.3791505126953126, -0.5694959716796877]], "r": [-2.0957210639843287, 3.854874697116322, -0.7624760144173063, 4.504038213510378, 1.7973327169248952, 4.547307294479816, 3.2732209434719084]}, "13": {"h": [[-0.0, -0.056487350463867186, -0.23920881652832032, -0.4054434356689453], [0.0, 0.8265, 0.680032455444336, 0.6793599700927735], [0.0, -0.13718664550781262, -0.36259887695312504, -0.604767822265625]], "r": [-1.9580090234930831, 4.096783613394163, -0.9626548454437601, 4.686538124242202, 1.9035279553102091, 4.649637428609142, -4.52046719328304]}, "14": {"h": [[-0.0, -0.05326783752441405, -0.17030740356445312, -0.24643954467773438], [0.0, 0.8265, 0.6048433227539063, 0.5053886566162109], [0.0, -0.1463494873046874, -0.3662067871093749, -0.6328149414062498]], "r": [-1.9890123124706596, 4.437658965596964, -0.8668225235933155, 4.716121025942783, 1.908235194971443, 5.005925218845489, 1.3887507608977872]}, "15": {"h": [[-0.0, -0.05428721618652342, -0.08053903198242186, 0.00037412261962890825], [0.0, 0.8265, 0.5847113037109375, 0.4750321960449219], [0.0, -0.14269458007812502, -0.3707641601562502, -0.625611572265625]], "r": [-2.186303665498107, 4.547748904659752, -0.7464862873774575, 4.660646393597194, 1.9180018739539246, 5.361275974778565, -0.28505102723596754]}, "16": {"h": [[-0.0, -0.0525946044921875, -0.017801666259765633, 0.15686981201171873], [0.0, 0.8265, 0.6058958740234375, 0.5358016357421875], [0.0, -0.14367260742187488, -0.37527136230468755, -0.5935181884765623]], "r": [-2.1886252208528534, 4.304015818928261, -1.0631076106899715, 4.83365634123249, 1.6136410653860458, 5.686876777042482, -1.9958733771606436]}, "17": {"h": [[-0.0, -0.0539786376953125, 0.022776428222656242, 0.25965109252929686], [0.0, 0.8265, 0.6662885742187501, 0.682254608154297], [0.0, -0.15358764648437512, -0.37928173828124995, -0.5324497070312499]], "r": [-2.5148343570556877, 4.168534887967132, -0.7021829270864237, 4.8193568831596405, 1.4692405471326093, 5.57785540444375, -0.630628368872438]}}, "id": 8}