{"count": 42, "poses_seq": {"0": {"h": [[-0.0, -0.04315861511230469, -0.11773545837402345, 0.07776197814941406], [0.0, 0.8265, 0.6357043151855468, 0.7517074508666992], [0.0, -0.16207080078124997, -0.29525390625, -0.420485107421875]], "r": [1.4148515036235723, 3.595393084876016, 0.17226444657111606, 4.956635570945378, -0.4403103729440008, 2.1425236526345395, 1.0528647983215045]}, "1": {"h": [[-0.0, -0.050270393371582026, 0.015562294006347656, 0.2557937469482422], [0.0, 0.8265, 0.7138281097412109, 0.7937814865112305], [0.0, -0.1677355957031253, -0.3815205078125002, -0.43198388671875004]], "r": [1.5577628703728972, 3.63887126427943, -0.2076271129340988, 5.077288005454526, -0.7123744889297421, 2.524937141087032, -1.6997802745822317]}, "2": {"h": [[-0.0, -0.0781251449584961, -0.07559664154052734, 0.13378928375244142], [0.0, 0.8265, 0.7261374359130859, 0.8019139251708984], [0.0, -0.1562083740234373, -0.37981750488281235, -0.5072137451171874]], "r": [1.4868197455677234, 3.477856452649186, 0.09116981071272441, 4.890828892717711, -0.6507068480205375, 2.298316202438886, -0.6376992634948933]}, "3": {"h": [[-0.0, -0.06352029418945312, -0.13431373596191407, 0.01733427429199219], [0.0, 0.8265, 0.63743310546875, 0.7544032897949219], [0.0, -0.13914868164062516, -0.2869257812500002, -0.4551300048828127]], "r": [1.6621666902909042, 3.5851405567299968, 0.17328369217375125, 5.029808444172666, -0.6645244418697054, 2.258855460977232, -2.359191911230061]}, "4": {"h": [[-0.0, -0.062388244628906256, -0.14725050354003905, -0.0701345977783203], [0.0, 0.8265, 0.6022201843261719, 0.7246616592407227], [0.0, -0.1531166992187501, -0.20104028320312511, -0.41028588867187527]], "r": [1.3140885432140195, 3.677495070452775, 0.5244943108330944, 5.036229782771917, -0.42384303444368154, 2.2176938322828748, -3.1825753354999695]}, "5": {"h": [[-0.0, -0.055355628967285145, -0.147765007019043, -0.13455835723876952], [0.0, 0.8265, 0.6096170654296875, 0.7348606491088867], [0.0, -0.1453907470703129, -0.19832263183593773, -0.4234249267578128]], "r": [1.0992464583101835, 3.649094174768233, 0.6446321378613488, 4.866507597239712, -0.11508292853163027, 2.097826704836819, 1.6398617180029933]}, "6": {"h": [[-0.0, -0.04882806396484374, -0.20997750854492186, -0.2810614929199219], [0.0, 0.8265, 0.6476150512695312, 0.7655616607666016], [0.0, -0.1426317138671876, -0.24678979492187497, -0.4632244873046874]], "r": [1.102854779444254, 3.368322071645929, 0.7606902556002674, 4.559080367234845, 0.18817564133119424, 1.8719922698865328, -0.35303156695236715]}, "7": {"h": [[-0.0, -0.05841507720947264, -0.2997562789916992, -0.47890294647216797], [0.0, 0.8265, 0.7202085494995117, 0.8210576934814453], [0.0, -0.1448154296875, -0.29745385742187486, -0.4577363281249998]], "r": [1.4368033382542333, 2.9866186417998435, 0.6963811813255291, 4.3239907467423, 0.5405307501037679, 1.7377569238620283, -3.3210785481684018]}, "8": {"h": [[-0.0, -0.05444016265869141, -0.32791316986083985, -0.5980645980834961], [0.0, 0.8265, 0.7916852416992188, 0.8299736595153808], [0.0, -0.14225012207031257, -0.3083084716796874, -0.41329187011718754]], "r": [1.7649854399970244, 2.9105553884054345, 0.6892679481161752, 4.225591150592219, 0.30474155603737013, 1.756476240760826, 5.3980051934436135]}, "9": {"h": [[-0.0, -0.05075784301757813, -0.2525050354003906, -0.4087044677734375], [0.0, 0.8265, 0.6576921997070313, 0.7781343154907227], [0.0, -0.16072924804687477, -0.20874206542968726, -0.417405029296875]], "r": [1.5273888329049554, 3.110828552350498, 0.49931174392811206, 4.428167194154043, 0.49362349964938806, 1.6553625893728585, -1.7054847827522543]}, "10": {"h": [[-0.0, -0.043841194152832025, -0.18503502655029294, -0.27496706390380854], [0.0, 0.8265, 0.6336885681152344, 0.748632827758789], [0.0, -0.16292529296874997, -0.16788525390625014, -0.39850671386718767]], "r": [1.2869159808471624, 3.3021786762298917, 0.6358965450233981, 4.4919726126588, 0.20626493364388374, 1.625582221574185, -3.309240158847033]}, "11": {"h": [[-0.0, -0.04311740875244141, -0.2627006759643555, -0.39224471282958984], [0.0, 0.8265, 0.6809981689453125, 0.8265225219726562], [0.0, -0.16241796874999964, -0.22634802246093716, -0.4014145507812497]], "r": [1.0958380629526336, 3.1836376104167194, 0.9186079624847173, 4.3242899692752985, 0.42569575206722143, 1.6130463865481806, 6.018997580212323]}, "12": {"h": [[-0.0, -0.07195437240600586, -0.09315835189819335, -0.04846882247924804], [0.0, 0.8265, 0.759696891784668, 0.7721612777709961], [0.0, -0.1533424072265624, -0.43370703125000004, -0.685966552734375]], "r": [0.9559535783989409, 2.876653036801755, 0.7180701415649697, 4.1690689199855075, 0.1298937922298617, 1.6698240304573233, 0.14363072806263041]}, "13": {"h": [[-0.0, -0.07689253997802735, -0.0029434051513671927, 0.11620932006835938], [0.0, 0.8265, 0.7377203750610352, 0.7428022613525391], [0.0, -0.15727868652343752, -0.4386146240234375, -0.6656159667968748]], "r": [0.7483226579241886, 2.9297276630088414, 0.6239198346722996, 4.2889359477571825, 0.14861053862267792, 1.7222220207908014, -1.3171798660164122]}, "14": {"h": [[-0.0, -0.07744847106933594, 0.016921966552734376, 0.1886923828125], [0.0, 0.8265, 0.7647124023437499, 0.812678970336914], [0.0, -0.17829504394531243, -0.4252789306640626, -0.6090313720703127]], "r": [0.5793513652819657, 2.8826035405646477, 0.5221513420400999, 4.089176060100511, 0.4406840407903524, 1.4838007092084402, -0.8939246383225872]}, "15": {"h": [[-0.0, -0.0813671875, -0.02478189086914062, 0.07905414581298828], [0.0, 0.8265, 0.7137839279174805, 0.7077806472778321], [0.0, -0.15436071777343768, -0.4485220947265625, -0.6842039794921875]], "r": [0.6063987277010575, 2.925565412496119, 0.8530412618174131, 4.427697200394833, 0.107272295210677, 1.8669947460418694, -3.5151240574965614]}, "16": {"h": [[-0.0, -0.07692809295654297, -0.12009253692626952, -0.08486124420166015], [0.0, 0.8265, 0.7583170471191407, 0.783150634765625], [0.0, -0.1582283935546876, -0.44849780273437495, -0.7037844238281248]], "r": [0.3570530906869037, 3.1983383245237147, 1.1261138633545789, 4.621705845480101, 0.39307633310431506, 2.261954814325219, 5.816868823561663]}, "17": {"h": [[-0.0, -0.07199985504150391, -0.18136653900146485, -0.2250224838256836], [0.0, 0.8265, 0.7563753128051758, 0.7725003395080567], [0.0, -0.14544885253906253, -0.4517110595703125, -0.7070711669921874]], "r": [0.5485979711342515, 2.952083768758362, 1.233632752097974, 4.604288360151959, 0.4225878290568905, 2.238728550981127, -2.79272400304709]}, "18": {"h": [[-0.0, -0.07067462921142577, -0.20284870147705075, -0.33114722442626954], [0.0, 0.8265, 0.7235533905029297, 0.671977264404297], [0.0, -0.15238269042968772, -0.4267059326171874, -0.6740223388671875]], "r": [0.6332988944082535, 2.619402708502147, 1.4521650983253345, 4.823594073162714, 0.3817807638808207, 2.481075447202323, 0.12996813519328376]}, "19": {"h": [[-0.0, -0.05831668853759764, -0.24310498809814454, -0.454137825012207], [0.0, 0.8265, 0.7200042419433594, 0.6800680541992188], [0.0, -0.14563732910156252, -0.3751597900390627, -0.5737514648437501]], "r": [0.9021106144238228, 2.2769130770950903, 1.6154970127171684, 4.739863668962323, 0.1814231793754131, 2.337539775114687, -2.00619770383051]}, "20": {"h": [[-0.0, -0.057708244323730465, -0.18006999969482423, -0.2940244369506836], [0.0, 0.8265, 0.6762718658447266, 0.6259038391113282], [0.0, -0.1417690429687502, -0.3916383056640627, -0.6493929443359376]], "r": [0.8072783898722773, 2.0349741058428834, 1.5908092919358672, 4.591550230149651, 0.1447126048936098, 2.0353660098083073, -4.304825746453822]}, "21": {"h": [[-0.0, -0.0674882583618164, -0.09508023834228516, -0.1114233169555664], [0.0, 0.8265, 0.6552898406982421, 0.6364982147216797], [0.0, -0.13831274414062494, -0.411462890625, -0.6881437988281249]], "r": [0.6905845595900925, 1.7997801288231723, 1.6818074588827887, 4.422448107601622, 0.16709565140889127, 1.772336684087778, 3.74626582986883]},