{"count": 9, "poses_seq": {"0": {"h": [[-0.0, -0.0609298400878906, -0.14795379638671874, 0.08680433654785158], [0.0, 0.8265, 0.7099610214233398, 0.7408202228546142], [0.0, -0.24577734375, -0.44242309570312505, -0.6234029541015627]], "r": [-4.0488949864728, 2.20828624132339, 2.4306745714129683, 1.4416227705984426, -4.729673157242082, 1.1160019397277992, -1.8023164099693194]}, "1": {"h": [[-0.0, -0.054223419189453115, -0.13603573608398434, 0.1463701171875], [0.0, 0.8265, 0.694501724243164, 0.7650161819458008], [0.0, -0.240208984375, -0.4343293457031248, -0.4937475585937499]], "r": [1.983323629854291, 2.258790532837581, 2.407507819002374, 1.7937979670435475, 1.9035674835093528, 0.7898540422531601, -1.5017440655425842]}, "2": {"h": [[-0.0, -0.04382112121582031, -0.0940581512451172, 0.050455886840820315], [0.0, 0.8265, 0.748734130859375, 0.8973793334960938], [0.0, -0.1119976806640624, -0.3338740234375, -0.41004772949218743]], "r": [2.139784152385587, 2.654088582444435, 2.803974539314529, 2.191770631634373, 1.5820433260967781, 0.6930037686453324, -3.4462137296279995]}, "3": {"h": [[-0.0, -0.05158754730224609, -0.11542130279541014, 0.045863319396972656], [0.0, 0.8265, 0.7953465843200684, 0.989180892944336], [0.0, -0.14462292480468758, -0.3333087158203126, -0.36268395996093755]], "r": [2.0849370247748817, 2.5507386150164955, 2.493997924828288, 2.5393625815981236, 1.3811814625468355, 0.7064317410846861, 0.02156473534365444]}, "4": {"h": [[-0.0, -0.056308174133300776, -0.12115666961669921, 0.01217078399658203], [0.0, 0.8265, 0.7845820083618165, 1.0378758392333984], [0.0, -0.13217651367187494, -0.34224169921874986, -0.45830371093749994]], "r": [2.278029054267877, 2.689341953545327, 2.8579814882031975, 2.3388635047056168, 1.3987078099500543, 0.8480391138053722, -2.0600015701125627]}, "5": {"h": [[-0.0, -0.05419660949707031, -0.15415692138671877, -0.08393112182617188], [0.0, 0.8265, 0.744841682434082, 1.0204266815185548], [0.0, -0.12085070800781234, -0.30328149414062505, -0.45161535644531253]], "r": [2.3558264950690893, 2.5245179270726923, 2.680996835099519, 2.4266202606276455, 1.3327079211042763, 0.7377713997616312, -4.049941316369109]}, "6": {"h": [[-0.0, -0.054413558959960945, -0.1682583923339844, -0.1567242431640625], [0.0, 0.8265, 0.7427834777832031, 1.028716339111328], [0.0, -0.12551892089843736, -0.30658947753906257, -0.45857287597656243]], "r": [2.34576600828432, 2.3969661453414526, 2.6455758798308455, 2.583855119315275, 1.1519904186750543, 0.7120659530213298, 2.1579251883036537]}, "7": {"h": [[-0.0, -0.04842124938964844, -0.18332116699218748, -0.22800546264648436], [0.0, 0.8265, 0.7532023620605468, 1.0200868835449217], [0.0, -0.12312609863281249, -0.29782104492187483, -0.4546273193359374]], "r": [2.353838163516862, 2.264699735851942, 2.3466871229105655, 2.587883518537095, 1.0881762269730197, 0.7434245448313426, 4.133143061954588]}, "8": {"h": [[-0.0, -0.03868099975585937, -0.20975965881347655, -0.3256255340576172], [0.0, 0.8265, 0.7533949203491211, 0.9827728576660156], [0.0, -0.13691503906249985, -0.28853820800781255, -0.45504321289062505]], "r": [2.407977111563546, 2.1731363152747925, 2.1298323105904045, 2.401280685202754, 0.9635397337030333, 0.7194612439277577, -3.368250631859793]}}, "id": 0}