{"count": 17, "poses_seq": {"0": {"h": [[-0.0, -0.03740821838378905, -0.15911061096191406, -0.26959843444824216], [0.0, 0.8265, 0.6307546081542968, 0.5477583312988281], [0.0, -0.15458618164062515, -0.2306102294921875, -0.519434326171875]], "r": [4.659072247079533, 3.573345031622807, 3.259999686255261, 4.558231116590648, -2.4776098947509295, 4.861847073943576, 0.715182366461837]}, "1": {"h": [[-0.0, -0.04590095520019531, -0.11210794067382814, -0.12315789794921876], [0.0, 0.8265, 0.5695907287597657, 0.4336634521484375], [0.0, -0.13355847167968743, -0.33716967773437495, -0.6011977539062499]], "r": [-1.7993932277928828, 3.9167461711491662, -2.9422641424151723, 4.371092024177367, -2.7016866005643223, 5.057387051613656, -1.8055127773368662]}, "2": {"h": [[-0.0, -0.048295593261718756, -0.09484521484375, -0.062469833374023453], [0.0, 0.8265, 0.5730992431640625, 0.4299827117919922], [0.0, -0.12688171386718788, -0.3341192626953127, -0.5922565917968752]], "r": [-1.5911110662781587, 3.7814684404055323, -3.1159421519796204, 4.387072905044686, -3.0253986220516476, 4.97091933062369, -4.350165437586532]}, "3": {"h": [[-0.0, -0.05473289489746093, -0.037588516235351574, 0.13089933776855467], [0.0, 0.8265, 0.5883310241699219, 0.4724752960205078], [0.0, -0.12574597167968743, -0.34984423828124994, -0.558638427734375]], "r": [-1.8582278701302912, 3.64882113734182, -3.122765170688953, 4.454330460030445, -3.127583062109523, 4.906879761979974, 3.951696740167534]}, "4": {"h": [[-0.0, -0.05210352325439452, 0.004069953918457034, 0.23332036590576172], [0.0, 0.8265, 0.6150359802246094, 0.5349184722900391], [0.0, -0.13273132324218767, -0.35607092285156244, -0.5153984375]], "r": [-2.102656628844337, 3.534916856229769, -3.0988225549847814, 4.443325362248748, -3.085586267335565, 4.897154139375548, 0.0485582713483142]}, "5": {"h": [[-0.0, -0.05400801086425781, 0.04407066345214844, 0.3111766815185547], [0.0, 0.8265, 0.6761354827880859, 0.67069580078125], [0.0, -0.13319824218750004, -0.3654254150390624, -0.46128173828125]], "r": [-2.493913670357467, 3.4749723714259035, -3.01103624055052, 4.243933850947188, -2.8299457574699614, 5.08399099801418, 1.1841985056414852]}, "6": {"h": [[-0.0, -0.06833702850341797, 0.041021690368652344, 0.28452957153320313], [0.0, 0.8265, 0.8092825069427491, 0.9348543853759765], [0.0, -0.14946496582031227, -0.38870886230468754, -0.45531127929687504]], "r": [-2.713051582096548, 3.0825074712374367, -2.6585311299592247, 4.099837152627251, -3.084428012797391, 4.747763784525493, 3.4777655439801634]}, "7": {"h": [[-0.0, -0.008860801696777353, -0.010114387512207036, 0.1585109329223633], [0.0, 0.8265, 0.8423864364624023, 1.0296841888427735], [0.0, -0.13523327636718757, -0.3968269042968749, -0.4916275634765624]], "r": [-2.785002852732882, 3.1265588387918863, -2.2997759948688916, 3.817779817637145, -3.130021445314775, 4.85370160967052, -3.643385026611838]}, "8": {"h": [[-0.0, -0.011563552856445308, -0.051237136840820305, 0.04607660675048828], [0.0, 0.8265, 0.9260373306274414, 1.140356735229492], [0.0, -0.14431665039062486, -0.4094775390625001, -0.5227426757812501]], "r": [-2.6426590634696367, 3.1543522987058257, -2.3985027639036036, 3.649518821689237, -2.8320147201158825, 4.815829727587475, 4.714203847990782]}, "9": {"h": [[-0.0, -0.06245385742187501, -0.1351539764404297, -0.08449926757812501], [0.0, 0.8265, 0.8950051956176758, 1.119480712890625], [0.0, -0.13335864257812508, -0.40438085937500007, -0.5262542724609376]], "r": [-2.9920668114282916, 2.929561742760215, -2.172049250139406, 3.783568761550538, -2.6964426711095393, 4.75378591799607, -0.5647918362245729]}, "10": {"h": [[-0.0, -0.061007003784179684, -0.1620448455810547, -0.1591548614501953], [0.0, 0.8265, 0.8890182723999023, 1.114139434814453], [0.0, -0.13294885253906258, -0.4036376953125001, -0.5313267822265624]], "r": [-2.975461999694748, 2.601111253408771, -2.508821804102543, 4.087662873479953, -2.425000140251641, 4.516269290818198, -0.5439751561140374]}, "11": {"h": [[-0.0, -0.058640113830566415, -0.19566307830810545, -0.2416134262084961], [0.0, 0.8265, 0.8712896881103516, 1.086633514404297], [0.0, -0.13099450683593777, -0.39706140136718765, -0.5399552001953125]], "r": [-3.1263019937710363, 2.365287156071195, -2.6342740568356695, 4.168947536538745, -2.1990095879127134, 4.55150116599313, -0.8486616182303527]}, "12": {"h": [[-0.0, -0.053780967712402344, -0.21822525787353514, -0.3269924087524414], [0.0, 0.8265, 0.8245028505325318, 1.0170433502197267], [0.0, -0.1276765136718752, -0.38933715820312514, -0.5506892089843751]], "r": [-3.068972474836939, 2.06241976586445, -2.52034541798168, 4.359042894333565, -2.4940183395154123, 4.27510780489534, -3.285703350701377]}, "13": {"h": [[-0.0, -0.058914237976074216, -0.21217205047607418, -0.39010265350341794], [0.0, 0.8265, 0.6819518432617188, 0.7479622039794922], [0.0, -0.1332308349609373, -0.3608081054687498, -0.5793963623046874]], "r": [-3.0189449520156586, 1.683126816516241, -2.276857418524863, 4.640263695039338, -2.665561455281165, 4.172195193777453, 2.2249624560553523]}, "14": {"h": [[-0.0, -0.05640312194824218, -0.16495022583007812, -0.3038712768554687], [0.0, 0.8265, 0.6070987243652344, 0.5273234863281251], [0.0, -0.1398759765625, -0.35433471679687495, -0.5988479003906249]], "r": [-2.912483266862337, 2.0685580815112092, -1.9585012193715494, 4.9771025726108995, -2.43045743198819, 4.056348902582387, -0.827315549496648]}, "15": {"h": [[-0.0, -0.054686302185058586, -0.11766564178466797, -0.18946392059326173], [0.0, 0.8265, 0.5805941467285156, 0.4467771453857422], [0.0, -0.13885168457031255, -0.3464826660156251, -0.6011531982421876]], "r": [-2.9854713922334883, 1.6964594513438758, -1.9754594098034337, 5.225260202974813, -2.232013413319785, 3.8629926915441497, -2.2253695375257454]}, "16": {"h": [[-0.0, -0.046829132080078134, -0.06696298217773439, -0.06397200012207033], [0.0, 0.8265, 0.5729091491699219, 0.42539834594726567], [0.0, -0.13470629882812518, -0.35266088867187523, -0.6113494873046876]], "r": [-3.109350480378304, 1.3930474253797112, -1.8400007468273443, 5.30451648143583, -2.4185632794359773, 3.637672894594876, -3.5691639009141154]}}, "id": 1}