{"count": 10, "poses_seq": {"0": {"h": [[-0.0, -0.06137669372558595, 0.03005792999267578, 0.1617216873168945], [0.0, 0.8265, 0.6761551666259766, 0.6620787200927735], [0.0, -0.13459704589843763, -0.3881463623046875, -0.6268052978515624]], "r": [2.440715792560467, 1.687479165051171, -1.8413630859172478, 4.583856105139029, -0.22118051253739962, 1.9339283842366963, 0.8074492891499445]}, "1": {"h": [[-0.0, -0.06613189697265624, -0.10771331787109374, -0.05510682678222657], [0.0, 0.8265, 0.6864132385253907, 0.6626295623779297], [0.0, -0.14761157226562488, -0.43170153808593753, -0.6817401123046876]], "r": [2.4139556318759796, 1.4136477201495161, -2.0206710229311864, 4.303695438669647, -0.3169682612156166, 1.6224365936139127, -2.238820413232878]}, "2": {"h": [[-0.0, -0.06750544738769532, -0.21535870361328127, -0.3011715087890625], [0.0, 0.8265, 0.7087880096435547, 0.6593895721435546], [0.0, -0.13335290527343774, -0.39645764160156266, -0.6480577392578126]], "r": [2.584293115730997, 1.2534405482620394, -2.1864038337187006, 4.244342989480142, -0.38174924738048255, 1.5825365016014596, -1.6068333519447209]}, "3": {"h": [[-0.0, -0.06151056671142577, -0.2312842788696289, -0.40602552032470707], [0.0, 0.8265, 0.7115830154418945, 0.6537033996582031], [0.0, -0.13530712890625002, -0.35678271484374996, -0.57826220703125]], "r": [2.719722784639008, 1.0607580751262449, -2.476944575820386, 4.412654264185193, -0.1410978268258656, 1.8191640788897951, -3.4928845489365257]}, "4": {"h": [[-0.0, -0.06362618255615234, -0.1373580856323242, -0.22152382659912112], [0.0, 0.8265, 0.6986527862548828, 0.6576652526855469], [0.0, -0.14197106933593712, -0.42050939941406235, -0.6872896728515623]], "r": [2.577955685071423, 1.2446242662115348, -2.134382342626758, 4.3566420630580005, -0.3403409081349729, 1.741459044921777, 4.389223009965788]}, "5": {"h": [[-0.0, -0.07138742065429687, -0.2466177520751953, -0.4067650299072265], [0.0, 0.8265, 0.7160670852661133, 0.6477366638183594], [0.0, -0.14647924804687512, -0.3702949218750003, -0.5834007568359376]], "r": [2.6009175583928825, 1.2339585219160656, -2.2680373182581177, 4.131370631124966, -0.48431850438503166, 1.422981979604474, -4.745442931238661]}, "6": {"h": [[-0.0, -0.0666279067993164, -0.15688983917236327, -0.25150965118408203], [0.0, 0.8265, 0.6874721221923829, 0.6122460479736328], [0.0, -0.13917480468750015, -0.4209345703125001, -0.68339111328125]], "r": [2.5095734215633123, 1.4300101625743908, -1.96604245278596, 3.9810948458581734, -0.355559947957065, 1.2433670353499857, -1.4161258058019617]}, "7": {"h": [[-0.0, -0.07204918670654296, -0.10645693206787109, -0.12990906524658202], [0.0, 0.8265, 0.6611051635742188, 0.6086392364501954], [0.0, -0.14114477539062503, -0.42795019531250006, -0.7031394042968748]], "r": [2.241917371904702, 1.3150266072052583, -2.2521739384086494, 3.978407877770821, -0.2268411359330259, 1.224096724391173, 0.01921064344436499]}, "8": {"h": [[-0.0, -0.07190494537353516, -0.013381370544433599, 0.048265972137451166], [0.0, 0.8265, 0.6622724914550782, 0.62005810546875], [0.0, -0.14891113281249996, -0.4237822265624998, -0.6895793457031247]], "r": [1.8686309097805394, 1.2859669308591366, -2.182595707659337, 4.0370562878039085, -0.5777406722848645, 1.167101320179421, 1.220077631006996]}, "9": {"h": [[-0.0, -0.0732103500366211, -0.1866699295043945, -0.21893985748291014], [0.0, 0.8265, 0.6954245147705078, 0.6307776794433594], [0.0, -0.15665881347656258, -0.4291574707031252, -0.6898516845703127]], "r": [2.2315567456956913, 1.1969139043117216, -2.282241858545911, 4.113642479480275, -0.5629385265655786, 1.3676969867499837, 3.7901822273361754]}}, "id": 8}