{"count": 14, "poses_seq": {"0": {"h": [[-0.0, -0.06443467712402343, -0.07018540954589844, 0.06518141174316407], [0.0, 0.8265, 0.6496589965820312, 0.8058671417236328], [0.0, -0.14884338378906242, -0.35662304687500007, -0.5086702880859375]], "r": [-2.206930093935548, 4.557311027782327, -0.15070521885034943, 4.1298276614802365, -0.6709761072705511, 1.1511355914611612, -3.6738984946592876]}, "1": {"h": [[-0.0, -0.07392739868164062, -0.13634249877929688, -0.06646279907226561], [0.0, 0.8265, 0.6438777313232422, 0.8254951477050781], [0.0, -0.14471508789062498, -0.34427331542968737, -0.5102976074218748]], "r": [-2.029584093859742, 4.31628967387081, -0.17383507568129677, 4.091407278501593, -0.9715852080296377, 0.9776400694722048, 0.3387845248224517]}, "2": {"h": [[-0.0, -0.06710576629638672, -0.15489264678955078, -0.14081018829345704], [0.0, 0.8265, 0.6259522399902344, 0.7745032806396485], [0.0, -0.13929174804687544, -0.3280864257812502, -0.5331140136718753]], "r": [-2.171173626349588, 4.284732225055663, -0.44115359144591937, 4.427005363383793, -1.0218125870584287, 1.2607918439790737, 0.04401084134896957]}, "3": {"h": [[-0.0, -0.04243941497802736, -0.207977165222168, -0.3682197494506836], [0.0, 0.8265, 0.7315883941650391, 0.8651312408447266], [0.0, -0.1328704833984376, -0.377887939453125, -0.5708822021484374]], "r": [-1.8897732902803281, 4.079562593193788, -0.636913751277865, 4.408400608843697, -1.3021046868098705, 1.4230993720053393, 1.2019019478729998]}, "4": {"h": [[-0.0, -0.059616333007812494, -0.17219854736328125, -0.16998110961914062], [0.0, 0.8265, 0.6178192901611328, 0.6929498291015626], [0.0, -0.1402790527343754, -0.3151508789062501, -0.5577353515625001]], "r": [-2.245594477961366, 4.156800693563339, -0.7278710795091234, 4.599573548211655, -1.05408231136296, 1.3755890015768162, -0.5189962803570237]}, "5": {"h": [[-0.0, -0.04467132568359376, -0.20490457153320313, -0.3753573608398438], [0.0, 0.8265, 0.7087948989868165, 0.8184163589477539], [0.0, -0.13233630371093758, -0.3716171875000001, -0.5759906005859377]], "r": [-1.8748141827317595, 4.3716767127706255, -0.7439788993783949, 4.205898528121572, -0.66751125519902, 1.5549723550643886, 0.592168037447341]}, "6": {"h": [[-0.0, -0.06013131713867187, -0.16698915100097658, -0.1604192657470703], [0.0, 0.8265, 0.5908487701416016, 0.6370410614013672], [0.0, -0.14620605468750042, -0.2976960449218751, -0.5555646972656252]], "r": [-2.1191310453572085, 4.551581255844319, -0.6165132563200227, 4.462062176845764, -0.7996548792562199, 1.2943045998069564, -1.0941009532827675]}, "7": {"h": [[-0.0, -0.04650818634033203, -0.20703089141845699, -0.37612329864501953], [0.0, 0.8265, 0.7015263442993165, 0.8081353988647462], [0.0, -0.13384179687499992, -0.37091015624999973, -0.5808291015624998]], "r": [-1.9305521010026403, 4.205745578764207, -0.701909063040765, 4.409954245393231, -1.0807082934713461, 1.5197882597231624, -0.9647764181582664]}, "8": {"h": [[-0.0, -0.05817809295654296, -0.16035704803466794, -0.15187030792236328], [0.0, 0.8265, 0.5815267639160157, 0.6193428039550781], [0.0, -0.14532958984374994, -0.298654541015625, -0.5561987304687499]], "r": [-2.1243203016725185, 4.5237095436639745, -0.48252527505480536, 4.705085902894343, -1.1062797256666237, 1.2550100571871814, -1.6371969373033084]}, "9": {"h": [[-0.0, -0.05399337005615236, -0.08787728118896486, -0.012497764587402344], [0.0, 0.8265, 0.557186050415039, 0.5358030548095702], [0.0, -0.14558508300781253, -0.308053955078125, -0.5576151123046875]], "r": [-2.0678290426400516, 4.8512666195930585, -0.21965164254435116, 4.475804108582199, -0.9057957310925173, 0.9375659299507402, -3.9912069630779263]}, "10": {"h": [[-0.0, -0.06010073852539062, -0.21278677368164062, -0.39137039184570316], [0.0, 0.8265, 0.6755262145996094, 0.7327353591918946], [0.0, -0.1343713378906249, -0.3591394042968748, -0.5811198730468747]], "r": [-1.704222342850623, 4.488135254056891, -0.5344522765414363, 4.215819557253177, -0.9776877683627707, 1.3007698049201133, 4.643336337115063]}, "11": {"h": [[-0.0, -0.056624359130859364, -0.15998722839355467, -0.29067283630371094], [0.0, 0.8265, 0.6047428436279297, 0.5153009185791015], [0.0, -0.13957824707031224, -0.3507133789062498, -0.5982371826171873]], "r": [-1.7590527192462693, 4.663202921216799, -0.5220237380521293, 4.583402113163096, -1.2571370822141426, 1.0336606549269398, -2.8266779356918788]}, "12": {"h": [[-0.0, -0.0608925247192383, -0.03211640167236328, 0.1492888870239258], [0.0, 0.8265, 0.5916912231445313, 0.547988739013672], [0.0, -0.15140002441406236, -0.36624353027343753, -0.5778199462890625]], "r": [-2.373195393059624, 4.712677649302883, -0.25215133001563045, 4.671170115352892, -1.2233516919345755, 0.8923482659253054, -2.242972270175548]}, "13": {"h": [[-0.0, -0.054821342468261716, -0.13469246673583984, -0.2350438461303711], [0.0, 0.8265, 0.5871304473876954, 0.4722664489746094], [0.0, -0.14014099121093776, -0.3499107666015627, -0.6035115966796876]], "r": [-2.0055228918247527, 4.760751719284412, -0.6190207245656234, 4.76863780500851, -1.1746932162213688, 1.2722140242678532, -0.5481025512834566]}}, "id": 29}