{"count": 10, "poses_seq": {"0": {"h": [[-0.0, 0.011753412008285523, 0.125639577627182, 0.3711655023097992], [0.0, 0.8265, 0.8943334350585939, 0.9441678466796875], [0.0, -0.20347167968750007, -0.3418406982421876, -0.3072238769531251]], "r": [-1.487550589270962, 3.673470561492181, -0.9201450564201344, 1.3701281524204845, 1.054727265341209, 1.117607268962335, 2.476085284968984]}, "1": {"h": [[-0.0, -0.07023259925842285, 0.04096720695495606, 0.24998627281188965], [0.0, 0.8265, 0.9613143157958985, 1.1057700653076172], [0.0, -0.16960156249999986, -0.36491772460937494, -0.4018229980468751]], "r": [-1.3293768108753292, 3.5108969247971746, -0.5998263969750041, 1.6486185630887615, 0.8588382151589667, 1.0470088879289121, 4.542976759401635]}, "2": {"h": [[-0.0, -0.08722973251342774, -0.016705776214599607, 0.14287042617797852], [0.0, 0.8265, 0.9962107696533203, 1.1861585845947267], [0.0, -0.16373425292968774, -0.3681453857421875, -0.44387805175781253]], "r": [-0.9893600805752644, 3.127873349892537, -0.34771535137759857, 1.4058750433485763, 0.6727650558129669, 1.3841928453388879, 0.35245574406070546]}, "3": {"h": [[-0.0, -0.07466394042968749, -0.07413755798339844, 0.013013847351074217], [0.0, 0.8265, 1.0289699249267579, 1.252787338256836], [0.0, -0.16128820800781268, -0.3599571533203126, -0.4552635498046876]], "r": [-1.1001017616631812, 2.9554974477599174, -0.1026464189932615, 1.31905401328155, 0.4132895794278788, 1.7521624213290548, -0.5955014301953976]}, "4": {"h": [[-0.0, -0.08124386978149414, -0.10821255874633788, -0.05956402969360351], [0.0, 0.8265, 1.0365672149658205, 1.2706042938232422], [0.0, -0.15891369628906232, -0.35846313476562514, -0.46184057617187496]], "r": [-1.1712332829814291, 2.919657891096925, -0.11653752494587442, 1.2873093976203265, 0.10589073856647119, 1.9113485237607868, -0.2437016370089621]}, "5": {"h": [[-0.0, -0.08369390106201172, -0.17208548736572266, -0.17894133758544922], [0.0, 0.8265, 1.0345031585693358, 1.2740670166015624], [0.0, -0.15219824218749994, -0.34557397460937517, -0.4542957763671876]], "r": [-1.1509501699315916, 3.0801541997799373, -0.1943022427505205, 1.378545852178631, -0.24832319211237242, 1.6516516350813026, -0.0010234376477755089]}, "6": {"h": [[-0.0, -0.08827584838867189, -0.21824978637695314, -0.284890625], [0.0, 0.8265, 1.0207078552246094, 1.256597442626953], [0.0, -0.14361376953124988, -0.33260009765625004, -0.440364013671875]], "r": [-1.103727479095677, 3.3723258520734682, -0.13420357769691169, 1.6602097049840248, -0.3089474517213529, 1.2650724858333189, 0.8452181265580033]}, "7": {"h": [[-0.0, -0.08918468475341795, -0.2670038223266602, -0.39846305084228517], [0.0, 0.8265, 0.9904991455078125, 1.2097620086669922], [0.0, -0.13797570800781261, -0.30939489746093735, -0.41269519042968744]], "r": [-0.7727790505954002, 3.3819046497920215, -0.16214572049973738, 1.5104538910757686, -0.15341537018596016, 1.286504931856881, 1.1048511293153276]}, "8": {"h": [[-0.0, -0.07611530303955079, -0.3114655532836914, -0.5316866531372071], [0.0, 0.8265, 0.9215272903442383, 1.0854266357421876], [0.0, -0.12994372558593775, -0.29489746093749997, -0.3921795654296876]], "r": [-0.5960481375412172, 3.491453679352373, -0.4263959403478554, 1.4159094079200392, -0.4272378240071124, 1.2044689691756074, 3.7299003312523]}, "9": {"h": [[-0.0, -0.071705322265625, -0.35915135192871095, -0.6478760223388672], [0.0, 0.8265, 0.7933013916015625, 0.8120135097503662], [0.0, -0.13148913574218773, -0.27010290527343767, -0.33976843261718775]], "r": [-0.5959953460356563, 3.8324765058970676, -0.30998519738739744, 1.3047568986735942, -0.6654790315970935, 0.86551191711321, -0.6620709535002113]}}, "id": 11}