{"count": 12, "poses_seq": {"0": {"h": [[-0.0, -0.0491187515258789, -0.1561259231567383, -0.0605417251586914], [0.0, 0.8265, 0.6004507751464844, 0.7360412292480469], [0.0, -0.15632177734375025, -0.20062475585937484, -0.39752587890624996]], "r": [-3.3210900665698637, 1.7590393769938988, 0.5174993047500666, 1.4480622589931098, -2.6049608374623037, 1.834897456014043, -0.15511716023229874]}, "1": {"h": [[-0.0, -0.04384284210205078, -0.1351601333618164, 0.04797377777099609], [0.0, 0.8265, 0.6259565734863282, 0.7435130157470704], [0.0, -0.1627462158203124, -0.2725225830078127, -0.41297741699218765]], "r": [2.577595033750924, 1.4000542070325783, 0.43155240811301754, 1.1848093890684324, -2.428554697305096, 2.2091060485041982, 1.1362560061745497]}, "2": {"h": [[-0.0, -0.0493745574951172, -0.014471343994140615, 0.22177469635009767], [0.0, 0.8265, 0.6954019927978516, 0.7816100463867188], [0.0, -0.16433850097656238, -0.374607421875, -0.43325146484375004]], "r": [2.276786017785573, 1.7068282143709745, 0.398096246214973, 1.288439810108337, -2.101936950195319, 2.021280845171141, 1.8585063438153309]}, "3": {"h": [[-0.0, -0.07574060440063476, -0.09448445510864256, 0.09696741867065431], [0.0, 0.8265, 0.7063183898925781, 0.7906904602050782], [0.0, -0.15356152343750012, -0.3669010009765626, -0.5164322509765626]], "r": [2.3145099267292357, 1.4473365711723316, 0.3415571978170536, 1.334391737001091, -2.1210573518675657, 2.1358671362908113, 0.5261651378401915]}, "4": {"h": [[-0.0, -0.06255545806884764, -0.14109366607666013, -0.010843086242675784], [0.0, 0.8265, 0.6269914398193359, 0.739868293762207], [0.0, -0.1420819091796875, -0.2622327880859375, -0.4479869384765625]], "r": [2.3370234797292775, 1.336602020457995, 0.17377823805774162, 1.4303691188005954, -2.3838120192172214, 1.838133718275542, 1.3976451828660472]}, "5": {"h": [[-0.0, -0.06116572570800781, -0.1374782409667969, -0.11186796569824219], [0.0, 0.8265, 0.6011600952148438, 0.7249630355834962], [0.0, -0.1424682617187501, -0.18294360351562516, -0.40822766113281245]], "r": [2.4057591634639985, 1.2073311510345035, 0.11940002425709047, 1.4582297378479392, -2.576540746054529, 1.8262860238755094, 0.5739418865527354]}, "6": {"h": [[-0.0, -0.04882806396484374, -0.20997750854492186, -0.2810614929199219], [0.0, 0.8265, 0.6476150512695312, 0.7655616607666016], [0.0, -0.1426317138671876, -0.24678979492187497, -0.4632244873046874]], "r": [2.548480654550432, 1.3519047545221823, -0.11725538747043379, 1.6631880654366848, -2.1905548209263186, 1.5878803703908166, 2.381608796662191]}, "7": {"h": [[-0.0, -0.05841507720947264, -0.2997562789916992, -0.47890294647216797], [0.0, 0.8265, 0.7202085494995117, 0.8210576934814453], [0.0, -0.1448154296875, -0.29745385742187486, -0.4577363281249998]], "r": [2.716462592073055, 1.3414653693069742, -0.008401661324403249, 1.977488350169704, -2.4509965501068094, 1.6700442978091166, 0.11884475067165126]}, "8": {"h": [[-0.0, -0.05444016265869141, -0.32791316986083985, -0.5980645980834961], [0.0, 0.8265, 0.7916852416992188, 0.8299736595153808], [0.0, -0.14225012207031257, -0.3083084716796874, -0.41329187011718754]], "r": [2.8427691901771017, 1.4624467773535113, 0.10857737177884115, 2.3574606144242845, -2.6555318644859414, 1.3950744994525557, -2.30751760097853]}, "9": {"h": [[-0.0, -0.05171467590332031, -0.2982639465332031, -0.5025566406249999], [0.0, 0.8265, 0.6929723968505859, 0.7979244842529296], [0.0, -0.1516607666015622, -0.24023669433593736, -0.4139686279296873]], "r": [2.968801720120838, 1.7036613784222687, 0.4437580974941329, 2.423403744043844, -2.6444065551428952, 1.160825868870802, 0.12871857216040977]}, "10": {"h": [[-0.0, -0.04715187072753907, -0.1999828338623047, -0.2997186737060547], [0.0, 0.8265, 0.6331138305664062, 0.7528313293457032], [0.0, -0.16385681152343762, -0.16879455566406226, -0.3995338134765623]], "r": [2.748490205764822, 1.9630394833472402, 0.8067490012483884, 2.446855756782375, -2.896636645349739, 0.7848368426503961, 0.7378812713536143]}, "11": {"h": [[-0.0, -0.03942931365966797, -0.29525319671630856, -0.46712557220458983], [0.0, 0.8265, 0.7199295425415039, 0.8517472610473633], [0.0, -0.15806188964843743, -0.2574442138671876, -0.4110838623046876]], "r": [3.001667888058932, 1.8694281173505995, 0.9066077637369201, 2.5473767078132012, -3.139888923703962, 1.1439291363923312, 0.9578617596081307]}}, "id": 7}