{"count": 11, "poses_seq": {"0": {"h": [[-0.0, -0.0609298400878906, -0.14795379638671874, 0.08680433654785158], [0.0, 0.8265, 0.7099610214233398, 0.7408202228546142], [0.0, -0.24577734375, -0.44242309570312505, -0.6234029541015627]], "r": [-0.9817248992539898, 5.330213793269327, 0.6538794636028598, 5.0635161348240185, -0.1490164965689275, 2.7657785519207696, 0.7212646744830525]}, "1": {"h": [[-0.0, -0.055975738525390645, -0.13521585083007812, 0.15236407470703123], [0.0, 0.8265, 0.7009952926635742, 0.7630297813415527], [0.0, -0.23988244628906258, -0.42881243896484383, -0.5031178588867187]], "r": [-1.344241804754088, 5.459118732119618, 0.3743284432374531, 5.241835487907471, 0.14744021547673003, 2.84075309072294, 3.067758823012751]}, "2": {"h": [[-0.0, -0.048004745483398434, -0.10488896179199218, 0.09314767456054689], [0.0, 0.8265, 0.7551064987182617, 0.990732177734375], [0.0, -0.11900903320312511, -0.341721435546875, -0.4512409667968749]], "r": [-1.619660298273498, 5.086123255091422, 0.0844278575377896, 5.216528917600899, 0.191944090701937, 3.194307453049, 1.7776641614341948]}, "3": {"h": [[-0.0, -0.05158754730224609, -0.11542130279541014, 0.045863319396972656], [0.0, 0.8265, 0.7953465843200684, 0.989180892944336], [0.0, -0.14462292480468758, -0.3333087158203126, -0.36268395996093755]], "r": [-1.476426370691155, 4.906435589445784, 0.09101842803754576, 5.196431156893833, -0.1011614789424089, 3.274825812247599, 2.641522535584809]}, "4": {"h": [[-0.0, -0.056308174133300776, -0.12115666961669921, 0.01217078399658203], [0.0, 0.8265, 0.7845820083618165, 1.0378758392333984], [0.0, -0.13217651367187494, -0.34224169921874986, -0.45830371093749994]], "r": [-1.5012025744105724, 4.950143233657632, 0.009970597590748904, 4.977825919007571, 0.29058218475076636, 2.92190985539637, 4.804578583295912]}, "5": {"h": [[-0.0, -0.05385572052001952, -0.1511049575805664, -0.0731059341430664], [0.0, 0.8265, 0.7495003128051758, 1.0295262145996094], [0.0, -0.12118115234374988, -0.3070441894531249, -0.45245910644531234]], "r": [-1.5329646045068404, 4.97624132137827, -0.09899438979598296, 4.976184850922644, 0.05071565347367884, 2.864223055018039, -1.0343385448620859]}, "6": {"h": [[-0.0, -0.054413558959960945, -0.1682583923339844, -0.1567242431640625], [0.0, 0.8265, 0.7427834777832031, 1.028716339111328], [0.0, -0.12551892089843736, -0.30658947753906257, -0.45857287597656243]], "r": [-1.3800541028163236, 4.994940508559202, -0.08748373347539085, 4.991963995868016, -0.1857722879533478, 2.926758490311166, -2.9174958297240567]}, "7": {"h": [[-0.0, -0.04842124938964844, -0.18332116699218748, -0.22800546264648436], [0.0, 0.8265, 0.7532023620605468, 1.0200868835449217], [0.0, -0.12312609863281249, -0.29782104492187483, -0.4546273193359374]], "r": [-1.150173519096858, 4.983156968841416, -0.005330106937850611, 4.856489745478058, -0.21434382070282426, 2.727408403092214, -0.4123324148108615]}, "8": {"h": [[-0.0, -0.03868099975585937, -0.20975965881347655, -0.3256255340576172], [0.0, 0.8265, 0.7533949203491211, 0.9827728576660156], [0.0, -0.13691503906249985, -0.28853820800781255, -0.45504321289062505]], "r": [-1.095659424098221, 5.0768462546725175, -0.13247982252511806, 4.982900359139643, 0.12146342468542959, 2.9776097835162814, -1.125453420562624]}, "9": {"h": [[-0.0, -0.034941635131835944, -0.20828631591796876, -0.3924222412109375], [0.0, 0.8265, 0.6826175537109376, 0.7230575256347657], [0.0, -0.15924218750000013, -0.2546922607421876, -0.4842135009765625]], "r": [-1.3448992063156142, 5.450746100690355, -0.39680121911499694, 5.01936008158543, -0.1472117874050923, 2.6756052251928844, -1.349748415800008]}, "10": {"h": [[-0.0, -0.03504978179931641, -0.1648423843383789, -0.2905161514282227], [0.0, 0.8265, 0.6400665893554688, 0.5596402740478515], [0.0, -0.15063085937499993, -0.23263635253906273, -0.5124144287109376]], "r": [-1.6641915623761179, 5.757082714302215, -0.5732579003158743, 5.101309864356382, -0.11532819581126226, 2.5066491081083453, -0.8076166459557099]}}, "id": 0}