{"count": 30, "poses_seq": {"0": {"h": [[-0.0, -0.05565911865234374, -0.18138432312011718, -0.0317001190185547], [0.0, 0.8265, 0.6276902008056641, 0.6372343139648438], [0.0, -0.17857861328124996, -0.29601892089843745, -0.512960205078125]], "r": [2.0224095358795173, 1.339314431442323, -2.341867305026579, 4.298950564397012, 2.7258945900560856, 5.125098132769454, 1.6952168545095496]}, "1": {"h": [[-0.0, -0.04842252349853515, 0.11549288177490234, 0.33182012939453126], [0.0, 0.8265, 0.6725868682861329, 0.5848659973144532], [0.0, -0.176638671875, -0.37048620605468746, -0.5408388671875]], "r": [1.7845461621077918, 1.3413207625653765, -2.0721145103347562, 4.316856791050518, 2.989936474067476, 4.838343435787611, 4.635246824146025]}, "2": {"h": [[-0.0, -0.04630664825439454, -0.14701407623291016, 0.044416664123535156], [0.0, 0.8265, 0.6378110656738282, 0.6627831268310547], [0.0, -0.17674255371093733, -0.332220703125, -0.5021136474609373]], "r": [1.9925273652382594, 1.465076346726075, -2.359836465842959, 4.237930696524846, 2.934160206855829, 5.124169873484662, 0.8923354068806095]}, "3": {"h": [[-0.0, -0.04250809478759765, -0.07256156158447266, 0.1629377975463867], [0.0, 0.8265, 0.6793344879150391, 0.7277879486083985], [0.0, -0.16822692871093753, -0.3821303710937501, -0.4785659179687501]], "r": [2.159356574600657, 1.8184918136509427, -2.0678378249463765, 4.312359728467807, 2.990341065387505, 4.893979954102758, -0.829245995005496]}, "4": {"h": [[-0.0, -0.0291029052734375, 0.14164821434020997, 0.3703383846282959], [0.0, 0.8265, 0.8572896499633789, 0.9345140914916992], [0.0, -0.20956628417968753, -0.3988275146484375, -0.5027835693359375]], "r": [1.9015261627373425, 2.1347698734275973, -1.7724187996164598, 4.061219117322791, 2.620710297534967, 4.65207119262815, -1.5871861816686323]}, "5": {"h": [[-0.0, -0.04310503005981445, -0.010468341827392577, 0.16869565963745117], [0.0, 0.8265, 0.9331477737426758, 1.032211669921875], [0.0, -0.19804907226562501, -0.45671740722656234, -0.6149628906249998]], "r": [2.1301195004646605, 2.000425800479094, -2.1177522264618793, 3.993363674547026, 2.815525209091682, 4.5184461396849205, -1.6012255398076525]}, "6": {"h": [[-0.0, -0.04537612915039063, -0.045116165161132815, 0.06979835510253907], [0.0, 0.8265, 0.9933809509277345, 1.1004416046142578], [0.0, -0.212552490234375, -0.4578287353515627, -0.6578461914062501]], "r": [2.5271234746823623, 2.128712848252717, -2.0118666569434236, 4.2331357456165035, 2.607561112821902, 4.122041370436899, -3.652439253634763]}, "7": {"h": [[-0.0, -0.03382520294189453, -0.035265953063964836, 0.00906014633178711], [0.0, 0.8265, 1.0313311309814452, 1.2627311248779296], [0.0, -0.18103417968750019, -0.3991873779296878, -0.5550023193359377]], "r": [2.3367437817685435, 2.044038660383379, -2.2837063797560493, 4.121939578992651, 2.459381641688583, 4.172931188755583, 0.0755753411144992]}, "8": {"h": [[-0.0, -0.05937729263305665, -0.15205578231811523, -0.1289468040466309], [0.0, 0.8265, 0.9618222503662109, 1.0670749053955078], [0.0, -0.17952783203125017, -0.4535656738281251, -0.686662841796875]], "r": [2.429062479621315, 1.7777280775625384, -2.2982101294033246, 4.124552422551298, 2.7347474200850272, 4.266312914752552, 0.6118959285681183]}, "9": {"h": [[-0.0, -0.061038932800292975, -0.12260807037353516, -0.13800220489501952], [0.0, 0.8265, 1.0366393585205078, 1.2770958251953124], [0.0, -0.1710135498046877, -0.37648059082031243, -0.5361588134765625]], "r": [2.478696925674675, 1.8859844883936108, -2.6224741706801438, 4.2607575289614985, 2.8748926321540216, 3.8970732626287243, -1.690031636922268]}, "10": {"h": [[-0.0, -0.061302669525146486, -0.18073847579956054, -0.15821308517456054], [0.0, 0.8265, 0.9555572814941407, 1.0608736267089844], [0.0, -0.17813452148437486, -0.4413406982421873, -0.6751458740234373]], "r": [2.4751726337599664, 1.6115699784568618, -2.4537262304872307, 4.434076900939868, 2.7625881891072783, 3.867874708371528, 0.23050065701924824]}, "11": {"h": [[-0.0, -0.06584640502929688, -0.16121041870117186, -0.2098865966796875], [0.0, 0.8265, 1.0288286590576172, 1.2659145050048828], [0.0, -0.1716490478515627, -0.37438476562499995, -0.5323934326171875]], "r": [2.584403555557268, 1.9534760594867504, -2.509405382076872, 4.054486229278375, 2.805570128815927, 4.174101860876145, 0.4448678379415146]}, "12": {"h": [[-0.0, -0.06092863464355468, -0.2014280242919922, -0.17224595642089846], [0.0, 0.8265, 0.9506363754272461, 1.0552358551025391], [0.0, -0.1727963867187497, -0.42812524414062497, -0.6620822753906248]], "r": [2.6831375977999654, 1.8493973369790924, -2.377485415941412, 4.2273927466509225, 3.124383145600967, 4.146744118565647, 0.6345483218206017]}, "13": {"h": [[-0.0, -0.0656263656616211, -0.1896642074584961, -0.2732344131469726], [0.0, 0.8265, 1.0192425842285155, 1.247585464477539], [0.0, -0.16706042480468747, -0.3698559570312501, -0.5318946533203126]], "r": [2.6526045442563055, 1.92015225052066, -2.6083456797743554, 4.024709757356957, 3.0243226537891847, 4.20834292774236, 1.9206893935581275]}, "14": {"h": [[-0.0, -0.05656204986572266, -0.21710662078857423, -0.18808599090576172], [0.0, 0.8265, 0.9372599105834961, 1.0408228759765625], [0.0, -0.16911462402343763, -0.39885607910156257, -0.6319266357421875]], "r": [2.385787144036123, 1.5883348014102494, -2.5583145725976926, 4.285590146325141, 2.8231342151434276, 4.129842059024452, 2.704586940699058]}, "15": {"h": [[-0.0, -0.06269163131713867, -0.2106673469543457, -0.33057222366333006], [0.0, 0.8265, 1.005636764526367, 1.2217327270507812], [0.0, -0.16019653320312482, -0.36325732421874984, -0.5206999511718748]], "r": [2.5004770772154004, 1.8351461375220417, -2.5481761877668516, 3.9832322864646015, 2.597285786670644, 4.341460886912218, 2.9574485295258346]}, "16": {"h": [[-0.0, -0.0565291061401367, -0.2355146560668945, -0.19445825958251953], [0.0, 0.8265, 0.935839241027832, 1.036875946044922], [0.0, -0.1695570068359376, -0.3857586669921876, -0.6162049560546876]], "r": [2.213703237394545, 1.5826182627992924, -2.7105637151104554, 4.133228524636292, 2.8713756221207287, 4.342690224795078, 2.5854958210070405]}, "17": {"h": [[-0.0, -0.06147257232666016, -0.23808452606201175, -0.4010855941772461], [0.0, 0.8265, 0.9826735076904296, 1.1769139556884765], [0.0, -0.15084008789062514, -0.35353405761718754, -0.4989935302734377]], "r": [2.419200773122623, 1.629864483135453, -2.979684485190541, 4.167081346789615, 3.074030606071987, 4.126978637756473, 1.9548017801448607]}, "18": {"h": [[-0.0, -0.0552364044189453, -0.24309446716308597, -0.1945897369384766], [0.0, 0.8265, 0.9215894088745118, 1.022560028076172], [0.0, -0.16274902343750025, -0.35958142089843764, -0.5869493408203126]], "r": [2.40679653349096, 1.6066914024971959, -2.5909624419862207, 4.243581203588958, 2.8979260425627866, 4.254727589110677, 3.4422622695640883]}, "19": {"h": [[-0.0, -0.06166400146484376, -0.24731170654296875, -0.4194449462890625], [0.0, 0.8265, 0.9749923248291016, 1.164772247314453], [0.0, -0.14997546386718735, -0.35477832031249995, -0.49565734863281247]], "r": [2.6838303361182967, 1.6911631912025995, -2.426263198770173, 4.6213298850854505, 2.7257415929925797, 3.913046732798203, 2.5195142260610273]}, "20": {"h": [[-0.0, -0.050533721923828115, -0.23744966125488282, -0.10636770629882812], [0.0, 0.8265, 0.8905199508666992, 1.0044256896972656], [0.0, -0.15749536132812497, -0.31413146972656253, -0.5004155273437498]], "r": [2.6838303361182967, 1.6911631912025995, -2.426263198770173, 4.6213298850854505, 2.7257415929925797, 3.913046732798203, 2.5195142260610273]}, "21": {"h": [[-0.0, -0.061267814636230475, -0.2592191848754883, -0.44873725128173825], [0.0, 0.8265, 0.9653731536865235, 1.1405672607421875], [0.0, -0.1485030517578128, -0.35223706054687504, -0.4920145263671876]], "r": [2.6640568132931306, 1.5227672578977738, -2.78049437091172, 4.434180657426598, 2.8407210621681633, 3.823428794079144, 4.231408205193525]},