{"count": 13, "poses_seq": {"0": {"h": [[-0.0, 0.011753412008285523, 0.125639577627182, 0.3711655023097992], [0.0, 0.8265, 0.8943334350585939, 0.9441678466796875], [0.0, -0.20347167968750007, -0.3418406982421876, -0.3072238769531251]], "r": [1.128534768255998, 2.260126166625085, -0.21853173996037623, 1.998162779394674, 1.9675040217758377, 5.41210324263963, 0.35441781668064265]}, "1": {"h": [[-0.0, -0.0768659439086914, 0.027744789123535157, 0.22567700958251952], [0.0, 0.8265, 0.9658672180175781, 1.1231760559082031], [0.0, -0.16333020019531258, -0.36548828125000005, -0.4133717041015626]], "r": [1.4651035014824114, 2.163895424522577, -0.4441175904394665, 1.9962140049515225, 1.8002651630795743, 5.035583756026681, -0.006572720923312063]}, "2": {"h": [[-0.0, -0.08223439025878906, -0.02586201858520508, 0.12145797729492187], [0.0, 0.8265, 1.0023154602050781, 1.2000760803222656], [0.0, -0.1622486572265625, -0.36749438476562496, -0.4491851806640624]], "r": [1.5213409854162463, 2.05787403481596, -0.5354336028239624, 1.847825879106774, 1.8272308932745387, 4.7366001994474285, -3.086632813301452]}, "3": {"h": [[-0.0, -0.07846952819824218, -0.0857765426635742, -0.011322570800781251], [0.0, 0.8265, 1.033039291381836, 1.2609811706542968], [0.0, -0.15893237304687485, -0.35760754394531263, -0.45658654785156255]], "r": [1.4583622300571086, 1.9605630005392092, -0.6502842481954484, 1.8693651666918967, 1.5791566628677685, 4.353598466078232, -5.653359443219995]}, "4": {"h": [[-0.0, -0.08260489654541016, -0.12121767425537108, -0.08439883422851563], [0.0, 0.8265, 1.041692581176758, 1.2757374420166017], [0.0, -0.16069177246093763, -0.3555819091796875, -0.46246777343750006]], "r": [1.7095479335797412, 2.050298130051781, -0.7068020494994733, 2.091908834382733, 1.5390651522610355, 4.5353382484625495, -0.23191968192121415]}, "5": {"h": [[-0.0, -0.08344591903686524, -0.15884154129028322, -0.15599701309204103], [0.0, 0.8265, 1.0386060485839845, 1.2783542633056642], [0.0, -0.1547004394531249, -0.34924194335937503, -0.4569575195312499]], "r": [2.0495869399361544, 2.0877131068891313, -0.5620531304337874, 1.942943210528344, 1.836742869380643, 4.608756251451434, -1.728078186568991]}, "6": {"h": [[-0.0, -0.08654805755615233, -0.20469344329833986, -0.25827257537841797], [0.0, 0.8265, 1.0253119201660157, 1.2628942108154297], [0.0, -0.14569738769531254, -0.3351966552734374, -0.44253161621093745]], "r": [2.3902279880847046, 2.238013649791778, -0.5647046962799596, 2.151219745558106, 1.9805865755828458, 4.865328740502413, 0.8759598159739037]}, "7": {"h": [[-0.0, -0.08922147369384764, -0.2585722122192383, -0.3782213821411133], [0.0, 0.8265, 0.9963084106445312, 1.2206217498779297], [0.0, -0.140610595703125, -0.31691125488281263, -0.42043603515625]], "r": [2.4215982629587063, 1.9563139684972157, -0.5256703396077207, 1.8095876320907507, 1.9200311939147547, 4.595363883563556, 1.3066514187285083]}, "8": {"h": [[-0.0, -0.07905158996582032, -0.3079990234375, -0.5211028442382812], [0.0, 0.8265, 0.9339819183349609, 1.1067698669433594], [0.0, -0.13144494628906261, -0.2931842041015625, -0.3916846923828124]], "r": [2.4707988729874755, 1.668105610019043, -0.5759767940191571, 1.5777114041117342, 1.8889676414520113, 4.457422182631766, 0.8744729374867518]}, "9": {"h": [[-0.0, -0.07259202575683595, -0.35369961547851564, -0.6353426208496094], [0.0, 0.8265, 0.815436845779419, 0.8653454341888428], [0.0, -0.13437341308593737, -0.2735808105468747, -0.3495013427734373]], "r": [2.456777587704742, 1.406916578266613, -0.912363094105552, 1.582928014976778, 1.619716107243247, 4.719791857473868, 1.2679018116093304]}, "10": {"h": [[-0.0, -0.06367547607421875, -0.33325527954101564, -0.6138664245605469], [0.0, 0.8265, 0.6765284729003906, 0.5908180236816406], [0.0, -0.13631335449218734, -0.2601745605468749, -0.3216617431640623]], "r": [2.3786147276985017, 1.1359680956763278, -1.2393915634617803, 1.2883596907589467, 1.5985089239726151, 5.039014028890165, -1.5848717380444501]}, "11": {"h": [[-0.0, -0.06165270233154298, -0.28320809173583983, -0.5350383529663085], [0.0, 0.8265, 0.5919541778564453, 0.43004234313964845], [0.0, -0.13697021484375, -0.24714782714843758, -0.3001462402343749]], "r": [2.1815287248134805, 0.8172870406771127, -1.4470110387424029, 1.2157472568660244, 1.304108430431957, 4.952526248524133, -1.8932804983504976]}, "12": {"h": [[-0.0, -0.06019471740722657, -0.28931317138671875, -0.5449845275878906], [0.0, 0.8265, 0.5972999267578125, 0.4473578338623047], [0.0, -0.13554394531249986, -0.24068994140624983, -0.29717041015624984]], "r": [2.141047287619503, 0.8587500232795938, -1.5379366861290782, 0.9998205123646714, 1.5162849303834267, 4.921799790940401, -4.945204046572692]}}, "id": 5}