{"count": 38, "poses_seq": {"0": {"h": [[-0.0, -0.04403669738769532, 0.0690043716430664, 0.19623348999023438], [0.0, 0.8265, 0.5972685241699219, 0.42653266906738285], [0.0, -0.15429687500000006, -0.359629638671875, -0.5662108154296874]], "r": [0.0896488943016536, 2.2266338815560314, 0.7262908002949614, 5.078414433459494, -2.1639191158006095, 4.41300254866139, 0.21648934149423385]}, "1": {"h": [[-0.0, -0.044011154174804695, 0.08708370971679687, 0.23459939575195313], [0.0, 0.8265, 0.6077271118164063, 0.44560052490234375], [0.0, -0.1613353271484373, -0.3656893310546874, -0.5654830322265623]], "r": [0.23301889630603737, 2.294619822907771, 0.6809281643506163, 4.724754480208255, -2.4917432191127853, 4.6649813167129315, 2.8559247536758745]}, "2": {"h": [[-0.0, -0.04660438537597657, 0.11354743957519531, 0.3222524337768555], [0.0, 0.8265, 0.6632108917236328, 0.5627575378417968], [0.0, -0.17498071289062495, -0.37138793945312504, -0.5467099609374999]], "r": [-0.09334514198570276, 2.6816340717461897, 0.9195723676207523, 4.764475164141685, -2.5687871305113847, 4.382615587804077, 0.31607940705109067]}, "3": {"h": [[-0.0, -0.023581233024597165, 0.1368467264175415, 0.38690058994293214], [0.0, 0.8265, 0.7731568565368652, 0.7809196548461914], [0.0, -0.20523437500000014, -0.38878576660156267, -0.5176490478515625]], "r": [-0.06324531886649881, 3.07216747657096, 0.9003753887662509, 4.40646555411577, -2.951054168511608, 4.401853419174426, -0.6500120866158355]}, "4": {"h": [[-0.0, -0.040641155242919925, 0.1024767951965332, 0.3024153327941894], [0.0, 0.8265, 0.939121337890625, 1.0686001892089845], [0.0, -0.213646728515625, -0.40684338378906243, -0.515989990234375]], "r": [-0.0207255183763156, 3.2991096077043074, 0.796025177977532, 4.083047814897413, -2.945725927097305, 4.38247649634916, 2.200828061624878]}, "5": {"h": [[-0.0, 0.003948699951171877, 0.07862479400634766, 0.2054825439453125], [0.0, 0.8265, 1.000490463256836, 1.1945641174316406], [0.0, -0.1700179443359376, -0.4006187744140624, -0.5356131591796873]], "r": [0.20881410426269575, 3.1676826797130424, 0.6015983217908073, 3.7746015620637308, -2.598162267220789, 4.596364009890253, 4.710367553383199]}, "6": {"h": [[-0.0, -0.012605674743652345, -0.0006949157714843668, 0.06997469329833984], [0.0, 0.8265, 1.020920867919922, 1.2474409637451171], [0.0, -0.1784801025390626, -0.39706469726562493, -0.5484901123046875]], "r": [0.595553759724075, 3.3192816031594825, 0.22047908527401167, 4.039738576261594, -2.2526903297303527, 4.3761941125779185, -4.545681435153281]}, "7": {"h": [[-0.0, -0.047054557800292975, -0.0787609634399414, -0.06625670623779298], [0.0, 0.8265, 1.0640540771484375, 1.3063033599853515], [0.0, -0.20366955566406225, -0.39809252929687494, -0.5567839355468749]], "r": [0.20525753960711146, 3.455986546698741, 0.47340406930976536, 4.023173128369469, -2.0271005552554615, 4.416120097403526, -0.06655200843309697]}, "8": {"h": [[-0.0, -0.06584640502929688, -0.16121041870117186, -0.2098865966796875], [0.0, 0.8265, 1.0288286590576172, 1.2659145050048828], [0.0, -0.1716490478515627, -0.37438476562499995, -0.5323934326171875]], "r": [0.19689556800909042, 3.7125031638556445, 0.5878870745049618, 4.027508115101498, -2.3911479028209865, 4.308164833378237, -2.054743423828313]}, "9": {"h": [[-0.0, -0.06226958847045899, -0.21518317794799807, -0.3463773307800293], [0.0, 0.8265, 1.002982147216797, 1.2147051086425782], [0.0, -0.1571478271484375, -0.359242919921875, -0.5136899414062499]], "r": [0.05344960811737111, 3.8336332208903516, 0.6089859386129732, 3.8055065087815043, -2.3830794296156537, 4.5884264181565415, -1.3950133664084357]}, "10": {"h": [[-0.0, -0.06159655761718749, -0.2782092895507813, -0.4929948120117187], [0.0, 0.8265, 0.946471664428711, 1.0955293884277344], [0.0, -0.14534741210937524, -0.352449462890625, -0.4910458984375002]], "r": [-0.1482235857656129, 4.148964597479497, 0.5827140240920076, 3.530565445409669, -2.6742807472609913, 4.890449835701043, -2.587553105276272]}, "11": {"h": [[-0.0, -0.06173268127441407, -0.30824052429199217, -0.5664581756591797], [0.0, 0.8265, 0.7836007614135743, 0.7855718917846679], [0.0, -0.15197363281249993, -0.36348730468749985, -0.5097790527343748]], "r": [-0.1363280817197999, 4.478639561681088, 0.5349727866823426, 3.784598557866363, -2.4205371279681356, 5.092622873616179, -4.460837034742083]}, "12": {"h": [[-0.0, -0.059144409179687496, -0.2523575897216797, -0.4671741790771484], [0.0, 0.8265, 0.6576520233154297, 0.5315262145996094], [0.0, -0.14140100097656277, -0.36595971679687517, -0.5334132080078124]], "r": [-0.2361433577764339, 4.784831457618199, 0.5672270622526054, 4.106258597208489, -2.354613308935094, 5.241160876941925, 3.743850569111585]}, "13": {"h": [[-0.0, -0.058171920776367195, -0.15802627563476562, -0.2752388000488281], [0.0, 0.8265, 0.5844198608398438, 0.3929466247558594], [0.0, -0.1301265869140627, -0.3568693847656253, -0.5617579345703125]], "r": [-0.45003826068867836, 5.093331590533754, 0.7350043836547919, 4.253740034414085, -2.654134709039713, 5.229811695311588, -5.416835182203374]}, "14": {"h": [[-0.0, -0.04577712249755861, 0.010254615783691398, 0.07039333724975586], [0.0, 0.8265, 0.5711631317138672, 0.3719381866455078], [0.0, -0.13647802734375009, -0.3571724853515626, -0.5714487304687501]], "r": [-0.7274196595645531, 5.001350813300872, 1.0422651389504847, 4.5687087091915135, -2.6740922726177416, 4.904595074201301, -0.12109807996124612]}, "15": {"h": [[-0.0, -0.05660340881347657, 0.05682510375976561, 0.24131954956054685], [0.0, 0.8265, 0.6031115875244141, 0.46681745910644534], [0.0, -0.1448715820312499, -0.3624471435546875, -0.5517572021484374]], "r": [-1.104768177353175, 4.839618328652134, 0.6910357620434319, 4.6468900468492675, -2.329002787792192, 4.981830440874033, -0.19701510321453]}, "16": {"h": [[-0.0, -0.0638211441040039, 0.07660916900634766, 0.31433471679687497], [0.0, 0.8265, 0.6455496520996094, 0.5547373504638672], [0.0, -0.1434787597656249, -0.35708288574218755, -0.501748046875]], "r": [-1.1135875032476807, 4.824749162702134, 0.8384400279556699, 4.648176054796634, -2.641360296962684, 4.663480966213688, -1.1316698512843466]}, "17": {"h": [[-0.0, -0.07838134384155274, 0.08690346145629883, 0.3595042915344238], [0.0, 0.8265, 0.7373174438476563, 0.7216979217529298], [0.0, -0.1782882080078126, -0.36883703613281243, -0.4475018310546875]], "r": [-1.2432640571788267, 4.557422916934187, 0.5491091533909428, 4.612989772475779, -2.3892067643188692, 4.660856057380133, -0.495962707729247]}, "18": {"h": [[-0.0, -0.0715932788848877, 0.09611079216003418, 0.35502584648132324], [0.0, 0.8265, 0.8655084953308105, 0.9428547668457031], [0.0, -0.18343139648437506, -0.36315698242187505, -0.38638842773437504]], "r": [-1.4089836355940706, 4.370470059993157, 0.3021384424448195, 4.341294304096475, -2.365614038074045, 4.6419197641260785, -2.2511990626778218]}, "19": {"h": [[-0.0, -0.06898825263977051, 0.01566389274597168, 0.20845971488952636], [0.0, 0.8265, 1.0136599273681641, 1.19553662109375], [0.0, -0.17439367675781253, -0.3518614501953126, -0.3977640380859376]], "r": [-1.020688123011808, 4.149414821393121, 0.2219936173565742, 4.243740288245692, -2.362168376847839, 4.310560954840857, -5.166758356438349]}, "20": {"h": [[-0.0, -0.04093484497070313, -0.011158565521240234, 0.11870265197753906], [0.0, 0.8265, 1.0562635498046875, 1.278676498413086], [0.0, -0.17989562988281255, -0.3469322509765625, -0.43808361816406266]], "r": [-0.729149431178677, 4.1503418785280655, 0.2146750401928748, 4.482102871724282, -1.976924021643551, 3.9367595457540934, 2.3363725692358686]}, "21": {"h": [[-0.0, -0.017005661010742183, -0.06359123229980468, -0.003504287719726565], [0.0, 0.8265, 1.0446031036376953, 1.2865101776123047], [0.0, -0.16509753417968726, -0.34745581054687485, -0.4541143798828125]], "r": [-0.7173199870219745, 4.193554662318291, 0.033341470083539826, 4.398440228998456, -1.8351473814820467, 4.144246621057141, 0.6873097253085089]},