{"count": 38, "poses_seq": {"0": {"h": [[-0.0, -0.04403669738769532, 0.0690043716430664, 0.19623348999023438], [0.0, 0.8265, 0.5972685241699219, 0.42653266906738285], [0.0, -0.15429687500000006, -0.359629638671875, -0.5662108154296874]], "r": [-0.3926053211683544, 5.755722131511022, -1.5391650530808245, 0.8189163313852813, -0.8931739953402577, 3.2705333524553466, 5.2192977514061045]}, "1": {"h": [[-0.0, -0.044294219970703125, 0.07784938049316406, 0.21547193145751953], [0.0, 0.8265, 0.6017431793212891, 0.4341642456054688], [0.0, -0.15715893554687504, -0.3620902099609376, -0.56645068359375]], "r": [-0.4146585655805614, 5.385979207971941, -1.6358270499442997, 0.7582304041596183, -0.5887993373133892, 3.0551224132932475, 0.18483817694761864]}, "2": {"h": [[-0.0, -0.04842252349853515, 0.11549288177490234, 0.33182012939453126], [0.0, 0.8265, 0.6725868682861329, 0.5848659973144532], [0.0, -0.176638671875, -0.37048620605468746, -0.5408388671875]], "r": [-0.7795970558341486, 5.003085954450963, -1.8487847920782947, 1.0220449108479912, -0.23150761936673397, 3.389863314740517, 1.6207455270800548]}, "3": {"h": [[-0.0, -0.016825290679931642, 0.14337818145751952, 0.3921860733032227], [0.0, 0.8265, 0.7853153762817383, 0.8042121391296386], [0.0, -0.2069400634765624, -0.390431884765625, -0.5113199462890625]], "r": [-1.1233794876138328, 4.827604005659325, -2.168749238367996, 1.2131970453221248, -0.4863244707342162, 3.3098928144397615, 3.6898614306392163]}, "4": {"h": [[-0.0, -0.0425775203704834, 0.0938504581451416, 0.28735016059875484], [0.0, 0.8265, 0.9459571838378906, 1.0828903198242188], [0.0, -0.21403820800781254, -0.4067037353515624, -0.5173917236328125]], "r": [-1.3591115902579909, 4.6914364431936315, -2.567638190599876, 1.5455994900781913, -0.2852479545056985, 3.412439070509651, 0.19566723396732844]}, "5": {"h": [[-0.0, 0.003948699951171877, 0.07862479400634766, 0.2054825439453125], [0.0, 0.8265, 1.000490463256836, 1.1945641174316406], [0.0, -0.1700179443359376, -0.4006187744140624, -0.5356131591796873]], "r": [-1.556808215952249, 4.673829536155455, -2.782782812185749, 1.7099099337234218, -0.38313633045292816, 3.539230699221478, 3.269992831447092]}, "6": {"h": [[-0.0, -0.023377677917480466, -0.016158142089843744, 0.049482055664062496], [0.0, 0.8265, 1.0234812774658204, 1.2501611938476562], [0.0, -0.17903784179687482, -0.39873510742187507, -0.5506315917968749]], "r": [-1.6498052564883887, 4.641390113198746, -3.0435903206857793, 1.7875219415407813, -0.30887494241485025, 3.5824996588190436, -3.4021528938149275]}, "7": {"h": [[-0.0, -0.05489054107666015, -0.09612321472167967, -0.09142027282714843], [0.0, 0.8265, 1.0472256164550782, 1.2913242340087892], [0.0, -0.1813139648437499, -0.3851109619140625, -0.5448643798828126]], "r": [-1.4264676124303837, 4.550900594117343, -3.0047366134114775, 1.9830212225762947, -0.4032683416450077, 3.8527866965595314, 4.722874566110376]}, "8": {"h": [[-0.0, -0.06528754425048827, -0.16726712799072266, -0.2246355667114258], [0.0, 0.8265, 1.023876007080078, 1.2582451171875], [0.0, -0.17151501464843727, -0.3697623291015624, -0.5291722412109374]], "r": [-1.206079232542317, 4.571671199240358, -3.027619383152126, 2.035262040860706, -0.33098106250463216, 3.934667116645795, -3.279205973116573]}, "9": {"h": [[-0.0, -0.06269163131713867, -0.2106673469543457, -0.33057222366333006], [0.0, 0.8265, 1.005636764526367, 1.2217327270507812], [0.0, -0.16019653320312482, -0.36325732421874984, -0.5206999511718748]], "r": [-0.9932136270569065, 4.656707452974173, -3.001358407209719, 1.9835519919957432, -0.3114078472623652, 3.9123651099932792, 4.391003949735406]}, "10": {"h": [[-0.0, -0.061267814636230475, -0.2592191848754883, -0.44873725128173825], [0.0, 0.8265, 0.9653731536865235, 1.1405672607421875], [0.0, -0.1485030517578128, -0.35223706054687504, -0.4920145263671876]], "r": [-0.7685050580260578, 4.808106757108012, -2.880188943192567, 1.8293161797704027, -0.6024969939243557, 3.864111051303816, -4.237234228924725]}, "11": {"h": [[-0.0, -0.06102725219726564, -0.30909893798828125, -0.5629232788085937], [0.0, 0.8265, 0.8265576673746109, 0.8763865394592285], [0.0, -0.1369261474609374, -0.3519613037109373, -0.4982811279296873]], "r": [-0.4265062024118768, 5.079912462849363, -2.671820723298267, 1.8913973137562587, -0.29026163351288836, 4.213504193124685, 4.6668618178745715]}, "12": {"h": [[-0.0, -0.059079650878906265, -0.2592512664794922, -0.4792705230712891], [0.0, 0.8265, 0.6661177825927734, 0.5470335693359375], [0.0, -0.1414224853515627, -0.3654134521484376, -0.5305816650390627]], "r": [-0.2563281333759042, 5.35899468768178, -2.329291347842105, 1.8675601525380054, -0.13782295083995255, 4.581975265308219, 0.41398812870593305]}, "13": {"h": [[-0.0, -0.056662925720214835, -0.19064542388916014, -0.3519433364868164], [0.0, 0.8265, 0.6021219787597656, 0.4287878112792969], [0.0, -0.13601965332031246, -0.3641131591796874, -0.5544044189453123]], "r": [-0.08026366796824255, 5.6796527251131845, -1.960948045486191, 1.4743412915431748, -0.2572256256020542, 4.2455688054651395, -0.5496864820615343]}, "14": {"h": [[-0.0, -0.05799675750732422, -0.1692600784301758, -0.30228379058837895], [0.0, 0.8265, 0.5912506713867187, 0.4062037963867187], [0.0, -0.13130212402343738, -0.35876037597656235, -0.5572464599609375]], "r": [-0.2459055917593213, 5.75635208438503, -1.8643586907282395, 1.4380926366499445, -0.5569312694940299, 4.372020056115243, 0.3994742897492274]}, "15": {"h": [[-0.0, -0.04727742767333985, -0.0008483428955078226, 0.04336219024658203], [0.0, 0.8265, 0.5689526062011718, 0.3665222625732422], [0.0, -0.13482421875000022, -0.3554846191406252, -0.57159228515625]], "r": [-0.5233896016448529, 5.727339679693758, -1.5495615420711077, 1.3633695646714519, -0.5066107351562672, 4.386180543714102, -1.0136326552872705]}, "16": {"h": [[-0.0, -0.05660340881347657, 0.05682510375976561, 0.24131954956054685], [0.0, 0.8265, 0.6031115875244141, 0.46681745910644534], [0.0, -0.1448715820312499, -0.3624471435546875, -0.5517572021484374]], "r": [-0.906229676526447, 5.441850501445944, -1.7809133013495482, 1.4233538472928902, -0.2796601870854273, 4.291691483607307, 1.2478541483336545]}, "17": {"h": [[-0.0, -0.06487137985229492, 0.08268352127075196, 0.32848277664184566], [0.0, 0.8265, 0.6595727081298829, 0.5770982055664062], [0.0, -0.14864672851562527, -0.3574345703125002, -0.4932453613281252]], "r": [-1.0980405946452594, 5.121284757244264, -1.8818653879056428, 1.4660744580331286, -0.24731828432582237, 4.278621848722397, 4.394191071444935]}, "18": {"h": [[-0.0, -0.07582558631896973, 0.09120363426208496, 0.3667546672821045], [0.0, 0.8265, 0.7504985580444337, 0.7434324188232422], [0.0, -0.1816179199218751, -0.3716678466796877, -0.4424986572265626]], "r": [-1.3659918828019442, 4.8879750692776245, -2.2526584863802226, 1.6733112817360567, -0.04484548478985521, 4.3502552093557805, -3.5245792762600465]}, "19": {"h": [[-0.0, -0.07483126831054687, 0.09412391662597656, 0.3472137451171875], [0.0, 0.8265, 0.896636360168457, 0.9899246520996093], [0.0, -0.18072570800781246, -0.3599044189453125, -0.3788743896484375]], "r": [-1.7068375267332334, 4.792453371311155, -2.646807276157782, 1.6869009128580437, -0.09625413594359856, 4.008975319973178, 4.824494372483549]}, "20": {"h": [[-0.0, -0.06898825263977051, 0.01566389274597168, 0.20845971488952636], [0.0, 0.8265, 1.0136599273681641, 1.19553662109375], [0.0, -0.17439367675781253, -0.3518614501953126, -0.3977640380859376]], "r": [-1.8153214215314406, 4.586032637143581, -3.0277826884520826, 1.8546330401133004, 0.16699192809222513, 3.8987665430190925, -1.079890053414844]}, "21": {"h": [[-0.0, -0.04093484497070313, -0.011158565521240234, 0.11870265197753906], [0.0, 0.8265, 1.0562635498046875, 1.278676498413086], [0.0, -0.17989562988281255, -0.3469322509765625, -0.43808361816406266]], "r": [-1.6331967923034034, 4.389905634022397, -2.942776720538134, 2.204441750136124, -0.0934081463264092, 4.1754486445110635, 1.832363442238063]},