{"count": 24, "poses_seq": {"0": {"h": [[-0.0, -0.0519771728515625, -0.3305538330078125, -0.5955199890136719], [0.0, 0.8265, 0.6425747680664062, 0.50525341796875], [0.0, -0.13864611816406242, -0.2464499511718748, -0.3006945800781247]], "r": [-3.4325482613586584, 1.2993230727704828, 3.9557796598176593, 3.8383828940295324, -0.5634620300455586, 0.6673926574547236, -2.6057443161104965]}, "1": {"h": [[-0.0, -0.057664550781250004, -0.2719068756103516, -0.4899655609130859], [0.0, 0.8265, 0.5826270751953125, 0.4010226440429688], [0.0, -0.14681372070312532, -0.26981774902343775, -0.3768621826171877]], "r": [2.5267559644832276, 1.1246847315768544, -2.4326438031078506, 4.145229811889217, -0.8023064269419325, 0.608212193989421, -4.0343363134229016]}, "2": {"h": [[-0.0, -0.049249031066894544, -0.14372887420654298, -0.21539122772216798], [0.0, 0.8265, 0.5589701385498047, 0.41289958190917975], [0.0, -0.1400263671875, -0.3165001220703126, -0.5645515136718751]], "r": [2.1640361322649033, 1.0339730123919164, -2.1525793205841657, 4.26147239053188, -0.7439314898872246, 0.8399919349429125, 1.2985199364563507]}, "3": {"h": [[-0.0, -0.04877471923828125, -0.10718179321289062, -0.11770072937011719], [0.0, 0.8265, 0.565364227294922, 0.4427610168457031], [0.0, -0.13625634765624978, -0.3325808105468749, -0.6023652343749999]], "r": [2.1322146850208292, 1.1013465617018796, -2.1243773429371013, 4.154774434808399, -0.4913473231028387, 0.9182931330189988, 0.6721394588680912]}, "4": {"h": [[-0.0, -0.057103111267089834, -0.07481725311279297, 0.0015310668945312522], [0.0, 0.8265, 0.58376953125, 0.4843528900146485], [0.0, -0.13858129882812503, -0.35091235351562494, -0.6089069824218749]], "r": [1.836443919714615, 1.1070599525608449, -2.127006647057202, 4.283046897276179, -0.7547655906253639, 0.9534114200810714, -0.008490379203073217]}, "5": {"h": [[-0.0, -0.06054564666748047, -0.018769737243652343, 0.15107099151611328], [0.0, 0.8265, 0.6153976593017578, 0.5603909454345704], [0.0, -0.13777783203125, -0.36022705078125, -0.583734619140625]], "r": [1.6841504501272757, 1.3933319401883197, -1.784591432253421, 4.227080674155209, -0.8758176449063977, 0.8430424623486367, 0.01340618648410274]}, "6": {"h": [[-0.0, -0.06733383178710937, 0.02377011871337891, 0.25334988403320313], [0.0, 0.8265, 0.6575333099365235, 0.6604047241210937], [0.0, -0.14514892578125022, -0.37335681152343764, -0.5384177246093751]], "r": [1.7751131114961043, 1.5633863745358392, -1.62520957791319, 4.364681387173569, -0.8376193720187095, 1.1840341894891775, 0.31996561104767024]}, "7": {"h": [[-0.0, -0.07016635131835937, 0.05576160430908203, 0.3076999893188477], [0.0, 0.8265, 0.7144603118896484, 0.778617805480957], [0.0, -0.16291442871093748, -0.39250512695312484, -0.49095703124999984]], "r": [1.593034618596679, 1.6068693059394905, -1.8627753398710152, 4.323356028540564, -0.8625533347824682, 1.3007004563290303, 1.1907245899662606]}, "8": {"h": [[-0.0, -0.0814765033721924, 0.037857419967651365, 0.2228738842010498], [0.0, 0.8265, 0.8581611251831055, 1.0358514404296875], [0.0, -0.1684006347656251, -0.40374853515625003, -0.48794946289062496]], "r": [1.5526377601953225, 1.7631043347746649, -2.1539424658892226, 4.402793120534304, -1.253284523253686, 1.6394184278156902, -0.08621387595189633]}, "9": {"h": [[-0.0, -0.08882930183410645, -0.018247079849243168, 0.1161862392425537], [0.0, 0.8265, 0.8567850952148437, 1.0454768676757813], [0.0, -0.16361169433593742, -0.42590490722656243, -0.54685009765625]], "r": [1.623449322728062, 1.6521436769289268, -2.3715411959330717, 4.469983765205373, -1.2479150703346598, 1.8205091779272216, 1.0852495056421965]}, "10": {"h": [[-0.0, -0.07014806365966797, -0.06057183837890625, 0.02268865966796875], [0.0, 0.8265, 0.8416096725463867, 1.0129458770751953], [0.0, -0.15331860351562493, -0.45946118164062494, -0.6341958007812498]], "r": [1.665121420605636, 1.549799514119551, -2.473198145976004, 4.427884913008003, -1.223375130852615, 1.8044972582299081, -2.0351734149851737]}, "11": {"h": [[-0.0, -0.07189797973632811, -0.08767764282226562, -0.05880587768554688], [0.0, 0.8265, 0.7625224304199218, 0.8618115310668946], [0.0, -0.15271923828124995, -0.4478315429687499, -0.6808181152343746]], "r": [1.713550969979974, 1.2103830539461964, -2.6122614600449308, 4.792851212431552, -1.38541840370121, 2.043196949752147, -5.126976112660335]}, "12": {"h": [[-0.0, -0.06899146652221681, -0.03819974899291992, 0.024305545806884765], [0.0, 0.8265, 0.6117373352050781, 0.5775540008544922], [0.0, -0.14896520996093737, -0.4141237792968749, -0.6618044433593748]], "r": [1.360675983879622, 0.8344827085079107, -2.7076490242151667, 4.94331484920608, -1.2456057615616787, 1.7080046405259466, -1.689693222894428]}, "13": {"h": [[-0.0, -0.06037480163574219, 0.027246070861816407, 0.19131806182861327], [0.0, 0.8265, 0.5970091094970703, 0.4851454925537109], [0.0, -0.15909692382812507, -0.37857934570312507, -0.590425537109375]], "r": [1.3495451562624876, 0.6459169148250653, -2.4446495493730045, 4.881425894903467, -0.9771184981205747, 1.6468450413390003, -0.8033176304522402]}, "14": {"h": [[-0.0, -0.05813525772094727, 0.08135906600952147, 0.3185622825622559], [0.0, 0.8265, 0.6194233551025391, 0.5081380615234374], [0.0, -0.15523901367187515, -0.34502246093749994, -0.475767578125]], "r": [1.4982138254463244, 0.650011014798952, -2.1092776552002706, 4.941530092212202, -0.7892057297347056, 1.811376159133663, -2.417325333782482]}, "15": {"h": [[-0.0, -0.06740964698791505, 0.11228360557556152, 0.39303341484069826], [0.0, 0.8265, 0.6777279357910156, 0.6271179504394531], [0.0, -0.19125695800781256, -0.34865686035156257, -0.39406701660156257]], "r": [1.4458603752604622, 0.8276563069701749, -2.078450873262424, 5.0864596405828255, -0.9111389802646686, 2.0971113479441703, -5.371715941463989]}, "16": {"h": [[-0.0, -0.04677473258972168, 0.13680337715148927, 0.4080123920440674], [0.0, 0.8265, 0.7873746604919434, 0.8558454322814941], [0.0, -0.20125488281249987, -0.35630102539062497, -0.35191333007812503]], "r": [1.3584640394173988, 1.1965504909726952, -2.4486857513155202, 4.9604004162369915, -0.711453117571738, 2.48628618014956, 1.827186309400391]}, "17": {"h": [[-0.0, -0.06485057067871094, 0.07421284484863282, 0.2917341995239258], [0.0, 0.8265, 0.8568296623229981, 1.014731903076172], [0.0, -0.18286352539062506, -0.405558837890625, -0.4627634277343749]], "r": [1.612754885179135, 1.4356391953164513, -2.5321984113006817, 4.849214862353292, -0.9252906521084374, 2.605076212354696, 2.2127883286147325]}, "18": {"h": [[-0.0, -0.06870241165161133, 0.029956584930419923, 0.2101363868713379], [0.0, 0.8265, 0.8652308769226074, 1.0323371582031249], [0.0, -0.1795595703125002, -0.42630554199218756, -0.5382301025390623]], "r": [1.728981212417379, 1.4197044067741498, -2.6246221780529106, 4.825523228834169, -0.8785769087468551, 2.7279733908054244, 2.8981743735229877]}, "19": {"h": [[-0.0, -0.06908751678466797, 0.0018949508666992188, 0.14562123870849608], [0.0, 0.8265, 0.8418248310089111, 0.990740463256836], [0.0, -0.16561547851562503, -0.44970117187499997, -0.6096530761718748]], "r": [2.0482661053853226, 1.40364661050414, -2.571094483533229, 4.9197488738407325, -0.6012574918509048, 2.9776060989094186, 4.52607095256384]}, "20": {"h": [[-0.0, -0.06593510055541993, -0.011261165618896486, 0.07960968399047852], [0.0, 0.8265, 0.7977455062866211, 0.8639727172851562], [0.0, -0.161489990234375, -0.4681855468750001, -0.7019029541015627]], "r": [2.2784327409838285, 1.276762414122853, -2.400254296658047, 5.002943272119375, -0.8403642683305337, 3.0215938176132444, 1.0682919308599996]}, "21": {"h": [[-0.0, -0.06291053771972657, 0.015805580139160155, 0.12994559478759765], [0.0, 0.8265, 0.652513427734375, 0.5625401611328125], [0.0, -0.1655198974609376, -0.4267821044921876, -0.6566331787109374]], "r": [2.5353395970011543, 0.8811809625400329, -2.078244521987073, 5.394391838641762, -0.5140659783627173, 3.2680719120164072, 4.057076264493718]},