{"count": 7, "poses_seq": {"0": {"h": [[-0.0, -0.055975738525390645, -0.13521585083007812, 0.15236407470703123], [0.0, 0.8265, 0.7009952926635742, 0.7630297813415527], [0.0, -0.23988244628906258, -0.42881243896484383, -0.5031178588867187]], "r": [1.2576394819954764, 2.5589413348424834, 2.3074869700208014, 2.2222575523285664, -1.9874759793577443, 0.6097364043534108, -2.2911815851002433]}, "1": {"h": [[-0.0, -0.04503254699707032, -0.09895414733886718, 0.09821615600585938], [0.0, 0.8265, 0.755177345275879, 0.9825087890625], [0.0, -0.12431518554687498, -0.34647253417968754, -0.44087158203124993]], "r": [1.4240212857722598, 2.8924229365751803, 2.0032499887647144, 2.3009408645790166, -1.6532541440365751, 0.8070269575540716, -2.442700541778849]}, "2": {"h": [[-0.0, -0.057698883056640615, -0.12111805725097655, 0.0029751052856445415], [0.0, 0.8265, 0.7810421295166016, 1.0341566467285157], [0.0, -0.13011340332031246, -0.3407934570312499, -0.4601376953124999]], "r": [1.3517760099236928, 2.9090187843741964, 2.3373144693328207, 2.424397907305445, -1.5295345665240498, 0.9199835640349314, -1.3105643798689592]}, "3": {"h": [[-0.0, -0.05496907043457032, -0.15492308044433595, -0.10103326416015625], [0.0, 0.8265, 0.742821662902832, 1.014402801513672], [0.0, -0.12113342285156242, -0.3036971435546874, -0.44966577148437487]], "r": [1.630636133600213, 2.8226262321654203, 2.314232234802032, 2.0758644267123048, -1.183064965362834, 0.7795986616764613, 0.4415702395162494]}, "4": {"h": [[-0.0, -0.05163342285156251, -0.17389891052246093, -0.1751816253662109], [0.0, 0.8265, 0.7503210906982423, 1.0280835723876953], [0.0, -0.1265919189453127, -0.3031787109375, -0.45927392578125]], "r": [1.72001628655622, 2.6460283112941907, 2.121702999795276, 2.4616136606051713, -0.8256079014678349, 0.6830430498438507, 1.1479399753111885]}, "5": {"h": [[-0.0, -0.047122085571289066, -0.18847900390625, -0.24469305419921872], [0.0, 0.8265, 0.7534265899658203, 1.0180506439208985], [0.0, -0.1248764648437502, -0.29767224121093766, -0.4561142578125002]], "r": [1.818765216357206, 2.5393937265103044, 2.3076197383885315, 2.4934862264390776, -0.6671650813463961, 0.6734911918498945, 3.234704125269417]}, "6": {"h": [[-0.0, -0.037640388488769536, -0.22172478485107422, -0.341710563659668], [0.0, 0.8265, 0.7595110397338868, 0.9749083557128907], [0.0, -0.14817199707031242, -0.296251220703125, -0.4607884521484376]], "r": [2.0396526672810995, 2.4242080051994317, 2.6972795333826585, 2.2443286437754635, -0.5571209328491084, 0.6579697064177826, -3.9742112374537837]}}, "id": 0}