{"count": 7, "poses_seq": {"0": {"h": [[-0.0, -0.06056166839599608, -0.24512943267822265, -0.43975540924072265], [0.0, 0.8265, 0.5676497802734375, 0.36878399658203126], [0.0, -0.14331054687500028, -0.2863814697265626, -0.40447387695312514]], "r": [2.9577004771009108, 1.8107585463707636, 2.219957681488356, 2.131102403445435, -0.12648844852428076, 5.369568506712173, 1.1190944477176465]}, "1": {"h": [[-0.0, -0.039783660888671885, -0.08011967468261719, -0.11903004455566407], [0.0, 0.8265, 0.518021255493164, 0.27006794738769535], [0.0, -0.13977526855468742, -0.3231519775390624, -0.49539465332031246]], "r": [2.5716457526461394, 1.4673053738200221, 2.1044934973169083, 1.8734619023217658, -0.18696305675611138, 5.249202095885026, -0.29671610409308724]}, "2": {"h": [[-0.0, -0.05920255279541016, 0.02461185455322265, 0.18836251068115234], [0.0, 0.8265, 0.5548857727050781, 0.36729745483398435], [0.0, -0.13890661621093742, -0.33348291015625003, -0.4976845703125002]], "r": [2.2315840422164643, 1.5930882533610817, 2.2164562875182643, 1.549044961697877, -0.5660414950039107, 4.887639921771868, 1.925474568046052]}, "3": {"h": [[-0.0, -0.07089863967895507, 0.09210099411010741, 0.36665939712524415], [0.0, 0.8265, 0.6260568237304688, 0.5375674285888672], [0.0, -0.1416923828124999, -0.3240292968749999, -0.37259082031249996]], "r": [1.9860603516256883, 1.5863601358821073, 1.9013014521261085, 1.3121445199601471, -0.7367142844477578, 4.589775931261298, 2.3784984275881826]}, "4": {"h": [[-0.0, -0.06553296279907228, 0.13789728927612305, 0.42443012619018555], [0.0, 0.8265, 0.7145023727416993, 0.760470043182373], [0.0, -0.15126770019531272, -0.3330654296875, -0.33854235839843755]], "r": [1.6962968893495898, 1.7482032074489795, 1.5920681664409375, 1.5499571800193384, -0.8840089132788269, 4.689763446345935, 0.36833640110639093]}, "5": {"h": [[-0.0, -0.06885675048828124, 0.07158325195312501, 0.29807371520996095], [0.0, 0.8265, 0.7899906997680664, 0.951810302734375], [0.0, -0.16674255371093777, -0.38327136230468756, -0.4354218750000001]], "r": [2.014160052078767, 1.9161490176061797, 1.330489031117081, 1.6858164861848683, -0.9609010077513118, 4.471424561719163, 0.6976576374974283]}, "6": {"h": [[-0.0, -0.08025909805297851, -0.0073069496154785155, 0.14145486068725585], [0.0, 0.8265, 0.8148247423171997, 1.0139402618408204], [0.0, -0.1673499755859374, -0.40776379394531254, -0.5071809082031249]], "r": [1.8416245365387311, 1.6824819470600216, 0.9834559402053682, 1.7747537570827523, -1.0961779089660226, 4.456575727055411, 1.5785162253154033]}}, "id": 4}