{"count": 30, "poses_seq": {"0": {"h": [[-0.0, -0.06153599548339844, 0.007837295532226562, 0.1418658905029297], [0.0, 0.8265, 0.5987942199707031, 0.497673583984375], [0.0, -0.15975927734375023, -0.3817861328125001, -0.608674072265625]], "r": [1.1792719852792617, 2.2144608925737894, 2.535807974714416, 1.7137642871298344, -1.8508136401192101, 0.769018373388035, -0.46391036279865777]}, "1": {"h": [[-0.0, -0.05031140899658204, 0.0721647720336914, 0.28137820434570315], [0.0, 0.8265, 0.5959467163085937, 0.47520883178710943], [0.0, -0.1431654052734373, -0.3471829833984375, -0.5196668701171874]], "r": [1.0748304213969826, 2.140092159151532, 2.2383935104616084, 1.634777925296647, -1.9416128327004614, 0.6686849209179511, 1.048063324765988]}, "2": {"h": [[-0.0, -0.060881790161132814, 0.1064254608154297, 0.3703299865722656], [0.0, 0.8265, 0.6498356323242187, 0.5613632965087891], [0.0, -0.17513269042968777, -0.34900817871093764, -0.43477014160156263]], "r": [0.7776750641160345, 2.2535309468407965, 2.3849399902853596, 1.450315548574801, -1.7559926168839453, 0.6188004853427376, 1.3734336889053296]}, "3": {"h": [[-0.0, -0.06450142860412597, 0.12493060874938965, 0.4111142406463623], [0.0, 0.8265, 0.7156066513061523, 0.6958944702148437], [0.0, -0.20413146972656243, -0.35310046386718735, -0.36941967773437484]], "r": [0.736635759701286, 2.493119160100182, 2.1862784074171446, 1.6942112230097113, -1.7035001321227445, 0.659801531519029, -0.3854550163569016]}, "4": {"h": [[-0.0, -0.06122767734527587, 0.102855544090271, 0.34470793819427487], [0.0, 0.8265, 0.8436613693237305, 0.9749014892578125], [0.0, -0.18810217285156244, -0.3843985595703126, -0.40480798339843754]], "r": [1.0826785070994842, 2.8714234110874464, 1.8847538207496957, 1.8781633171820251, -1.3953493283696492, 1.0185103961020199, -0.035837898639444525]}, "5": {"h": [[-0.0, -0.06639816284179687, 0.05636985778808594, 0.2594183654785156], [0.0, 0.8265, 0.8606871032714845, 1.0271551513671875], [0.0, -0.17708215332031246, -0.413798583984375, -0.4902740478515624]], "r": [1.4431146823078131, 2.8689540421329047, 1.6265931904327626, 2.170010421340837, -1.4954399368169633, 1.1110812285546554, -2.2061071870270523]}, "6": {"h": [[-0.0, -0.06984287643432617, 0.012110912322998046, 0.1674542121887207], [0.0, 0.8265, 0.848158187866211, 1.0079183807373047], [0.0, -0.1685280761718751, -0.4374114990234375, -0.582655517578125]], "r": [1.7933435753079836, 2.866648697088385, 1.5782030567282883, 1.9794977919795387, -1.4897689714288884, 1.2770769562115718, -4.7861157516235835]}, "7": {"h": [[-0.0, -0.06439007568359376, -0.009487495422363282, 0.09695626068115235], [0.0, 0.8265, 0.8132855854034424, 0.9066513519287109], [0.0, -0.1662606201171875, -0.46417822265625014, -0.6766314697265625]], "r": [1.9937952181503302, 2.627364348648441, 1.3001861494550089, 2.1488682068090674, -1.6616713661273512, 1.2330208940924074, 0.1863073336612955]}, "8": {"h": [[-0.0, -0.06595333099365235, 0.0030081863403320294, 0.08710889434814453], [0.0, 0.8265, 0.6711867370605469, 0.6290143432617188], [0.0, -0.16638842773437484, -0.4447624511718749, -0.6862773437499998]], "r": [1.935834021535533, 2.3062419455444316, 1.3365300761552594, 1.8451164547736094, -1.7493671282276124, 1.028889123874588, -1.069531308207693]}, "9": {"h": [[-0.0, -0.06243384552001953, 0.04428639984130859, 0.2077297668457031], [0.0, 0.8265, 0.6198917541503907, 0.4866893920898438], [0.0, -0.14951123046874987, -0.37862170410156254, -0.5809289550781249]], "r": [1.7694380643861054, 2.2355159606041735, 1.4156887059613137, 1.497851512416071, -1.9141324183134703, 1.087395095700831, -0.6937738843796195]}, "10": {"h": [[-0.0, -0.06095737457275391, 0.07167900848388671, 0.270064697265625], [0.0, 0.8265, 0.6023433074951172, 0.4540176239013672], [0.0, -0.14734362792968742, -0.35302770996093763, -0.5167839355468751]], "r": [1.61404514550655, 1.9635870892269442, 1.1080643910213615, 1.4063428589558435, -1.8976839969298305, 0.8652910928185664, 2.021460394946013]}, "11": {"h": [[-0.0, -0.06162471771240235, 0.13785021209716797, 0.4152987365722656], [0.0, 0.8265, 0.6257933197021485, 0.5281778717041016], [0.0, -0.14626391601562477, -0.3026977539062499, -0.335336669921875]], "r": [1.4483333283348543, 2.020450773579476, 0.9265820242104951, 1.4903680292010082, -2.1497092778033835, 1.0665664685130707, 3.388667326595563]}, "12": {"h": [[-0.0, -0.06885395240783691, 0.14402872276306153, 0.43253712272644046], [0.0, 0.8265, 0.7018047256469726, 0.6886471557617188], [0.0, -0.16965600585937507, -0.30719531250000004, -0.2737247314453127]], "r": [1.2486695392660125, 2.2958560757384436, 0.7595250752468949, 1.3836801839014357, -1.7981841244436099, 0.8654663833297375, -5.07598669729977]}, "13": {"h": [[-0.0, -0.06128499221801757, 0.1285516700744629, 0.3728144874572754], [0.0, 0.8265, 0.8345154876708984, 0.9406710968017579], [0.0, -0.19469885253906255, -0.36049426269531254, -0.3418482666015626]], "r": [1.6162009125257895, 2.534221923161206, 0.5615398949711884, 1.6711556976492246, -1.4365956162446423, 1.060782220843665, 0.26563175188625887]}, "14": {"h": [[-0.0, -0.07393447494506837, 0.07344020462036133, 0.2913850898742676], [0.0, 0.8265, 0.8691106719970703, 1.0159933624267579], [0.0, -0.19339208984375006, -0.40716455078124986, -0.47041943359375]], "r": [1.9832567638323935, 2.5884884463659747, 0.6108307021981997, 1.7780083634034156, -1.4172894469227837, 1.2797968078384312, 2.3437423805483526]}, "15": {"h": [[-0.0, -0.07602041244506837, 0.03314520645141601, 0.21317737197875977], [0.0, 0.8265, 0.8649098167419433, 1.001976821899414], [0.0, -0.18306945800781232, -0.4368958740234375, -0.5802850341796875]], "r": [2.090384998882958, 2.376492063517299, 0.5756752257308088, 1.5432873585322908, -1.1644705276224394, 1.3725631865456602, 5.031919214140045]}, "16": {"h": [[-0.0, -0.07775482940673828, 0.019935440063476563, 0.1513978271484375], [0.0, 0.8265, 0.8492327041625977, 0.9352355346679688], [0.0, -0.17381921386718752, -0.46336572265625003, -0.6727205810546875]], "r": [2.1569843885460256, 2.1531763726423154, 0.46411445884359404, 1.7688878584033931, -1.5014144128788147, 1.4548023493320656, 0.37670702568986375]}, "17": {"h": [[-0.0, -0.06349494552612306, 0.037374897003173826, 0.11188179397583009], [0.0, 0.8265, 0.7604293899536133, 0.763236946105957], [0.0, -0.1881774902343752, -0.479205322265625, -0.725640380859375]], "r": [2.085196082173713, 1.9425884005696192, 0.502366094359003, 2.0992916841180906, -1.856516229683521, 1.2570007279500808, 0.3650785537811723]}, "18": {"h": [[-0.0, -0.06872711563110352, 0.04273052597045898, 0.204833438873291], [0.0, 0.8265, 0.6490990753173829, 0.5304271697998046], [0.0, -0.1763208007812503, -0.41102111816406267, -0.6108641357421876]], "r": [1.8452729706229292, 1.5747464998484444, 0.5672569184481798, 2.0307377147218966, -2.2231313606988947, 0.9692918880226422, 2.5696697486241904]}, "19": {"h": [[-0.0, -0.06776861953735351, 0.07947416305541993, 0.2951624870300293], [0.0, 0.8265, 0.630217269897461, 0.4921071014404297], [0.0, -0.16327832031249973, -0.35965795898437497, -0.5015187988281249]], "r": [1.6739147208762117, 1.6149313709188557, 0.7533605638325644, 1.9028288339266877, -2.3443222002365913, 0.9223146778085864, 1.2576909293587533]}, "20": {"h": [[-0.0, -0.06646035766601563, 0.1063759765625, 0.37004654693603517], [0.0, 0.8265, 0.6319139709472656, 0.5265502014160156], [0.0, -0.1633586425781251, -0.3280291748046876, -0.39362548828125005]], "r": [1.595265751646745, 1.5666252438008634, 0.6685891951896469, 1.7190836388229722, -2.4072083745136728, 1.1390830565645167, 2.0046123074141224]}, "21": {"h": [[-0.0, -0.05696795272827149, 0.1546930274963379, 0.44397131729125977], [0.0, 0.8265, 0.6818994445800781, 0.66777685546875], [0.0, -0.17012573242187506, -0.3176043701171876, -0.302982666015625]], "r": [1.30143498464205, 1.8994014157459367, 0.7755568747504892, 2.054170424099624, -2.538038949248295, 0.9635741253094594, 0.5948857511610919]},