{"count": 21, "poses_seq": {"0": {"h": [[-0.0, -0.07013406753540039, -0.0029035377502441423, 0.2225771903991699], [0.0, 0.8265, 0.6844907684326171, 0.6751050720214844], [0.0, -0.16595837402343766, -0.4080872802734375, -0.5335858154296875]], "r": [1.052192364605374, 2.371006506672431, 2.5016397877059093, 1.6544487074754035, -1.504959023027437, 0.5847735796392122, -1.1886550569054892]}, "1": {"h": [[-0.0, -0.06770990753173829, -0.02972657012939453, 0.15390508270263673], [0.0, 0.8265, 0.6231616516113281, 0.5392368621826171], [0.0, -0.1546361083984376, -0.3992481689453125, -0.5731409912109373]], "r": [1.1949838665581292, 2.258596703237173, 2.4202065704280513, 1.4660861297448515, -1.7105680489127313, 0.6998716802062196, 1.5944552875184521]}, "2": {"h": [[-0.0, -0.06222799682617186, -0.06593919372558593, 0.06313558959960938], [0.0, 0.8265, 0.6048252258300781, 0.4808053436279297], [0.0, -0.15106384277343726, -0.39114990234374997, -0.5994840087890625]], "r": [1.216877380785212, 2.357119027315666, 2.573742135224803, 1.0966755706995068, -1.6100481459047147, 1.0333806805891292, 1.595284468463621]}, "3": {"h": [[-0.0, -0.06795935058593751, -0.12886019897460937, -0.06528298950195312], [0.0, 0.8265, 0.6071834564208984, 0.47648551940917966], [0.0, -0.14759851074218738, -0.37808276367187493, -0.6200843505859372]], "r": [1.4090742422110478, 2.116766607834428, 2.778415031572541, 0.9736574851077376, -1.3543002260707009, 0.7534313137097267, 1.3179911375719322]}, "4": {"h": [[-0.0, -0.06829715728759767, -0.1732927474975586, -0.1732360610961914], [0.0, 0.8265, 0.6219317169189453, 0.5144767761230469], [0.0, -0.14645190429687488, -0.3756331787109373, -0.6452854003906248]], "r": [1.6006779698513054, 2.0999650606341147, 2.9101043134732945, 1.0094141384879414, -1.1097813406221286, 0.6913677414748048, -1.062047615805922]}, "5": {"h": [[-0.0, -0.06587205505371095, -0.21823419189453125, -0.29827975463867185], [0.0, 0.8265, 0.6609524993896484, 0.6272123413085937], [0.0, -0.14701086425781257, -0.3737152099609376, -0.6470975341796874]], "r": [1.7677231041033228, 2.3598328569528833, 2.77438093160119, 1.282676988255359, -1.2043384352156483, 0.9463512689482889, 0.9072026472472895]}, "6": {"h": [[-0.0, -0.05506973266601563, -0.2345662384033203, -0.3575314178466797], [0.0, 0.8265, 0.7663376579284669, 0.8846311607360839], [0.0, -0.1425512695312497, -0.3755649414062499, -0.6056125488281248]], "r": [1.8324439760426283, 2.7314075965268905, 2.763165157216329, 1.646353812614725, -1.307907053487711, 1.2664848892520182, 0.9361930311361496]}, "7": {"h": [[-0.0, -0.06247926330566406, -0.2204860076904297, -0.27377528381347654], [0.0, 0.8265, 0.8668011779785156, 1.0766641845703124], [0.0, -0.14443078613281274, -0.3771016845703126, -0.5380513916015626]], "r": [2.192306479339863, 3.091670654655502, 2.444500171827536, 1.4224593190191592, -0.999882407138588, 1.6329196534324852, 0.6910541771388955]}, "8": {"h": [[-0.0, -0.06657646179199218, -0.19312783813476564, -0.18970230102539065], [0.0, 0.8265, 0.9042999420166016, 1.132338607788086], [0.0, -0.14342041015625023, -0.38183044433593755, -0.5070360107421876]], "r": [1.9511901173622699, 3.166930759806386, 2.620532339106912, 1.4094016712508082, -0.8912669980879492, 1.6328495857550116, 0.038229868837250616]}, "9": {"h": [[-0.0, -0.06947412109375, -0.1718248748779297, -0.12504949951171873], [0.0, 0.8265, 0.9211136627197266, 1.1491319885253906], [0.0, -0.14461767578125012, -0.3848829345703125, -0.4935893554687499]], "r": [2.154308949826263, 3.15712347376893, 2.2877326788219308, 1.4406922719383617, -0.862111987669769, 1.533156207528151, -1.3953164615614555]}, "10": {"h": [[-0.0, -0.05975123596191406, -0.10724176025390625, 0.011064025878906245], [0.0, 0.8265, 0.9269689712524414, 1.1399078674316407], [0.0, -0.15353356933593748, -0.3841943359375, -0.4671373291015624]], "r": [1.9212183613724343, 2.9913178092486263, 1.8901827288367001, 1.7217295233434717, -0.8950038420162013, 1.1927499209611097, -3.65852811279799]}, "11": {"h": [[-0.0, -0.07022293090820311, -0.003269241333007808, 0.21457078552246095], [0.0, 0.8265, 0.8260462446212768, 0.933306251525879], [0.0, -0.1480078125, -0.4092645263671875, -0.49630786132812493]], "r": [1.5772737264245418, 2.8040470311024634, 1.6043769630892226, 1.6592733829411148, -1.2629489551204314, 0.9954979443195915, 5.237115774550098]}, "12": {"h": [[-0.0, -0.07247321701049804, -0.027107402801513678, 0.19299199295043945], [0.0, 0.8265, 0.6658139801025391, 0.6286909484863281], [0.0, -0.1439302978515627, -0.39916125488281257, -0.5374658203125]], "r": [1.4637420516325044, 2.530778863351982, 1.7941964806306303, 1.2724595932197877, -1.6057591821887411, 0.9087418219263109, 1.3813065225175962]}, "13": {"h": [[-0.0, -0.07254079437255859, -0.09925838470458984, 0.04368540191650391], [0.0, 0.8265, 0.6171756134033204, 0.5310070495605469], [0.0, -0.14021289062500025, -0.38732885742187523, -0.5965666503906251]], "r": [1.5824370536267012, 2.2764988579356946, 1.9971475395417797, 1.030004662074081, -1.4406679645389013, 0.7438779397308889, 0.10525748078000349]}, "14": {"h": [[-0.0, -0.07074237823486326, -0.1582233657836914, -0.1036364059448242], [0.0, 0.8265, 0.6140665588378906, 0.520169418334961], [0.0, -0.14299450683593734, -0.38513671874999994, -0.6322844238281249]], "r": [1.9191889869690648, 2.163456304361362, 1.747911890819807, 1.3341898752813783, -1.4785965908061958, 0.6967470137069238, -2.42061552719308]}, "15": {"h": [[-0.0, -0.06384206390380859, -0.24229451751708986, -0.31264107513427736], [0.0, 0.8265, 0.684320053100586, 0.6814839935302734], [0.0, -0.15023425292968745, -0.37692089843749993, -0.6546844482421872]], "r": [2.297751814464337, 2.2986210054394345, 1.6346009196943327, 1.4281106123843035, -1.1186998138870432, 0.8484849693223463, 0.3223153633007414]}, "16": {"h": [[-0.0, -0.061998214721679684, -0.24898545837402344, -0.3717197723388672], [0.0, 0.8265, 0.7542632064819337, 0.8523529968261719], [0.0, -0.14586694335937517, -0.38033789062499995, -0.617218994140625]], "r": [2.673237904679079, 2.5287432667036005, 1.2906369714482127, 1.7638138762948241, -1.3985196444604107, 1.208826835814729, -1.5901759312589148]}, "17": {"h": [[-0.0, -0.05939224243164064, -0.2111533203125, -0.2473226318359375], [0.0, 0.8265, 0.8843628845214844, 1.1091535949707032], [0.0, -0.14398193359375028, -0.38935949707031253, -0.524572998046875]], "r": [2.851919274182617, 2.7785446487906738, 0.9546111264174475, 1.9897726168489283, -1.3286069744438143, 1.3339806484280807, -2.4416854545569833]}, "18": {"h": [[-0.0, -0.061898994445800784, -0.18339168548583984, -0.17814089202880862], [0.0, 0.8265, 0.9182937698364257, 1.1571748046875], [0.0, -0.14820507812499978, -0.3957108154296874, -0.5000240478515623]], "r": [2.6829057490433117, 2.8011003266651437, 0.8153460264683524, 2.2540853356421993, -1.325086382265897, 1.251448994620339, -3.916289102115753]}, "19": {"h": [[-0.0, -0.06558647918701171, -0.15188016510009766, -0.09890413665771483], [0.0, 0.8265, 0.9322528533935547, 1.1726324615478516], [0.0, -0.1483825683593752, -0.39421398925781254, -0.4770100097656252]], "r": [2.770492408911442, 2.7589670477775337, 0.47231069420479876, 2.3455456441379345, -1.510691357287309, 1.3024348194182531, -0.2798738938722852]}, "20": {"h": [[-0.0, -0.05657768249511719, -0.09589395141601562, 0.017168624877929688], [0.0, 0.8265, 0.9285793914794922, 1.1513292846679688], [0.0, -0.15853564453124985, -0.4006002197265624, -0.4720274658203126]], "r": [2.5439852399868146, 2.658701312833841, 0.3711262333667704, 2.5795980589700838, -1.86566689949351, 1.3016795781377088, -0.48375366472407916]}}, "id": 10}