{"count": 19, "poses_seq": {"0": {"h": [[-0.0, -0.053244621276855475, -0.15865233612060547, -0.005801322937011716], [0.0, 0.8265, 0.6219226684570313, 0.6139146270751953], [0.0, -0.16744262695312467, -0.32640344238281244, -0.5286884765624997]], "r": [1.3858907041470145, 0.944710212959027, 5.446685050612468, 1.3587777456819774, 1.003709154447882, 4.625365576274963, 1.6629682030306494]}, "1": {"h": [[-0.0, -0.05078687286376954, -0.07534920501708986, 0.13521103668212892], [0.0, 0.8265, 0.6314581451416016, 0.6346578216552734], [0.0, -0.1710942382812502, -0.3684335937500001, -0.5147889404296875]], "r": [1.5248000328370641, 1.1709995055802087, -0.4571169076111822, 1.561669737310816, 1.0139466139180626, 4.970489491770606, -0.8176097008802974]}, "2": {"h": [[-0.0, -0.05301321411132812, 0.025043670654296874, 0.19415375518798828], [0.0, 0.8265, 0.7336322479248047, 0.7459607925415039], [0.0, -0.19757080078125006, -0.4825805664062502, -0.6891384277343751]], "r": [1.581273331731594, 1.208270632993588, -0.2520031954778316, 1.722666443918796, 1.164770525234259, 4.630842103046855, 1.4249790742727773]}, "3": {"h": [[-0.0, -0.053592391967773434, 0.012526832580566402, 0.0969859848022461], [0.0, 0.8265, 0.7645424194335937, 0.7743401679992676], [0.0, -0.19433081054687512, -0.5208177490234374, -0.767523681640625]], "r": [1.804842699586747, 1.3310647313857396, -0.19519948000606238, 1.7056399632687265, 1.4385676081846706, 4.69524903767649, 0.42044728115163466]}, "4": {"h": [[-0.0, -0.05675933074951173, -0.0869822235107422, -0.06628712463378907], [0.0, 0.8265, 0.7728153648376466, 0.7795522422790527], [0.0, -0.19952221679687493, -0.5387322998046873, -0.796466064453125]], "r": [1.7808320326572593, 1.325924811385068, -0.5368797444371189, 1.855492737178754, 1.4432002050129367, 4.792704659778517, 1.5366269351719632]}, "5": {"h": [[-0.0, -0.05607656860351562, -0.2220480041503906, -0.13484619140625], [0.0, 0.8265, 0.6636258239746093, 0.6789370880126953], [0.0, -0.17877185058593775, -0.329205810546875, -0.57934033203125]], "r": [1.9463740644221201, 1.1931497004206693, -0.5679741761686302, 1.482802512284312, 1.283241848462875, 4.880916165936792, 0.5196356760980722]}, "6": {"h": [[-0.0, -0.0535535888671875, -0.18695091247558593, -0.020247360229492195], [0.0, 0.8265, 0.6542467041015625, 0.6689746704101562], [0.0, -0.17809753417968716, -0.34222192382812483, -0.5339924316406248]], "r": [1.9493989386966861, 1.155911521761854, -0.364148437968385, 1.3172772311196173, 1.2225269865601134, 4.7636198311540685, 3.232221584033225]}, "7": {"h": [[-0.0, -0.04501233673095703, -0.11861820220947267, 0.09769599151611327], [0.0, 0.8265, 0.6487650299072266, 0.6728585815429687], [0.0, -0.17501281738281255, -0.3728912353515624, -0.5093688964843748]], "r": [1.8920072984086522, 1.1255475319198431, -0.19288644355113913, 1.168980268049374, 1.2641243133713618, 4.59422179163321, -0.020695405707572143]}, "8": {"h": [[-0.0, -0.054409805297851555, 0.012986724853515628, 0.19688561248779296], [0.0, 0.8265, 0.7687062072753906, 0.8091856155395508], [0.0, -0.2039252929687499, -0.48643896484375, -0.6633275146484374]], "r": [1.7638305685329712, 1.4033064049437545, -0.07990715338188108, 1.472663614413882, 1.5634317558608077, 4.597941104499284, -1.2201882476610406]}, "9": {"h": [[-0.0, -0.056116817474365234, -0.008776031494140628, 0.10545118331909178], [0.0, 0.8265, 0.7940435104370117, 0.8283332138061523], [0.0, -0.19868151855468735, -0.5000284423828123, -0.7275655517578123]], "r": [2.0318197584165847, 1.749145442639898, 0.16902796472644005, 1.780056803961836, 1.5681037543431897, 4.856503275980949, -2.243024490081358]}, "10": {"h": [[-0.0, -0.05975077056884765, -0.05395177459716797, -0.015742671966552733], [0.0, 0.8265, 0.8076255741119385, 0.8223099822998048], [0.0, -0.19773107910156257, -0.5262244873046875, -0.7816575927734375]], "r": [2.0862637512816606, 2.103002153039541, 0.5146761499171661, 2.149192438356337, 1.7654738022909389, 5.197841470528355, -2.7087667457099123]}, "11": {"h": [[-0.0, -0.05488363647460937, -0.1596718978881836, -0.18427745819091798], [0.0, 0.8265, 0.7772415428161621, 0.7738764762878418], [0.0, -0.18279492187499985, -0.5133869628906249, -0.777263916015625]], "r": [2.3720231818228013, 1.8214179266921091, 0.3064155698570615, 1.9928999883994596, 1.5559105828237212, 5.042419000428296, -5.025487684445768]}, "12": {"h": [[-0.0, -0.053595672607421874, -0.23821975708007812, -0.1946034851074219], [0.0, 0.8265, 0.6534803619384766, 0.6662287139892578], [0.0, -0.17983142089843734, -0.3316929931640625, -0.6049583740234374]], "r": [2.3787995044598196, 1.6283408054250972, 0.10665883235261678, 1.9873285580727722, 1.1682148487753723, 5.298423785011468, 1.0595924753869534]}, "13": {"h": [[-0.0, -0.05166569519042967, -0.17356172180175783, -0.031891113281249994], [0.0, 0.8265, 0.649110595703125, 0.6510655212402344], [0.0, -0.17927319335937525, -0.3355529785156251, -0.5474069824218752]], "r": [2.0589213475591843, 1.9674321984958067, 0.39221638280393734, 1.8000943055033705, 1.400684179443648, 5.682471918520263, 0.9694113501636614]}, "14": {"h": [[-0.0, -0.052135963439941396, -0.10833782196044922, 0.09681226348876953], [0.0, 0.8265, 0.6353024597167969, 0.6591203918457031], [0.0, -0.17928442382812487, -0.36818859863281245, -0.5228693847656247]], "r": [1.8785770965568205, 1.9360004362970475, 0.2979789338616134, 1.7000653026414916, 1.3211011673718829, 5.597627965083437, 2.9192509851654616]}, "15": {"h": [[-0.0, -0.04892765045166016, 0.03367954254150391, 0.1911717224121094], [0.0, 0.8265, 0.7548052978515625, 0.7865138854980469], [0.0, -0.20739868164062508, -0.49248168945312504, -0.7011257324218749]], "r": [1.7499177121046807, 1.7982978064168125, -0.013940209514233616, 1.9938954013062478, 1.6598596284375133, 5.227194529034099, 1.247519560098502]}, "16": {"h": [[-0.0, -0.05115127563476563, 0.022472961425781247, 0.09505205535888672], [0.0, 0.8265, 0.789689998626709, 0.8001680641174316], [0.0, -0.20801660156250007, -0.5169890136718749, -0.7652485351562499]], "r": [1.9233751883606975, 1.9941013723641638, 0.290170187334128, 2.2390290955442502, 1.6901703714758896, 5.23608618906467, -1.307540865420361]}, "17": {"h": [[-0.0, -0.056803905487060546, -0.056482891082763664, -0.04814242935180664], [0.0, 0.8265, 0.7954711074829102, 0.7992056694030762], [0.0, -0.19442163085937497, -0.5393009033203124, -0.797489501953125]], "r": [2.0103653159875092, 2.1163828256023134, 0.3992787132580492, 2.5618185862945415, 1.7898955557361436, 5.3375242708186725, -1.405083779652482]}, "18": {"h": [[-0.0, -0.056763816833496086, -0.25718724822998046, -0.279728141784668], [0.0, 0.8265, 0.6982063140869141, 0.700954574584961], [0.0, -0.18349011230468754, -0.40524768066406264, -0.6902001953125001]], "r": [2.204618689491857, 2.0331218546623626, 0.5746091924283635, 2.2282738966611886, 2.0357519535819786, 5.656756349711139, -2.6201208719280604]}}, "id": 14}