{"count": 6, "poses_seq": {"0": {"h": [[-0.0, -0.04892765045166016, 0.03367954254150391, 0.1911717224121094], [0.0, 0.8265, 0.7548052978515625, 0.7865138854980469], [0.0, -0.20739868164062508, -0.49248168945312504, -0.7011257324218749]], "r": [1.7661680019643908, 1.1027104679213686, 0.7815691081614841, 1.6407234839660105, -0.7441595942497795, 4.114638533402139, -1.2640185521647307]}, "1": {"h": [[-0.0, -0.05115127563476563, 0.022472961425781247, 0.09505205535888672], [0.0, 0.8265, 0.789689998626709, 0.8001680641174316], [0.0, -0.20801660156250007, -0.5169890136718749, -0.7652485351562499]], "r": [1.8577397351468505, 1.0626588053099986, 0.5812625174485081, 1.6691965508352755, -0.4170966443017687, 3.9164825539618535, -2.6709261030060643]}, "2": {"h": [[-0.0, -0.0638287353515625, -0.2577376861572266, -0.47770753479003913], [0.0, 0.8265, 0.7077274169921874, 0.6135591278076171], [0.0, -0.15714453125, -0.41532739257812495, -0.5987783203124999]], "r": [2.2118949671913626, 0.723226881093028, 0.3222517306177045, 1.5762526563677095, -0.7062012349762915, 4.211790911172223, -4.604102895025571]}, "3": {"h": [[-0.0, -0.05548732376098633, -0.03394488143920898, -0.02077689361572265], [0.0, 0.8265, 0.7916543426513671, 0.7986466922760009], [0.0, -0.1925748291015626, -0.5399929199218749, -0.7978750000000001]], "r": [1.8509450332170903, 1.0151388467333626, 0.6036360643860256, 1.595587187326668, -0.9631075234187831, 4.018530586297865, 0.4912337083891149]}, "4": {"h": [[-0.0, -0.06072888946533202, -0.23462984466552733, -0.4419421005249024], [0.0, 0.8265, 0.6749044952392578, 0.5550480499267578], [0.0, -0.15569958496093755, -0.41007287597656245, -0.5921029052734372]], "r": [2.0440525702525916, 0.6408732942969898, 0.21403442530042072, 1.5177440717140216, -0.7522525135974888, 4.263479412590147, -1.6169708527277544]}, "5": {"h": [[-0.0, -0.06330342864990235, -0.10740321350097656, -0.1025132598876953], [0.0, 0.8265, 0.7935834274291993, 0.7981955146789551], [0.0, -0.19572509765624996, -0.5359510498046873, -0.7951092529296873]], "r": [2.046957584916221, 1.0298360228375731, 0.5497401177421516, 1.6776699686319267, -0.4939697525701504, 3.9214823942901442, 1.399531936754094]}}, "id": 46}