{"count": 7, "poses_seq": {"0": {"h": [[-0.0, -0.05882785034179687, -0.22857893371582033, -0.41196778869628903], [0.0, 0.8265, 0.5585517883300781, 0.35240722656250006], [0.0, -0.14186450195312467, -0.2895651855468749, -0.4139348144531248]], "r": [1.2039483145542673, 1.9539895596826318, -2.2183955265950046, 1.3600583759399332, -2.5120637605433913, 1.887788676602976, -4.451188940282142]}, "1": {"h": [[-0.0, -0.039783660888671885, -0.08011967468261719, -0.11903004455566407], [0.0, 0.8265, 0.518021255493164, 0.27006794738769535], [0.0, -0.13977526855468742, -0.3231519775390624, -0.49539465332031246]], "r": [0.9780408522653503, 2.179312988244833, -2.5341594777160137, 1.45532107020785, -2.7688662617168722, 1.6959224239878403, -0.13536722133649992]}, "2": {"h": [[-0.0, -0.05920255279541016, 0.02461185455322265, 0.18836251068115234], [0.0, 0.8265, 0.5548857727050781, 0.36729745483398435], [0.0, -0.13890661621093742, -0.33348291015625003, -0.4976845703125002]], "r": [0.8312800603321499, 2.528653950635746, -2.854279165871238, 1.6047024604092235, -2.924069182552052, 1.5443735134070977, 0.49034185006575404]}, "3": {"h": [[-0.0, -0.07089863967895507, 0.09210099411010741, 0.36665939712524415], [0.0, 0.8265, 0.6260568237304688, 0.5375674285888672], [0.0, -0.1416923828124999, -0.3240292968749999, -0.37259082031249996]], "r": [0.5539658460519684, 2.6357883022842357, -2.974670615615415, 1.8715428480192906, -2.920664078278783, 1.170154312142547, -2.2043277780715638]}, "4": {"h": [[-0.0, -0.06553296279907228, 0.13789728927612305, 0.42443012619018555], [0.0, 0.8265, 0.7145023727416993, 0.760470043182373], [0.0, -0.15126770019531272, -0.3330654296875, -0.33854235839843755]], "r": [0.2386366066279849, 2.817096906021015, -2.70023038699954, 2.2207015952288183, -2.9171850350754576, 1.0883011996531442, -1.5819045022147817]}, "5": {"h": [[-0.0, -0.06837232971191406, 0.07658889770507812, 0.3112013702392578], [0.0, 0.8265, 0.783988883972168, 0.9382868118286133], [0.0, -0.16905310058593753, -0.38156335449218753, -0.4253992919921877]], "r": [0.2778675553843086, 3.083351306911812, -2.717922542266485, 2.295257677733708, -2.7076908727092874, 1.3452596171247462, -1.75169893166981]}, "6": {"h": [[-0.0, -0.07673447036743164, 0.011476665496826167, 0.1792125358581543], [0.0, 0.8265, 0.8017812232971191, 0.9998367462158204], [0.0, -0.17126635742187496, -0.39892431640625, -0.48524572753906253]], "r": [0.26123000764024357, 3.250244187780913, -2.600120172748287, 2.2214427005922013, -2.5924701226089484, 1.5662219135964175, -4.275000572852327]}}, "id": 3}