{"count": 6, "poses_seq": {"0": {"h": [[-0.0, -0.047763786315917975, -0.1811231155395508, -0.3066480178833008], [0.0, 0.8265, 0.8380851278305054, 0.896550895690918], [0.0, -0.1557358398437499, -0.4351483154296874, -0.6774320068359374]], "r": [-2.022619454801897, 3.7098759081214903, -1.2175896570755569, 4.923275145535147, 1.0857731320796589, 4.690516850258994, 1.389002638965827]}, "1": {"h": [[-0.0, -0.05194815063476564, -0.21586703491210935, -0.25132223510742185], [0.0, 0.8265, 0.793608341217041, 0.8742930564880371], [0.0, -0.15821276855468752, -0.4220549316406251, -0.6656046142578125]], "r": [-1.759997160292304, 3.706810669761986, -1.355239664536189, 4.567687119169488, 1.3033398790368245, 5.04358039017354, -1.0960468178038691]}, "2": {"h": [[-0.0, -0.04591600799560548, -0.19851332855224613, -0.16753957366943362], [0.0, 0.8265, 0.657267593383789, 0.8073146209716797], [0.0, -0.155230712890625, -0.27893115234374993, -0.48411938476562494]], "r": [-1.9199231138205983, 3.67566705037139, -1.0326370162961156, 4.542149692387555, 1.6730977222336145, 5.357030484766219, -0.11874817621426116]}, "3": {"h": [[-0.0, -0.04686283111572266, -0.18593267059326168, -0.09131909942626952], [0.0, 0.8265, 0.6549934844970704, 0.8060521850585938], [0.0, -0.16117053222656247, -0.31260632324218746, -0.49979235839843744]], "r": [-1.8854721845444689, 3.90555913086552, -0.6966175129991028, 4.432435899555334, 1.5413020495704677, 5.643207825975863, -2.620659392343928]}, "4": {"h": [[-0.0, -0.046897979736328116, -0.10955014038085936, -0.05571768188476561], [0.0, 0.8265, 0.7983311767578125, 0.8670673675537109], [0.0, -0.16092663574218752, -0.44151379394531226, -0.6791373291015623]], "r": [-1.9813998655662934, 3.977768926022068, -0.6423623897423775, 4.144492975429179, 1.3229351829202074, 5.29823331536909, -5.404931265340462]}, "5": {"h": [[-0.0, -0.04944889068603517, -0.1990131607055664, -0.0855772171020508], [0.0, 0.8265, 0.6845462493896484, 0.8105730361938477], [0.0, -0.15888378906249995, -0.3318320312499999, -0.5321872558593748]], "r": [-1.8341470725074875, 3.971564793784661, -0.5804549500693903, 4.01015824234351, 1.607167491338172, 5.678607519926664, 3.1310643915965017]}}, "id": 7}