{"count": 16, "poses_seq": {"0": {"h": [[-0.0, -0.06704119873046875, 0.03344857788085937, 0.22211230468749998], [0.0, 0.8265, 0.5644938507080078, 0.38722090148925786], [0.0, -0.13601745605468724, -0.3248604736328125, -0.4739645996093749]], "r": [-5.274843575313974, 2.4407272515761114, 0.937655154574025, 4.906149468956443, -0.9326192231352958, 1.311207679829347, 0.4772880683843453]}, "1": {"h": [[-0.0, -0.06978780364990235, 0.09802469635009765, 0.37663048553466794], [0.0, 0.8265, 0.6315492095947266, 0.5528689575195314], [0.0, -0.1435130615234375, -0.32610046386718766, -0.36660754394531253]], "r": [0.8935553084006203, 2.7334052046539496, 0.5595632390362505, 4.80384349748585, -0.902459751581306, 1.279785318237165, -0.46118700546753505]}, "2": {"h": [[-0.0, -0.06373003005981445, 0.13862267684936525, 0.422965503692627], [0.0, 0.8265, 0.7234249649047853, 0.7818026123046875], [0.0, -0.1543521728515625, -0.3348468017578126, -0.3376566162109376]], "r": [0.7106185955710271, 2.860705709596547, 0.7868085371924722, 4.619138229100197, -1.2673158723888323, 1.0852228994244246, 1.5064092868363859]}, "3": {"h": [[-0.0, -0.06837232971191406, 0.07658889770507812, 0.3112013702392578], [0.0, 0.8265, 0.783988883972168, 0.9382868118286133], [0.0, -0.16905310058593753, -0.38156335449218753, -0.4253992919921877]], "r": [0.734614450678245, 2.9565514027189654, 1.1221873201556094, 4.545970436418589, -1.594104093428926, 1.126241877455062, -0.9436347912227063]}, "4": {"h": [[-0.0, -0.07855568695068359, 0.0024397583007812543, 0.1604957733154297], [0.0, 0.8265, 0.8108161411285401, 1.0093168640136718], [0.0, -0.1684149169921874, -0.40367956542968747, -0.4981512451171875]], "r": [0.8301257088569008, 3.1615160383284673, 1.1008115772371572, 4.365482525311605, -1.3027418370145767, 1.5061055496807922, 1.3777518843328533]}, "5": {"h": [[-0.0, -0.06599148178100586, -0.05885686874389649, 0.03653991317749023], [0.0, 0.8265, 0.8172890100479127, 1.0268795318603516], [0.0, -0.15912182617187504, -0.42064306640625, -0.5372814941406248]], "r": [1.1721824972754291, 3.0455731830581523, 1.1686140638915536, 4.2824184311250315, -1.4917213104107203, 1.3677775455714243, 0.1329578906887193]}, "6": {"h": [[-0.0, -0.030086524963378908, -0.08792521667480468, -0.04753492736816406], [0.0, 0.8265, 0.8128315467834473, 1.03473974609375], [0.0, -0.15140197753906232, -0.4133784179687499, -0.5387602539062497]], "r": [1.3211946383669737, 3.2480351221557737, 0.8789159513657079, 4.455982105984112, -1.2766774009506308, 1.7500314344921135, 1.2033603431310838]}, "7": {"h": [[-0.0, -0.07224648284912108, -0.14163866424560545, -0.1510622329711914], [0.0, 0.8265, 0.7834945259094238, 0.9997938079833985], [0.0, -0.16455798339843747, -0.4223581542968751, -0.5629425048828125]], "r": [1.5950462393240796, 3.006024237258325, 1.0403209793261345, 4.248431438092531, -1.4099808722846774, 1.4066199032019762, 0.4135028633679353]}, "8": {"h": [[-0.0, -0.07428923797607423, -0.16986441802978516, -0.24349683380126955], [0.0, 0.8265, 0.7548623046875, 0.9358111419677735], [0.0, -0.16588977050781245, -0.4253299560546873, -0.5895560302734373]], "r": [1.9004705376039697, 2.8499733048339406, 0.934528460943585, 4.316434808411081, -1.582331787439733, 1.2728249156544107, 0.7677775469979906]}, "9": {"h": [[-0.0, -0.06634725952148436, -0.16932955932617189, -0.28511285400390624], [0.0, 0.8265, 0.6445191955566407, 0.6882850494384766], [0.0, -0.15329443359375033, -0.4007415771484378, -0.6298834228515626]], "r": [1.9378349568475737, 2.4735326286327726, 1.048135133113444, 4.387134667966692, -1.5386686568481762, 0.9398241697631862, -1.3191803179313508]}, "10": {"h": [[-0.0, -0.05915617370605468, -0.11274942016601562, -0.15023426818847657], [0.0, 0.8265, 0.5780168304443359, 0.5434765777587891], [0.0, -0.15264611816406265, -0.3634320068359376, -0.63862939453125]], "r": [1.6856544157823183, 2.362902966376568, 1.0716220907779486, 4.513915727119474, -1.2634797331261587, 0.9467102699840323, -2.4007675331788905]}, "11": {"h": [[-0.0, -0.06248880004882812, -0.06689306640625, -0.020879867553710935], [0.0, 0.8265, 0.5791018218994141, 0.5468763580322266], [0.0, -0.14236572265625008, -0.3674841308593751, -0.6252470703124999]], "r": [1.3457773442274281, 2.3197068186326337, 1.1563887352605826, 4.1953407566794825, -0.896382785662223, 0.8768295828235007, -0.5194944426847676]}, "12": {"h": [[-0.0, -0.06349282836914064, -0.025607032775878905, 0.09105731964111327], [0.0, 0.8265, 0.607080810546875, 0.6030165863037109], [0.0, -0.13967773437499958, -0.3783381347656248, -0.6092524414062497]], "r": [1.2738760945204888, 2.4085346455299828, 1.1307087837606213, 4.362862601581962, -1.1826134067133125, 0.8377148804446963, 2.3819781532745017]}, "13": {"h": [[-0.0, -0.06866419219970704, -0.03988953399658203, 0.09805164337158204], [0.0, 0.8265, 0.7023888092041015, 0.8169553604125976], [0.0, -0.14947412109375008, -0.4144667968749998, -0.5986127929687499]], "r": [1.2765706387162976, 2.762304538260812, 0.9019152985352771, 4.014542706671875, -1.0181151054559507, 1.0799866903698612, 1.2926924769987977]}, "14": {"h": [[-0.0, -0.06856541442871095, -0.08320806884765625, -0.012484207153320312], [0.0, 0.8265, 0.7298191375732421, 0.8980568695068359], [0.0, -0.16128601074218746, -0.43458508300781246, -0.6138475341796874]], "r": [1.5659335481962777, 2.763669531180156, 0.9357040985432429, 3.9519959164316103, -1.3246975515269566, 1.0580629890346167, 3.156703018271919]}, "15": {"h": [[-0.0, -0.07119161987304687, -0.12484671020507812, -0.11222290039062499], [0.0, 0.8265, 0.708443977355957, 0.8605979080200196], [0.0, -0.15297961425781265, -0.4207418212890624, -0.6261380615234373]], "r": [1.8407772290909779, 2.5217926163091273, 1.128145389923121, 3.6320895915731626, -1.6978972102404981, 0.7748825397570897, -0.0235906160236235]}}, "id": 11}