{"count": 21, "poses_seq": {"0": {"h": [[-0.0, -0.03386795806884765, -0.07051242828369142, -0.004401954650878906], [0.0, 0.8265, 0.7918714866638183, 1.0098903350830077], [0.0, -0.1608398437500001, -0.42689025878906267, -0.5454752197265627]], "r": [2.5782065774023715, 2.2496915714678027, 0.28816209474979776, 1.6500330177968827, -1.5154638207888955, 1.5452362645087514, -2.1787641170646497]}, "1": {"h": [[-0.0, -0.05153190612792968, -0.28576077270507816, -0.5280901184082031], [0.0, 0.8265, 0.9858694610595703, 1.1295839385986328], [0.0, -0.16295336914062514, -0.31007543945312493, -0.4002744140624999]], "r": [2.9535793950497986, 2.0172453318651464, -0.1046768471809873, 1.7671215668221905, -1.134920969851785, 1.4196399482877453, -0.05602806667125615]}, "2": {"h": [[-0.0, -0.030086524963378908, -0.08792521667480468, -0.04753492736816406], [0.0, 0.8265, 0.8128315467834473, 1.03473974609375], [0.0, -0.15140197753906232, -0.4133784179687499, -0.5387602539062497]], "r": [2.6240465737344962, 2.148934436003469, 0.23490294126829644, 1.4928511739022914, -1.3272018496842977, 1.654436468184346, 0.2684272232908628]}, "3": {"h": [[-0.0, -0.05180954742431641, -0.28562160491943356, -0.5305390853881836], [0.0, 0.8265, 0.983706283569336, 1.120150894165039], [0.0, -0.16676550292968778, -0.3104071044921877, -0.40187878417968764]], "r": [2.9676748600798133, 1.8261977679565846, -0.10717726469941641, 1.7573802143562174, -1.4567548086918414, 1.7367298960721471, -0.4152283976340918]}, "4": {"h": [[-0.0, -0.07253231048583984, -0.1462964401245117, -0.16957898712158204], [0.0, 0.8265, 0.7767396430969238, 0.9881469268798828], [0.0, -0.16625195312500002, -0.4235656738281251, -0.5685358886718752]], "r": [2.5893751258855335, 1.7529592660111433, 0.12264170154142653, 1.3914826019710156, -1.3563239738342376, 1.8988718467825478, 2.6172601651693252]}, "5": {"h": [[-0.0, -0.04914411926269531, -0.294632568359375, -0.5500618286132813], [0.0, 0.8265, 0.9690301055908204, 1.0880019378662111], [0.0, -0.1662567138671876, -0.31235827636718755, -0.39936120605468745]], "r": [2.8287808560713197, 1.5517315924076183, -0.08546597089892105, 1.3145218694349927, -0.9711143275852412, 2.0581066997794406, 3.9600957076783225]}, "6": {"h": [[-0.0, -0.07428923797607423, -0.16986441802978516, -0.24349683380126955], [0.0, 0.8265, 0.7548623046875, 0.9358111419677735], [0.0, -0.16588977050781245, -0.4253299560546873, -0.5895560302734373]], "r": [2.510421503092875, 1.3541764828213925, 0.17279332814624862, 1.187452002994247, -1.118747469283612, 2.3911897856098956, -2.3494580534915133]}, "7": {"h": [[-0.0, -0.04900614929199219, -0.30087504577636714, -0.5578372650146485], [0.0, 0.8265, 0.9607133178710938, 1.079207244873047], [0.0, -0.16603320312499986, -0.31163574218750006, -0.39771972656250015]], "r": [2.8692319290471824, 1.4020937584440558, 0.07239487714998565, 1.3195076900849019, -1.071738837365904, 2.521761868649385, -3.2234313668073873]}, "8": {"h": [[-0.0, -0.0732240753173828, -0.1744184417724609, -0.2682965545654297], [0.0, 0.8265, 0.7326703186035156, 0.886444595336914], [0.0, -0.1650677490234374, -0.42075195312499974, -0.5997093505859372]], "r": [2.6294632499167836, 1.25857909839542, 0.3922985929750381, 1.0864051746939773, -0.7462156552405662, 2.6000340697039803, 5.049269103530565]}, "9": {"h": [[-0.0, -0.04837462615966796, -0.3087178268432617, -0.5735257186889648], [0.0, 0.8265, 0.9441514205932617, 1.048165008544922], [0.0, -0.16177954101562514, -0.309363037109375, -0.390779541015625]], "r": [2.7802820280143057, 1.3671397001862395, 0.04596912947591026, 1.1536244945845322, -0.5331452899976514, 2.343051872719977, 1.61461253581444]}, "10": {"h": [[-0.0, -0.07214200592041015, -0.17520082855224609, -0.27658811187744137], [0.0, 0.8265, 0.7242893447875977, 0.8664375686645508], [0.0, -0.16335766601562512, -0.4187810058593749, -0.6040601806640624]], "r": [2.5169230678711387, 1.1787941900443242, 0.2855938074225962, 1.0465313770326763, -0.7022521884269479, 2.517674518476325, 1.746828828974322]}, "11": {"h": [[-0.0, -0.041249465942382824, -0.3207960968017578, -0.6050872039794921], [0.0, 0.8265, 0.880763500213623, 0.92316455078125], [0.0, -0.15281042480468782, -0.3060363769531252, -0.3778525390625003]], "r": [2.672489247089499, 1.1166851865784801, -0.009899369699217689, 1.0252565698937306, -0.3541984760851287, 2.4496901887727343, 3.3645398176579104]}, "12": {"h": [[-0.0, -0.0708787384033203, -0.17882524108886722, -0.28299708557128905], [0.0, 0.8265, 0.7082423324584961, 0.8449052658081055], [0.0, -0.15846337890625, -0.41420593261718747, -0.6034255371093749]], "r": [2.3248686034591435, 1.1275894851449804, 0.09161192387219798, 0.9430360068988594, -0.5419915649997438, 2.2705167270137796, -2.8417112282262313]}, "13": {"h": [[-0.0, -0.04123186492919921, -0.32395484161376953, -0.6117987136840821], [0.0, 0.8265, 0.854635446548462, 0.8662567253112794], [0.0, -0.1539150390625002, -0.3061987304687502, -0.37457763671875016]], "r": [2.5946251406892564, 1.1202136366397484, -0.10620919113531306, 0.9092348118300161, -0.3357707609368779, 2.128908900183039, -2.928053744352828]}, "14": {"h": [[-0.0, -0.06674880218505858, -0.17574584197998044, -0.290573600769043], [0.0, 0.8265, 0.6745048675537109, 0.7603973159790038], [0.0, -0.15953564453124996, -0.4121800537109375, -0.6240472412109375]], "r": [2.3329746104633524, 0.9834250027508957, 0.24924793120703131, 0.8272794126654729, -0.2144289812605735, 2.2408184841623546, -1.425916361776745]}, "15": {"h": [[-0.0, -0.04435991668701171, -0.33168267059326173, -0.6204308700561524], [0.0, 0.8265, 0.8367903079986573, 0.8305710639953614], [0.0, -0.15940869140624986, -0.3103825683593751, -0.37771496582031255]], "r": [2.6006646841342564, 1.0211357926765776, 0.03710692935874402, 0.8759410072947601, 0.008995464303683864, 2.2262918251486417, -1.3081746698845573]}, "16": {"h": [[-0.0, -0.06610557556152345, -0.17468666076660155, -0.2898397369384766], [0.0, 0.8265, 0.6641072998046875, 0.7390475082397461], [0.0, -0.1600899658203126, -0.4097374267578127, -0.625987548828125]], "r": [2.354042481398382, 0.9363048297669736, 0.35032074204677127, 0.805334671582818, -0.032838569305618, 2.272865019339172, -4.38820240325887]}, "17": {"h": [[-0.0, -0.048650032043457025, -0.34106151580810545, -0.6249658737182617], [0.0, 0.8265, 0.7692816200256347, 0.7056205749511719], [0.0, -0.16036669921874963, -0.31083142089843735, -0.3764624023437498]], "r": [2.623311474507722, 0.8081612359587363, 0.07207621916614156, 0.7680604824488589, 0.046426998455908655, 2.2243484258878032, -0.6250481702863728]}, "18": {"h": [[-0.0, -0.06731498718261718, -0.17341242980957028, -0.2910674591064453], [0.0, 0.8265, 0.6545543212890625, 0.7064651794433594], [0.0, -0.15692736816406266, -0.40473181152343757, -0.6292276611328125]], "r": [2.3226855578670444, 0.9360471577020726, 0.23625500752660558, 0.7532968098671069, -0.22428219177681105, 2.088179209687668, 0.39832334627452365]}, "19": {"h": [[-0.0, -0.050941139221191395, -0.3415719223022461, -0.6228252792358397], [0.0, 0.8265, 0.7448730392456056, 0.6594318389892578], [0.0, -0.15999853515624968, -0.3096806640624999, -0.3687556152343748]], "r": [2.564449753287609, 0.7232012902067908, -0.06998362444869899, 0.7307205884637504, -0.12092373563725049, 2.2322837969913514, -2.3667228683213697]}, "20": {"h": [[-0.0, -0.06643878173828124, -0.16518154907226562, -0.2789593200683594], [0.0, 0.8265, 0.6270503845214843, 0.64916357421875], [0.0, -0.15063867187500019, -0.3986484375000002, -0.6321137695312502]], "r": [2.3119113701537928, 0.8257270752819453, 0.1227844169962627, 0.7245003167096145, -0.48536569036723837, 2.0832454520722474, 0.1602070286571644]}}, "id": 74}