{"count": 30, "poses_seq": {"0": {"h": [[-0.0, -0.0387209930419922, -0.048493881225585955, -0.012641433715820327], [0.0, 0.8265, 0.5903725280761719, 0.4369653167724609], [0.0, -0.1297500000000003, -0.35877197265625, -0.6089670410156252]], "r": [-5.792408954212156, 2.473016753700016, -2.4683058705522503, 0.6335306866132306, -4.264117257415886, 4.272192911101556, 2.7195934994811153]}, "1": {"h": [[-0.0, -0.037205162048339846, -0.03534114837646485, 0.03865681457519532], [0.0, 0.8265, 0.5863598327636719, 0.4363886413574219], [0.0, -0.12921765136718727, -0.3553861083984374, -0.5983312988281249]], "r": [0.49334105593753863, 2.49790450198569, -2.6422284597574586, 0.6658232150061101, 1.8775245701872854, 4.374620183224213, 4.883012970194679]}, "2": {"h": [[-0.0, -0.0381373748779297, -0.02504228210449219, 0.0744264678955078], [0.0, 0.8265, 0.5886582946777343, 0.44277279663085933], [0.0, -0.12914550781250017, -0.36066979980468755, -0.5945687255859375]], "r": [0.34781486280237817, 2.616804792015373, -2.4061977289602274, 0.546387696259579, 2.2494419944375434, 4.2119347719554066, -4.15038055131669]}, "3": {"h": [[-0.0, -0.034689102172851566, 0.017442794799804692, 0.18867974853515623], [0.0, 0.8265, 0.5982677307128906, 0.4872065277099609], [0.0, -0.12250903320312495, -0.35729174804687497, -0.5700976562499998]], "r": [0.09249611618408182, 2.316895252867292, -2.3942115093999585, 0.6591147145207346, 1.9118524399091499, 4.407722478796466, 3.3802984146248103]}, "4": {"h": [[-0.0, -0.05394423675537109, 0.032023399353027344, 0.2642890090942383], [0.0, 0.8265, 0.639707992553711, 0.5826685180664063], [0.0, -0.13254663085937507, -0.3659460449218748, -0.5284429931640624]], "r": [-0.20355422811577806, 2.3105423862234633, -2.1587067796321513, 0.8549506840129296, 1.6399075597377053, 4.35609310919285, -3.425666261526286]}, "5": {"h": [[-0.0, -0.06295293807983399, 0.061755245208740234, 0.30255773544311526], [0.0, 0.8265, 0.7684754905700684, 0.8227599830627441], [0.0, -0.17580200195312506, -0.403907470703125, -0.5358310546875]], "r": [-0.06752331168728509, 2.2119094297034487, -1.8497704974627074, 1.0979187033312618, 1.909972140468774, 4.602776986654481, 0.8480426675920106]}, "6": {"h": [[-0.0, -0.07144540023803711, 0.03657999038696289, 0.20168720626831055], [0.0, 0.8265, 0.8743863983154296, 1.003394317626953], [0.0, -0.1757739257812499, -0.44171203613281246, -0.595472900390625]], "r": [0.23280112665373254, 2.1882435447280826, -1.608321213683343, 1.3678695115142103, 1.9829544197538196, 4.547527980126912, 2.543880767461441]}, "7": {"h": [[-0.0, -0.06792363357543944, -0.006069553375244143, 0.09826442337036133], [0.0, 0.8265, 0.9137337341308593, 1.0626939392089843], [0.0, -0.15933312988281229, -0.4401881103515624, -0.6245926513671873]], "r": [0.5392640266238057, 2.209174789432776, -1.5802125365615862, 1.4395104198050608, 2.1412760865969567, 4.6645585274731225, 4.667307599877484]}, "8": {"h": [[-0.0, -0.01427368927001954, -0.04675780487060548, -0.02625348663330078], [0.0, 0.8265, 0.9136785125732422, 1.0737963409423827], [0.0, -0.15829638671874996, -0.4630701904296877, -0.6679692382812501]], "r": [0.6944059447109998, 2.3773854588643135, -1.6781722973459166, 1.3415133539965043, 2.4374619535872384, 4.692164308313629, -3.7080951941683438]}, "9": {"h": [[-0.0, -0.01627369689941406, -0.09644236755371093, -0.15156558227539063], [0.0, 0.8265, 0.9074158096313476, 1.0603109893798828], [0.0, -0.15415844726562505, -0.45602416992187506, -0.6765710449218751]], "r": [0.7087836154777513, 2.3139749938629643, -1.5364316612617073, 1.2871732189689047, 2.3549160682808665, 4.398225954837847, 1.5492803194429208]}, "10": {"h": [[-0.0, -0.006120758056640627, -0.15125321960449217, -0.2892952423095703], [0.0, 0.8265, 0.8582564544677734, 0.9890154113769531], [0.0, -0.14522814941406265, -0.44216003417968747, -0.6658802490234375]], "r": [0.6768527566115025, 2.6440702919668957, -1.8501793770295827, 1.2890558047445215, 2.0686626895679536, 4.292725689601564, -1.0549540541571476]}, "11": {"h": [[-0.0, -0.007985748291015629, -0.20852015686035158, -0.4236274566650391], [0.0, 0.8265, 0.7968118591308594, 0.8449143867492677], [0.0, -0.1497069091796875, -0.4415726318359375, -0.6476658935546873]], "r": [0.7024231479861127, 3.0228504421169125, -1.8874027268105162, 1.0533543391226858, 2.3315204013956565, 3.977624945673131, -2.3414223420465192]}, "12": {"h": [[-0.0, -0.06072888946533202, -0.23462984466552733, -0.4419421005249024], [0.0, 0.8265, 0.6749044952392578, 0.5550480499267578], [0.0, -0.15569958496093755, -0.41007287597656245, -0.5921029052734372]], "r": [0.9836486641618304, 2.6824065416212046, -2.040785704252005, 0.8533426410328334, 2.2935754344443726, 3.8318101102033775, -4.0776121042059295]}, "13": {"h": [[-0.0, -0.062273590087890615, -0.1702323760986328, -0.308406982421875], [0.0, 0.8265, 0.6091823730468751, 0.43253871154785156], [0.0, -0.1574819335937499, -0.4018165283203124, -0.6031076660156247]], "r": [1.2187932350491184, 2.8993653356045628, -2.4176422599706244, 0.6941203563206124, 2.66335670110173, 3.722627486804765, -0.11194076846237039]}, "14": {"h": [[-0.0, -0.060493621826171864, -0.12383076477050782, -0.212799560546875], [0.0, 0.8265, 0.5804905853271485, 0.3789912872314453], [0.0, -0.15458959960937518, -0.3971778564453126, -0.6053657226562499]], "r": [1.1284811509830934, 2.839148854929026, -2.4431707888875622, 0.5933900625625849, 2.8170650346323605, 3.799405670793934, -1.195054578664839]}, "15": {"h": [[-0.0, -0.04695292663574219, 0.025096893310546882, 0.08838692092895509], [0.0, 0.8265, 0.5904063873291016, 0.3933748474121094], [0.0, -0.15334655761718757, -0.36588171386718754, -0.5775093994140625]], "r": [1.071011308986647, 3.0709251931653574, -2.772990064828425, 0.560047203865932, 3.0915533135207713, 3.6315114109722066, 1.4368564307864133]}, "16": {"h": [[-0.0, -0.04311412048339844, 0.1015545654296875, 0.26584825134277346], [0.0, 0.8265, 0.6262254028320313, 0.47684043884277344], [0.0, -0.16460827636718772, -0.367022705078125, -0.5588885498046874]], "r": [0.8199207482981548, 3.1273577130626276, -2.8665481621088134, 0.6017669487323989, 2.94651126328504, 3.720795474659475, 0.5470784341931728]}, "17": {"h": [[-0.0, -0.04804358673095703, 0.12499279022216797, 0.360068000793457], [0.0, 0.8265, 0.7047654647827148, 0.6532459716796875], [0.0, -0.18194726562500013, -0.3724858398437501, -0.5267884521484376]], "r": [0.648327761854091, 3.199579644102037, -2.8522108043423553, 0.6582983756220898, 3.0106268418137216, 4.009804890289853, 1.0486553745627967]}, "18": {"h": [[-0.0, -0.015315733432769776, 0.149425977230072, 0.3889667639732361], [0.0, 0.8265, 0.8193049802780152, 0.872088809967041], [0.0, -0.21182934570312512, -0.39752087402343755, -0.5073349609375]], "r": [0.7869712493517314, 3.2211865514580413, -3.02307536239583, 0.8882260961695426, 3.0742017314167844, 4.204594179082591, -0.7322307711985137]}, "19": {"h": [[-0.0, -0.05571922111511231, 0.06694367408752441, 0.24675282478332522], [0.0, 0.8265, 0.9559464721679687, 1.109891357421875], [0.0, -0.2024228515625, -0.4036518554687501, -0.517827880859375]], "r": [0.8666423954961149, 3.2129125256795668, -2.9631653581921045, 1.1336968438353252, 2.9893790438055543, 4.487084665151274, -2.113175068074286]}, "20": {"h": [[-0.0, -0.006967643737792961, 0.04983843612670899, 0.16474219512939453], [0.0, 0.8265, 1.020541732788086, 1.222593734741211], [0.0, -0.16347021484374996, -0.394028564453125, -0.5328006591796874]], "r": [0.7408897599146415, 3.2037709899614617, -2.8767176117721442, 1.3211293361262804, 2.7247666282724965, 4.524579275553982, -1.936207356642633]}, "21": {"h": [[-0.0, -0.023377677917480466, -0.016158142089843744, 0.049482055664062496], [0.0, 0.8265, 1.0234812774658204, 1.2501611938476562], [0.0, -0.17903784179687482, -0.39873510742187507, -0.5506315917968749]], "r": [0.9142050111195051, 3.1188525080797564, -2.795894914994374, 1.40901210305422, 2.750276904652621, 4.6518890281526755, -3.675602805508767]},