{"count": 55, "poses_seq": {"0": {"h": [[-0.0, -0.05983946228027344, -0.2933425140380859, -0.5508176727294922], [0.0, 0.8265, 0.6071581573486329, 0.4635712127685547], [0.0, -0.136787109375, -0.2531545410156251, -0.31126513671875006]], "r": [-0.6109654738400744, 5.035105047507088, 2.5338520672703013, 2.3824272071860566, 0.5134959884320793, 5.672378249934643, -0.37392894773844226]}, "1": {"h": [[-0.0, -0.062403861999511714, -0.2839448928833008, -0.5374961929321289], [0.0, 0.8265, 0.5909276885986328, 0.43039450073242186], [0.0, -0.1367553710937502, -0.24500927734375005, -0.29803344726562503]], "r": [-0.7343877869494212, 5.134031929406051, 2.1612049815406698, 2.1667284022037157, 0.641207358501016, 5.5672721051345, -3.3185617541092256]}, "2": {"h": [[-0.0, -0.05828945159912108, -0.2966201400756836, -0.5571060409545898], [0.0, 0.8265, 0.6006331787109375, 0.4582621612548828], [0.0, -0.13829406738281264, -0.2415736083984375, -0.2999755859375]], "r": [-0.7037290276723718, 5.105966558642982, 2.474427015883043, 2.3268685527711948, 0.33314401203581484, 5.556294800105581, 1.4015543039374387]}, "3": {"h": [[-0.0, -0.04702029418945311, -0.36820301818847656, -0.6627813262939453], [0.0, 0.8265, 0.7893347129821777, 0.8298831825256348], [0.0, -0.156076416015625, -0.23312011718749998, -0.27089648437499997]], "r": [-0.4017751097299289, 4.7339009001733094, 2.7766396203022046, 2.6294122999478673, 0.4901022356747435, 5.204814507653574, 4.454868721312362]}, "4": {"h": [[-0.0, -0.052721244812011736, -0.33137413787841796, -0.6055806198120117], [0.0, 0.8265, 0.664601303100586, 0.5707683715820313], [0.0, -0.1458264160156249, -0.2727625732421873, -0.3599443359374999]], "r": [-0.4379345681910868, 5.053495202201226, 3.077323912744873, 2.454181448760422, 0.362540649431866, 5.360747838019866, -4.533678333583543]}, "5": {"h": [[-0.0, -0.05679311370849609, -0.3129333572387695, -0.5697646560668945], [0.0, 0.8265, 0.7337632293701172, 0.7358618011474609], [0.0, -0.1395588378906248, -0.31708593749999997, -0.4636131591796873]], "r": [-0.7037362541840702, 4.868520777196303, 2.9238075137194826, 2.5962145629214297, 0.2864914355599188, 5.1970609316784975, 3.551543150951961]}, "6": {"h": [[-0.0, -0.04571939849853515, -0.2653787918090821, -0.46622870635986324], [0.0, 0.8265, 0.8032547454833985, 0.895293212890625], [0.0, -0.15398388671875002, -0.3640847167968749, -0.5525937499999998]], "r": [-0.720683462171886, 4.682568324031996, 2.978733982469874, 2.5871848025271027, 0.5722814090345143, 4.994705411578617, -4.608601730258566]}, "7": {"h": [[-0.0, -0.04402240753173828, -0.21572730255126954, -0.3625210647583008], [0.0, 0.8265, 0.7582044219970703, 0.811104290008545], [0.0, -0.14300097656249983, -0.3949849853515624, -0.6386840820312498]], "r": [-1.0562011011019234, 4.771714835529812, 2.6209196425059478, 2.5475929705076945, 0.7432196799660112, 5.10129967781239, 0.20586341649921772]}, "8": {"h": [[-0.0, -0.044614433288574215, -0.15820064544677737, -0.26279880523681637], [0.0, 0.8265, 0.6770427856445312, 0.6194508972167969], [0.0, -0.15154772949218726, -0.41880847167968743, -0.6863756103515624]], "r": [-1.1520027096533172, 5.114469206509807, 2.6377738950238268, 2.14800901001462, 0.8886492689475448, 5.059718773780298, -0.2635832222341227]}, "9": {"h": [[-0.0, -0.050519767761230475, -0.12804579925537107, -0.15885953521728519], [0.0, 0.8265, 0.6912088165283203, 0.6764175567626953], [0.0, -0.15177917480468733, -0.4378588867187499, -0.7251036376953124]], "r": [-1.1069515492441686, 4.952750244191613, 2.7965774203636267, 2.0617774332641647, 1.1831677287429316, 5.0871313305662405, 1.6691358323836085]}, "10": {"h": [[-0.0, -0.06093347167968752, -0.09064299774169923, -0.06910080718994141], [0.0, 0.8265, 0.8438212089538575, 0.9085468292236327], [0.0, -0.15363732910156253, -0.446890380859375, -0.6927454833984374]], "r": [-1.2544295485739796, 4.717136618291572, 2.8163533855583065, 2.192078144112987, 1.0678785344330954, 4.769599663948401, -0.5171938299408215]}, "11": {"h": [[-0.0, -0.06690621566772462, -0.023377475738525395, 0.05409560775756836], [0.0, 0.8265, 0.7484172515869141, 0.7720934829711914], [0.0, -0.15755786132812505, -0.44018493652343743, -0.6830451660156249]], "r": [-1.5467450055291077, 4.890973027541454, 2.6079384191246158, 2.0305670964146643, 1.1321158253106414, 4.9249776958620854, 0.07455435710080434]}, "12": {"h": [[-0.0, -0.06328390884399415, 0.031788997650146485, 0.1696784324645996], [0.0, 0.8265, 0.6800681915283203, 0.6340274047851563], [0.0, -0.1625811767578123, -0.41826184082031254, -0.6583868408203124]], "r": [-1.5183587254611242, 4.893860127332029, 2.812591999358647, 1.7972530863608802, 1.3871612478386184, 5.2543486500249434, 1.6296946713684903]}, "13": {"h": [[-0.0, -0.05945597076416016, 0.046450164794921874, 0.24750247192382813], [0.0, 0.8265, 0.7614277572631836, 0.7969102249145508], [0.0, -0.17902319335937494, -0.41566748046874996, -0.6026040039062499]], "r": [-1.5465835792626712, 4.515031740197577, 2.981931354912784, 1.8957486900928382, 1.588540958057146, 5.242874434828438, 4.370485747327093]}, "14": {"h": [[-0.0, -0.06780887794494629, 0.0635401668548584, 0.26840696525573726], [0.0, 0.8265, 0.8555145416259766, 0.9738753204345703], [0.0, -0.18238500976562505, -0.41033276367187504, -0.5166412353515624]], "r": [-1.6736386529378426, 4.468976970977415, 2.824184604656435, 1.7393093719513097, 1.6718899885391765, 4.909466324509262, -0.5059597930291755]}, "15": {"h": [[-0.0, -0.058019809722900384, 0.13392161560058596, 0.37858970642089845], [0.0, 0.8265, 0.7209071426391602, 0.7094499130249023], [0.0, -0.20367602539062496, -0.3817131347656249, -0.4739569091796874]], "r": [-1.9457555814199268, 4.746713205870255, 2.732994649433189, 1.4606715756109256, 1.6150156452184903, 5.2709894643048605, -2.732376770245061]}, "16": {"h": [[-0.0, -0.050257056236267084, 0.11778928470611572, 0.37169739627838133], [0.0, 0.8265, 0.796516263961792, 0.8692853469848634], [0.0, -0.21093884277343738, -0.37820373535156243, -0.40996777343749985]], "r": [-2.2867758790036525, 4.685733255961638, 2.4211545321070456, 1.847181538994413, 1.2988282215561022, 4.980401387560392, -5.5651446976929035]}, "17": {"h": [[-0.0, -0.07458946990966797, 0.05868433380126953, 0.278151741027832], [0.0, 0.8265, 0.7813372993469239, 0.8442518730163575], [0.0, -0.19127319335937504, -0.4280753173828125, -0.5530217285156249]], "r": [-1.9190776038769928, 4.731263048767538, 2.513370154088066, 1.814416709423803, 1.4212918789287812, 5.003949239399688, -1.2784253409508668]}, "18": {"h": [[-0.0, -0.07345347213745117, 0.04106823348999024, 0.22323598861694335], [0.0, 0.8265, 0.7136605834960938, 0.6952562103271485], [0.0, -0.16951550292968737, -0.4274947509765626, -0.6164871826171874]], "r": [-1.9716416008960362, 4.857733484808788, 2.2115353220167715, 1.9420958326959519, 1.3193694116859704, 5.262081311435311, -0.14767139825311537]}, "19": {"h": [[-0.0, -0.07526184082031251, -0.01969973754882813, 0.09540910339355468], [0.0, 0.8265, 0.7131279678344726, 0.7095850677490234], [0.0, -0.15779602050781266, -0.4420936279296875, -0.69159130859375]], "r": [-1.721664550420836, 4.764923337052037, 2.186342435809754, 2.2320593762698877, 1.373902933019353, 5.380767404162746, -1.374023264449947]}, "20": {"h": [[-0.0, -0.07358980560302734, -0.0841339340209961, -0.008572723388671877], [0.0, 0.8265, 0.8554249267578125, 0.9465196609497071], [0.0, -0.15303686523437504, -0.4519177246093751, -0.6781542968750001]], "r": [-1.3387337339774208, 4.418005282122884, 2.5077959379157377, 2.3718265917675865, 1.6156223797118305, 5.158496568944849, -3.7924218565100594]}, "21": {"h": [[-0.0, -0.06473992919921875, -0.15821302795410155, -0.1485599822998047], [0.0, 0.8265, 0.8642853775024414, 0.9595238037109375], [0.0, -0.15875134277343755, -0.4434915771484374, -0.67802734375]], "r": [-0.9605676937024215, 4.262506296883031, 2.896385147956398, 2.3756714257335974, 1.7200928785934897, 5.146000416588378, 3.402442433727516]},