{"count": 7, "poses_seq": {"0": {"h": [[-0.0, -0.06673923492431642, -0.20416889190673826, -0.2961071853637695], [0.0, 0.8265, 0.695801254272461, 0.6430777435302735], [0.0, -0.14453564453124984, -0.4130280761718748, -0.6629597167968748]], "r": [-0.8164145663435751, 4.480348065903088, 5.448128723135384, 1.7036727767272535, 1.0920477415459602, 0.6304182239600093, -5.224530648252145]}, "1": {"h": [[-0.0, -0.06559278106689453, -0.2501237869262696, -0.4347602615356445], [0.0, 0.8265, 0.7006051330566407, 0.635328125], [0.0, -0.14821179199218754, -0.3650565185546873, -0.5774483642578123]], "r": [-0.5035594849097849, 4.469486766518624, -0.7281753022989156, 1.8115031214860144, 1.349668825438241, 0.730866942349929, 1.4271944802897463]}, "2": {"h": [[-0.0, -0.06813832092285156, -0.287906005859375, -0.3862872619628906], [0.0, 0.8265, 0.7674346008300781, 0.8091851921081543], [0.0, -0.1394366455078127, -0.33176745605468755, -0.5898696289062502]], "r": [-0.4333169046389266, 4.112405250522598, -0.7477291935027963, 1.41969237300831, 0.983692595783614, 0.9621995248709916, -1.2328436809196561]}, "3": {"h": [[-0.0, -0.06409154510498045, -0.09678554534912108, -0.00560449218749999], [0.0, 0.8265, 0.9299244842529297, 1.1359745788574218], [0.0, -0.16528393554687498, -0.4164094238281251, -0.5431578369140626]], "r": [-0.6883046815198355, 3.7552248802995774, -1.1099800428766589, 1.692923540894397, 0.968660148647541, 1.3068770321182104, -0.018286418575902602]}, "4": {"h": [[-0.0, -0.06664558410644532, -0.16091583251953123, -0.12998297119140623], [0.0, 0.8265, 0.8920523986816407, 1.1003891296386719], [0.0, -0.1481347656249999, -0.40954711914062486, -0.5579260253906249]], "r": [-0.8410650391161568, 3.9558522068556514, -1.4049485452916004, 1.6452316438055303, 0.6621373674855661, 1.087020680388197, 2.919240490445066]}, "5": {"h": [[-0.0, -0.06682161712646484, -0.20742050933837894, -0.23579264068603514], [0.0, 0.8265, 0.8592229652404786, 1.0578708801269532], [0.0, -0.1499637451171874, -0.4133189697265625, -0.5760992431640626]], "r": [-0.6901707102827266, 3.967452951682749, -1.0334488816339664, 1.80383007136323, 0.8266309133758615, 1.0378168124322942, 0.2754670850243414]}, "6": {"h": [[-0.0, -0.06279224395751955, -0.2390969924926758, -0.3393700637817383], [0.0, 0.8265, 0.7842066917419434, 0.928884033203125], [0.0, -0.14772680664062482, -0.4063046874999999, -0.5976700439453122]], "r": [-0.8171730302660959, 4.226286380003831, -1.2612347189288398, 1.9247679640388768, 0.7742187355052, 0.8133693467487257, 0.23295494519968513]}}, "id": 5}