{"count": 32, "poses_seq": {"0": {"h": [[-0.0, -0.060971389770507825, -0.2887371826171875, -0.5423175048828125], [0.0, 0.8265, 0.5994519500732423, 0.44797686767578127], [0.0, -0.13710449218750026, -0.2515712890625, -0.31176708984374996]], "r": [2.589662642457993, 2.7038531456147057, 0.5105209057351313, 4.779283347457455, -0.7606814885466396, 1.6771645240632798, -2.3650444353803817]}, "1": {"h": [[-0.0, -0.062403861999511714, -0.2839448928833008, -0.5374961929321289], [0.0, 0.8265, 0.5909276885986328, 0.43039450073242186], [0.0, -0.1367553710937502, -0.24500927734375005, -0.29803344726562503]], "r": [2.6550442707292317, 2.5511831934248383, 0.42835026833024237, 4.590669237761651, -0.637228850523466, 1.4401664141317054, -1.308605475046953]}, "2": {"h": [[-0.0, -0.0625071563720703, -0.2861505889892578, -0.5402292022705079], [0.0, 0.8265, 0.5931772155761719, 0.438075668334961], [0.0, -0.1315860595703125, -0.23866394042968736, -0.2946529541015624]], "r": [2.874902858666484, 2.4790991460092933, 0.28624488580571233, 4.620781791018976, -0.8113327217866835, 1.338904143879614, 1.6390931386175416]}, "3": {"h": [[-0.0, -0.04655325317382811, -0.35759564208984373, -0.6532763366699219], [0.0, 0.8265, 0.747606216430664, 0.7436057434082031], [0.0, -0.15327832031250016, -0.23775354003906274, -0.28283251953125027]], "r": [3.0188954572226425, 2.7965570836354825, 0.06948696247393193, 4.2331543044078055, -0.6969132995779067, 1.4689796686193894, 1.2176978924521138]}, "4": {"h": [[-0.0, -0.05951939392089843, -0.32713471984863285, -0.5933982696533203], [0.0, 0.8265, 0.6588200073242187, 0.5523980865478516], [0.0, -0.14339624023437497, -0.28170556640624983, -0.3798461914062499]], "r": [3.0323872555820786, 2.453606574373624, -0.22705967796687707, 4.242830491690376, -0.63918289942676, 1.2912044573925503, -0.3836157044664362]}, "5": {"h": [[-0.0, -0.05528851318359375, -0.3070234375, -0.5574607849121094], [0.0, 0.8265, 0.7574328842163087, 0.7819213333129883], [0.0, -0.13929736328125025, -0.32719555664062533, -0.4796765136718753]], "r": [2.8611548952333234, 2.5102456672083306, -0.051947647938707056, 3.9000764103408065, -1.026766892599227, 1.137319994577182, -1.0945199266744823]}, "6": {"h": [[-0.0, -0.04483458709716796, -0.25185236358642576, -0.44228800201416013], [0.0, 0.8265, 0.8055832195281982, 0.8966183319091797], [0.0, -0.14480004882812497, -0.36384252929687483, -0.5617934570312497]], "r": [2.59992476660248, 2.7212109675422185, 0.2606850203483332, 4.160509109209477, -1.3964850036375478, 1.2985404494668191, 1.6606272091920355]}, "7": {"h": [[-0.0, -0.04328866577148438, -0.19735420227050782, -0.32177735900878907], [0.0, 0.8265, 0.7280264663696289, 0.7416748123168946], [0.0, -0.14607348632812506, -0.40021313476562487, -0.6613663330078123]], "r": [2.247697017285667, 2.4093640084470844, 0.5234233365232918, 4.2492870044844695, -1.6826231600398178, 0.9307836874001832, -0.5112183261250649]}, "8": {"h": [[-0.0, -0.04384709930419922, -0.12374207305908203, -0.17770984649658203], [0.0, 0.8265, 0.6595483703613281, 0.5964898071289062], [0.0, -0.14523742675781232, -0.4129345703125001, -0.6944241943359375]], "r": [2.0616862334462254, 2.0661717339761565, 0.30417799497371234, 4.061416015449265, -1.6180717420810864, 0.6194630299130889, -3.4065744105518867]}, "9": {"h": [[-0.0, -0.058891021728515625, -0.13049009704589845, -0.12763191223144532], [0.0, 0.8265, 0.7687028312683106, 0.7957415103912353], [0.0, -0.14799035644531272, -0.4317667236328125, -0.703755859375]], "r": [2.0609223219538295, 2.43986309238368, 0.342978153910885, 3.807070183430482, -1.4401895255421944, 0.9639819826312388, 3.843413374876923]}, "10": {"h": [[-0.0, -0.062488456726074226, -0.0710342559814453, -0.022073928833007822], [0.0, 0.8265, 0.8611514930725098, 0.9589227447509765], [0.0, -0.14480468750000003, -0.4478206787109374, -0.6755551757812499]], "r": [2.0042140938251447, 2.703604481291887, 0.2528467898311295, 4.163503114233307, -1.675530584360281, 1.2208087822285876, -3.8894373150985326]}, "11": {"h": [[-0.0, -0.06833462905883789, -0.013342353820800783, 0.06795966339111328], [0.0, 0.8265, 0.7024060592651367, 0.7021757583618164], [0.0, -0.16354113769531226, -0.44255554199218744, -0.6906180419921875]], "r": [1.620457643981783, 2.594262991052649, 0.6036249439370202, 4.410518242300627, -1.3998697879514945, 1.1443049731060768, -0.5235404101083756]}, "12": {"h": [[-0.0, -0.06228486633300781, 0.04209115600585938, 0.2033182373046875], [0.0, 0.8265, 0.7063237915039062, 0.6855803985595703], [0.0, -0.1678283691406251, -0.421642578125, -0.6508110351562499]], "r": [1.602370023311487, 2.4874155095154697, 0.30665521355019093, 4.574084604541995, -1.5427547297828688, 1.036299180074806, 2.224431903505584]}, "13": {"h": [[-0.0, -0.06226832962036133, 0.05753505325317383, 0.26348015213012693], [0.0, 0.8265, 0.783520980834961, 0.8411031837463379], [0.0, -0.1725972900390627, -0.41978063964843765, -0.5915312500000001]], "r": [1.4549356376447395, 2.5220903765639915, 0.36129603907099606, 4.316519131765025, -1.81157143018343, 0.8797439826740269, 1.6694047244682304]}, "14": {"h": [[-0.0, -0.06746052551269531, 0.07148486328124999, 0.2783562850952149], [0.0, 0.8265, 0.8623754920959472, 0.9842732543945313], [0.0, -0.18364050292968753, -0.4068616943359376, -0.505158447265625]], "r": [1.2186238336429764, 2.65141797539268, 0.7505610260538179, 4.263314929003363, -2.167520286572971, 0.8556960165773179, -0.18809148368823245]}, "15": {"h": [[-0.0, -0.05588174629211426, 0.1329413433074951, 0.375683012008667], [0.0, 0.8265, 0.728440559387207, 0.7245648193359375], [0.0, -0.20548571777343755, -0.38562402343749996, -0.4821343994140626]], "r": [1.071165364523987, 2.384052985006124, 0.5506399381050561, 4.589074047670534, -1.8777690117856796, 0.6140772664472377, 1.564546472363513]}, "16": {"h": [[-0.0, -0.050257056236267084, 0.11778928470611572, 0.37169739627838133], [0.0, 0.8265, 0.796516263961792, 0.8692853469848634], [0.0, -0.21093884277343738, -0.37820373535156243, -0.40996777343749985]], "r": [1.0789479336982741, 2.5020747333283886, 0.16019535471508298, 4.587337096835163, -2.2320597401182214, 0.6255156126602601, 0.3542723901002345]}, "17": {"h": [[-0.0, -0.07551106452941894, 0.0639820384979248, 0.2865157604217529], [0.0, 0.8265, 0.8037252082824706, 0.8853286552429199], [0.0, -0.19113488769531234, -0.41796337890624985, -0.5217388916015624]], "r": [1.3971385212634053, 2.5199663994704258, 0.13346114412167953, 4.480566933153246, -2.0714052866262787, 0.7787087883293101, 3.155177178830984]}, "18": {"h": [[-0.0, -0.07238114738464356, 0.04359300422668457, 0.23234932899475097], [0.0, 0.8265, 0.7209275588989258, 0.7197265319824219], [0.0, -0.17232775878906242, -0.42431311035156233, -0.6051734619140623]], "r": [1.4629347675461817, 2.523761925006245, 0.4171095246959469, 4.741723514800115, -1.755347157200108, 0.9355855153260507, -2.8767096843629276]}, "19": {"h": [[-0.0, -0.07578493118286134, -0.015621326446533204, 0.12562389755249023], [0.0, 0.8265, 0.6828962860107423, 0.6510984954833985], [0.0, -0.15668994140624998, -0.4238321533203125, -0.6658472900390624]], "r": [1.526763582930453, 2.571753397443309, 0.6282884463557575, 4.918808164016746, -1.671949157725713, 1.1324896506468085, -0.2436925079324268]}, "20": {"h": [[-0.0, -0.07489495849609376, -0.0666658706665039, 0.019633369445800783], [0.0, 0.8265, 0.785976936340332, 0.8373648529052734], [0.0, -0.16304833984374995, -0.4276584472656249, -0.6652858886718749]], "r": [1.6918079628402958, 2.6947456668847227, 0.5354990668057042, 4.783409731053151, -2.0043162927240696, 1.1497317102099494, -1.6085610447852248]}, "21": {"h": [[-0.0, -0.06414988708496093, -0.14417210388183593, -0.12253015136718749], [0.0, 0.8265, 0.879321315765381, 0.9968899383544922], [0.0, -0.15990075683593769, -0.44396374511718767, -0.669546875]], "r": [1.7029029224095567, 2.936694884682501, 0.5226971190015206, 4.9807156420130205, -2.384371137010979, 1.5410492332521233, -3.934895446303942]},