{"count": 48, "poses_seq": {"0": {"h": [[-0.0, -0.07233916473388671, 0.043891395568847656, 0.21983258819580076], [0.0, 0.8265, 0.643064697265625, 0.5185686187744141], [0.0, -0.1683833007812499, -0.3964093017578126, -0.5878828125]], "r": [-2.194767123875926, 4.939333142466528, -2.7970611369881735, 1.9181046507211552, -1.1654581385325646, 5.588592151272598, 1.3393880091030383]}, "1": {"h": [[-0.0, -0.06797274017333985, 0.08930908966064453, 0.3239284057617188], [0.0, 0.8265, 0.6267400512695313, 0.4945884857177735], [0.0, -0.16363940429687523, -0.345285400390625, -0.46008508300781253]], "r": [-2.2286011823320044, 5.296914036204874, -2.508883301525627, 1.7649720504249233, -0.7709358021195234, 5.262519131320757, 4.420388662753799]}, "2": {"h": [[-0.0, -0.060264007568359375, 0.14818565368652342, 0.43589576721191403], [0.0, 0.8265, 0.6722872009277343, 0.6416937255859375], [0.0, -0.16647900390624987, -0.31441015624999996, -0.312154296875]], "r": [-2.461954614470678, 5.054959007302037, -2.6897437530084347, 1.9945796015737451, -0.39778766012009475, 5.194878121833567, 1.2073874101085114]}, "3": {"h": [[-0.0, -0.04658958625793457, 0.1413336696624756, 0.4080875759124756], [0.0, 0.8265, 0.7898615837097168, 0.8759994621276855], [0.0, -0.20027770996093747, -0.3408135986328125, -0.2916475830078125]], "r": [-2.2915925528111663, 4.716603408123063, -2.3871648807018078, 2.0308735939599623, -0.7178494726730903, 4.9304398352609455, 3.3989366212006416]}, "4": {"h": [[-0.0, -0.06544534111022948, 0.0963380298614502, 0.3102440509796142], [0.0, 0.8265, 0.8782130279541016, 1.0364459533691406], [0.0, -0.2034757080078125, -0.39656994628906245, -0.41607080078124997]], "r": [-2.1056753159445094, 4.512798375464652, -2.6501458196514758, 2.3710894172341455, -0.5329495762417926, 4.829832582439315, -5.732609755982467]}, "5": {"h": [[-0.0, -0.07035108566284179, 0.053473400115966796, 0.22591789627075196], [0.0, 0.8265, 0.8785695610046387, 1.0593358764648437], [0.0, -0.18663305664062496, -0.4313520507812501, -0.518991943359375]], "r": [-1.787150800720309, 4.341044954976811, -2.2791997217970836, 2.7371362972551934, -0.7185373125171621, 5.076231471341176, 0.9285933841665048]}, "6": {"h": [[-0.0, -0.07438223648071289, 0.021904376983642577, 0.1619760093688965], [0.0, 0.8265, 0.871438045501709, 1.0455576171875], [0.0, -0.17908337402343727, -0.44401171874999995, -0.5790234374999998]], "r": [-1.5924390914309792, 4.345620444538734, -2.3055942227635255, 2.816284590226832, -0.5436552986069362, 5.07055203307603, 2.203534025489691]}, "7": {"h": [[-0.0, -0.07759372329711914, -0.012788715362548827, 0.0859245491027832], [0.0, 0.8265, 0.8309987182617188, 0.9479186248779297], [0.0, -0.17679992675781248, -0.4850456542968749, -0.6909510498046874]], "r": [-1.5884173727184683, 4.475611692483879, -2.322997321990989, 2.9448107663022984, -0.6575650771738967, 5.209018488364079, 4.866316952012334]}, "8": {"h": [[-0.0, -0.07049358749389648, 0.006370761871337893, 0.1425729560852051], [0.0, 0.8265, 0.6890029602050781, 0.6459670715332031], [0.0, -0.17230603027343744, -0.45626940917968756, -0.67895068359375]], "r": [-1.4565835067010096, 4.805322073016981, -2.0688354115387178, 2.5556474154953297, -0.5118378676022438, 5.369673375168761, -2.747291584189595]}, "9": {"h": [[-0.0, -0.05479879379272461, 0.05666119003295899, 0.25838766860961915], [0.0, 0.8265, 0.6532115478515625, 0.5561210174560547], [0.0, -0.17190869140625004, -0.41221069335937505, -0.5886750488281249]], "r": [-1.6082872611369634, 4.973476755264174, -1.9972691308262147, 2.2576207812585123, -0.540570935576096, 5.358644853779485, -3.6330767090755245]}, "10": {"h": [[-0.0, -0.05766082000732422, 0.08501619720458985, 0.34266466522216793], [0.0, 0.8265, 0.6612273712158203, 0.5737033843994142], [0.0, -0.1832257080078124, -0.3754105224609375, -0.467082275390625]], "r": [-1.931764418282663, 4.8372909567721045, -2.216656561426645, 2.3200979381179963, -0.3445668828797593, 5.587969125898303, 0.2134535051042289]}, "11": {"h": [[-0.0, -0.06377465438842773, 0.09908270645141601, 0.38744640731811525], [0.0, 0.8265, 0.6905609436035156, 0.6755582122802735], [0.0, -0.18063269042968738, -0.35602893066406255, -0.3543033447265625]], "r": [-2.1295760746919283, 4.835253404335499, -2.1071262774690265, 1.9867485794647959, -0.7282455758592604, 5.352812394859121, 0.3416550347418639]}, "12": {"h": [[-0.0, -0.058472564697265625, 0.10467021179199218, 0.3671722946166992], [0.0, 0.8265, 0.739423240661621, 0.836265739440918], [0.0, -0.1828807373046875, -0.3584324951171876, -0.29065087890625013]], "r": [-2.0559594993448878, 4.705292003200836, -2.053167467232284, 1.7573987240806492, -0.9305326686312937, 4.977760990732064, 0.48820773992649563]}, "13": {"h": [[-0.0, -0.07569077301025391, 0.047846351623535156, 0.26603443908691404], [0.0, 0.8265, 0.7775362548828125, 0.9575195922851563], [0.0, -0.169471435546875, -0.3805582275390625, -0.3742989501953125]], "r": [-1.7141194145296068, 4.641299934478696, -2.087338113341655, 1.5677390479084794, -1.2221893411387876, 4.6657661291519705, 1.5136159023625455]}, "14": {"h": [[-0.0, -0.08080305862426758, 0.009452465057373047, 0.19260036849975587], [0.0, 0.8265, 0.7841092987060547, 0.980585479736328], [0.0, -0.17159924316406255, -0.39604528808593736, -0.4619896240234374]], "r": [-1.406509951690188, 4.6551981003613765, -2.213002306783475, 1.7594766014274075, -0.9168598156162965, 4.454655128361277, -1.5669318784272295]}, "15": {"h": [[-0.0, -0.07972247695922852, -0.02551511001586914, 0.11114396286010741], [0.0, 0.8265, 0.7656559524536133, 0.9469453048706056], [0.0, -0.1687930908203124, -0.41998071289062505, -0.5525994873046873]], "r": [-1.0986610512067017, 4.7986609939337335, -2.2229453760621114, 1.5566422323432416, -0.959321041479925, 4.096404860167704, 1.2880451825707788]}, "16": {"h": [[-0.0, -0.0698318328857422, -0.08596661376953126, 0.024929267883300778], [0.0, 0.8265, 0.6571858215332032, 0.7692744369506836], [0.0, -0.14760571289062502, -0.38935461425781265, -0.5886416015625]], "r": [-0.7640840097836958, 4.979828049673937, -1.9593307811849807, 1.3825702322330855, -0.92348408966305, 4.150835663150243, 0.5857943587423418]}, "17": {"h": [[-0.0, -0.05772838592529296, -0.06697095489501952, 0.09538431549072267], [0.0, 0.8265, 0.5728025207519531, 0.583940185546875], [0.0, -0.13781518554687483, -0.3052735595703125, -0.5040247802734374]], "r": [-0.49464952133274603, 5.226139636535415, -1.7724806854257134, 1.0456132811487266, -0.5587721792008856, 3.831621751228708, 2.457336119557949]}, "18": {"h": [[-0.0, -0.07167710113525391, -0.11381671905517579, -0.019517448425292974], [0.0, 0.8265, 0.6440359802246094, 0.8215545501708985], [0.0, -0.15042980957031277, -0.3450952148437501, -0.5027259521484375]], "r": [-0.4076810429922666, 4.861214403615085, -2.1372037683230087, 1.1583521238404992, -0.7828787984035387, 3.667202442396305, 4.460452186487735]}, "19": {"h": [[-0.0, -0.06934720611572265, -0.15345694732666015, -0.12868994903564454], [0.0, 0.8265, 0.6287207794189453, 0.7901299285888672], [0.0, -0.13957434082031234, -0.33401782226562476, -0.5279188232421872]], "r": [-0.18324335272199743, 4.895291861263528, -2.0844244760203128, 1.1233136364471907, -0.836850972287842, 3.5914611465022075, -4.042157472165039]}, "20": {"h": [[-0.0, -0.0511869659423828, -0.10137725830078125, -0.0514369659423828], [0.0, 0.8265, 0.5570961456298829, 0.5515281524658203], [0.0, -0.13984265136718738, -0.2996453857421873, -0.5551090087890622]], "r": [-0.1870603299158241, 5.085550193930199, -1.6906245522802863, 1.169442557136231, -0.45978525967794137, 3.9449261548718755, 4.516071268035667]}, "21": {"h": [[-0.0, -0.055713363647460934, -0.05978352355957031, 0.07505854797363282], [0.0, 0.8265, 0.5690993957519531, 0.5263076477050781], [0.0, -0.14741735839843734, -0.33861608886718747, -0.5691710205078124]], "r": [-0.3158601510488027, 4.872889931638291, -1.4544782130617857, 1.0853419779424114, -0.7666018481696145, 3.936510246692944, 0.35055430990658565]},