{"count": 45, "poses_seq": {"0": {"h": [[-0.0, -0.06300140380859375, 0.10581544494628907, 0.3692355804443359], [0.0, 0.8265, 0.7634190788269043, 0.8780462799072266], [0.0, -0.17360534667968747, -0.36585107421875, -0.38027453613281265]], "r": [-1.7473920640044733, 4.596955734831338, -1.7227663166765417, 1.4118857426300893, -1.4860251128500555, 4.902845475390499, -1.4659252111368948]}, "1": {"h": [[-0.0, -0.0700906219482422, 0.04516520690917969, 0.2398320999145508], [0.0, 0.8265, 0.8021289310455322, 0.9901084747314454], [0.0, -0.16213232421875007, -0.390890625, -0.461946533203125]], "r": [-1.575563449127191, 4.590424283943721, -2.0172907449502606, 1.4341647694071937, -1.6227320264998255, 4.668346474394023, -2.932815532889915]}, "2": {"h": [[-0.0, -0.09997961044311524, -0.05221576309204101, 0.06778580856323242], [0.0, 0.8265, 0.8308354773521424, 1.0328100128173827], [0.0, -0.15941442871093742, -0.4073309326171875, -0.5175179443359375]], "r": [-1.466846023034361, 4.595310137959194, -2.284853864564074, 1.3884687505115825, -1.852799421122926, 4.603973348425308, -0.48655513874456047]}, "3": {"h": [[-0.0, -0.03293006134033204, -0.08447156524658204, -0.024367561340332036], [0.0, 0.8265, 0.7748310165405274, 0.9961547698974609], [0.0, -0.1600693359374999, -0.4273333740234376, -0.544864013671875]], "r": [-1.3816883558102624, 4.541717043941959, -2.2158387866578524, 1.4362482511442323, -1.8848700239689282, 4.917789389671086, -3.4484687049743354]}, "4": {"h": [[-0.0, -0.07224648284912108, -0.14163866424560545, -0.1510622329711914], [0.0, 0.8265, 0.7834945259094238, 0.9997938079833985], [0.0, -0.16455798339843747, -0.4223581542968751, -0.5629425048828125]], "r": [-1.309517508393653, 4.586588157603179, -2.365662448179838, 1.6007705799034855, -1.766697227282176, 4.836885038030998, 3.7447656131123637]}, "5": {"h": [[-0.0, -0.07385200500488281, -0.17343554687499999, -0.25797042846679685], [0.0, 0.8265, 0.7459254379272461, 0.9167572555541992], [0.0, -0.16543627929687493, -0.4242963867187502, -0.5940830078125001]], "r": [-1.3942877287603461, 4.679946965192663, -2.6273431541134817, 1.5991263817426649, -1.728397566082189, 4.89448488146996, -1.9130121355781418]}, "6": {"h": [[-0.0, -0.06643878173828124, -0.16518154907226562, -0.2789593200683594], [0.0, 0.8265, 0.6270503845214843, 0.64916357421875], [0.0, -0.15063867187500019, -0.3986484375000002, -0.6321137695312502]], "r": [-1.5196633520601825, 4.977571538953943, -2.788943385996041, 1.425428656825167, -1.581417763720561, 5.115073915566941, -1.3465999492663001]}, "7": {"h": [[-0.0, -0.05915617370605468, -0.11274942016601562, -0.15023426818847657], [0.0, 0.8265, 0.5780168304443359, 0.5434765777587891], [0.0, -0.15264611816406265, -0.3634320068359376, -0.63862939453125]], "r": [-1.8711839862159718, 5.076536082884408, -3.0301882293694486, 1.3950580942516948, -1.3648378226429454, 5.101786599080189, -1.4905348756212629]}, "8": {"h": [[-0.0, -0.060418800354003904, -0.0554539260864258, 0.013522132873535153], [0.0, 0.8265, 0.584032974243164, 0.5557842559814453], [0.0, -0.14252917480468713, -0.3652335205078124, -0.6205400390624998]], "r": [-2.0311118670493595, 5.1319691104963665, -2.9471549692810264, 1.6210800276887094, -1.0904754611901633, 5.114309310887982, -0.6946562616552865]}, "9": {"h": [[-0.0, -0.06532988739013673, -0.012990325927734372, 0.12812513732910155], [0.0, 0.8265, 0.6380444946289063, 0.6704090423583985], [0.0, -0.1423430175781249, -0.39032153320312474, -0.6020773925781249]], "r": [-2.3565977844473887, 4.961090223377115, -3.0902123881198573, 1.5638808641424597, -1.1440841642381216, 4.903490891839883, -1.2072357219677445]}, "10": {"h": [[-0.0, -0.07030602264404297, -0.08045052337646484, 0.00550269317626953], [0.0, 0.8265, 0.7261680603027344, 0.8914778442382812], [0.0, -0.15941625976562507, -0.422100341796875, -0.5985931396484374]], "r": [-2.013824995477382, 4.815102171819883, -2.8848683740413517, 1.4857428207917343, -1.4489966680666087, 4.600009602003742, 0.4869610877855164]}, "11": {"h": [[-0.0, -0.07054537200927734, -0.12635501861572263, -0.1198079147338867], [0.0, 0.8265, 0.7096191711425781, 0.8540744018554688], [0.0, -0.14964941406249982, -0.41741296386718757, -0.62652587890625]], "r": [-1.9320828649982313, 4.852511674062928, -3.0449282270797924, 1.2732563091362767, -1.6949748416417598, 4.522474156427011, 1.9495466826781378]}, "12": {"h": [[-0.0, -0.06583899688720703, -0.07484366607666014, -0.054144691467285164], [0.0, 0.8265, 0.5931134796142579, 0.5939133758544922], [0.0, -0.14606420898437494, -0.3717468261718749, -0.6413031005859373]], "r": [-2.1371564346750227, 5.124849645936235, -3.122859843625686, 0.9288339040829843, -1.7269180011186973, 4.783984157610113, -0.3421093114878899]}, "13": {"h": [[-0.0, -0.06103136444091797, -0.02092188262939454, 0.07356785583496094], [0.0, 0.8265, 0.602072006225586, 0.6159779663085938], [0.0, -0.13193432617187512, -0.36463708496093755, -0.6056042480468751]], "r": [-2.0819165082663984, 5.361395040342937, -2.785174444896122, 0.9626408949097107, -1.5798997589087453, 4.615639980189912, -2.9186352310785275]}, "14": {"h": [[-0.0, -0.06721417236328125, -0.01742798614501953, 0.12149549102783203], [0.0, 0.8265, 0.6793824157714844, 0.7828921508789063], [0.0, -0.14303686523437503, -0.4011931152343751, -0.5908206787109376]], "r": [-2.1679633017117834, 5.144148339464494, -2.923192208103059, 1.3388402159869002, -1.2442142969745036, 4.381601306749805, -4.8752788735219745]}, "15": {"h": [[-0.0, -0.0692806396484375, -0.08044818115234376, -0.02545603942871094], [0.0, 0.8265, 0.7194942092895508, 0.915624168395996], [0.0, -0.14833715820312526, -0.41256762695312515, -0.5673916015625]], "r": [-1.8568528472793382, 4.917402320879699, -2.849881601076835, 1.4704777543463599, -1.2821102825217088, 4.377146160652671, 2.0813788901857295]}, "16": {"h": [[-0.0, -0.06350340270996094, -0.09264288330078124, -0.0920257110595703], [0.0, 0.8265, 0.6923214416503907, 0.8812593078613282], [0.0, -0.1475354003906249, -0.4078525390624999, -0.5811501464843749]], "r": [-1.7621281071468096, 4.946887980467944, -2.9193606763743922, 1.612656616305648, -1.0484838514835453, 4.436095947519799, 4.787913602719617]}, "17": {"h": [[-0.0, -0.06449348449707032, -0.07056130981445313, -0.04785977172851562], [0.0, 0.8265, 0.5986227569580078, 0.6249618682861329], [0.0, -0.1443704833984379, -0.3664077148437502, -0.6222520751953127]], "r": [-1.7689146162500737, 5.269585768474921, -2.6926774361463517, 1.3669000511547356, -1.2447883857366333, 4.769795323667707, -0.6677506259402091]}, "18": {"h": [[-0.0, -0.05740296173095703, -0.020363822937011722, 0.07054053497314453], [0.0, 0.8265, 0.605999755859375, 0.6482989196777343], [0.0, -0.1379910888671872, -0.35530822753906227, -0.5914825439453122]], "r": [-1.8607793282239735, 5.211066759682721, -2.507800539504877, 1.2779657511776272, -1.343273559127078, 4.865031083117565, 1.2858970469047506]}, "19": {"h": [[-0.0, -0.06208669281005859, -0.025746826171875, 0.11426220703125], [0.0, 0.8265, 0.6638753662109376, 0.7697750473022461], [0.0, -0.14565185546874987, -0.391728759765625, -0.5784760742187498]], "r": [-1.6300484720792416, 5.095877872743966, -2.3531866777954855, 1.5535063001606866, -1.0888521290018398, 4.655475691087423, -0.8249743260424205]}, "20": {"h": [[-0.0, -0.06283309936523439, -0.09153518676757812, -0.03302912902832032], [0.0, 0.8265, 0.693352294921875, 0.8816824798583984], [0.0, -0.147967529296875, -0.40515136718749983, -0.5695520019531248]], "r": [-1.8195242097727309, 4.817619420815332, -2.735926483992349, 1.620084866135661, -1.2692073255139398, 4.733890221507628, -1.8670075714586674]}, "21": {"h": [[-0.0, -0.068635009765625, -0.10778723144531249, -0.09977450561523438], [0.0, 0.8265, 0.6603476257324219, 0.8001015625000001], [0.0, -0.14428784179687498, -0.3881212158203123, -0.6018411865234372]], "r": [-1.8443449688811258, 4.9527180254385685, -2.8961141621629656, 1.4654724068847655, -1.317377462045704, 4.646396137588357, 0.29663776317468077]},