{"count": 19, "poses_seq": {"0": {"h": [[-0.0, -0.06279812622070313, 0.0213875732421875, 0.2491556701660156], [0.0, 0.8265, 0.8014467182159424, 0.8974380187988282], [0.0, -0.1745356445312501, -0.41860314941406257, -0.5144703369140626]], "r": [0.5554953658170424, 2.2229208232202518, 2.9223808657639063, 3.8477840250412636, 1.749016521940429, 5.358221845037335, 1.4703748988666427]}, "1": {"h": [[-0.0, -0.046425754547119134, -0.07692881393432616, 0.06149991226196289], [0.0, 0.8265, 0.8793433952331543, 1.0647227325439452], [0.0, -0.14653784179687507, -0.407616455078125, -0.5187871093749998]], "r": [0.5493783247652239, 2.447124042681302, 2.841918260647033, 4.207138257605837, 1.5741871581401217, 4.9637916429605085, 3.963161004476615]}, "2": {"h": [[-0.0, -0.06127499389648437, -0.1596933135986328, -0.0906988983154297], [0.0, 0.8265, 0.9004367599487305, 1.1069764404296876], [0.0, -0.17319836425781238, -0.4171135253906249, -0.5554449462890623]], "r": [0.9203159481364365, 2.352222724340802, 2.8736231603248297, 3.879180467900602, 1.8776196702030565, 4.853208994316185, -2.4565227770423235]}, "3": {"h": [[-0.0, -0.05680483245849609, -0.1983168258666992, -0.1753269271850586], [0.0, 0.8265, 0.8720927848815918, 1.0725823669433594], [0.0, -0.17065197753906275, -0.41436975097656253, -0.5764840087890626]], "r": [1.134838932354721, 2.2374746760827646, 2.912700738758833, 3.9029698422593335, 1.8846454745815462, 4.868759804371471, -3.60667673909535]}, "4": {"h": [[-0.0, -0.04816088104248045, -0.23268392181396486, -0.2808106002807617], [0.0, 0.8265, 0.8024324760437012, 0.9545285339355469], [0.0, -0.17205126953124977, -0.4057275390625, -0.6053847656249998]], "r": [1.5052356446165864, 1.899714019914231, 3.056604200667741, 3.808576827005933, 2.143193006383233, 4.957143402794454, 1.891136663143152]}, "5": {"h": [[-0.0, -0.04686865234375001, -0.21674205017089843, -0.27984046936035156], [0.0, 0.8265, 0.6589647369384766, 0.6644992218017578], [0.0, -0.16669848632812495, -0.3957075195312499, -0.6542758789062497]], "r": [1.4016122998197875, 1.6329351172233513, 2.7412149848807608, 4.0740806652427635, 2.186607217990607, 5.138643622210547, 3.6904215448692783]}, "6": {"h": [[-0.0, -0.03784893035888673, -0.1328827438354492, -0.12208377838134765], [0.0, 0.8265, 0.5990276031494141, 0.5251227111816407], [0.0, -0.16610888671874974, -0.38938476562499985, -0.6604818115234374]], "r": [1.2770192375950395, 1.7044867411096336, 2.4913980289291637, 4.111369990615983, 2.0409554977712743, 5.51305668196627, -5.690032309295478]}, "7": {"h": [[-0.0, -0.03547409820556641, -0.05356977081298828, 0.044986312866210944], [0.0, 0.8265, 0.5930952301025391, 0.4907004547119141], [0.0, -0.16239575195312522, -0.3806385498046874, -0.6249517822265624]], "r": [0.9116703931304094, 1.8515784351268583, 2.1733341343214865, 4.402989335057685, 2.0876986328559344, 5.371186086064516, -1.397469833712097]}, "8": {"h": [[-0.0, -0.03976809692382813, 0.029283256530761713, 0.24901213836669922], [0.0, 0.8265, 0.647500732421875, 0.611516845703125], [0.0, -0.1671270751953125, -0.388513671875, -0.5669306640625]], "r": [0.7581775070764017, 2.2108610615691027, 1.9066415247290887, 4.544458554508174, 1.7095512509948636, 5.5354839471866075, 0.31499681811123603]}, "9": {"h": [[-0.0, -0.049261589050292966, 0.03676476287841797, 0.27375570678710937], [0.0, 0.8265, 0.7492224960327148, 0.8026120910644532], [0.0, -0.18738879394531255, -0.4128846435546874, -0.5317518310546874]], "r": [0.6305969259934274, 2.4758087101565738, 2.006101521511969, 4.357945079839783, 1.5035154637587402, 5.417744028893243, -1.4284771312980755]}, "10": {"h": [[-0.0, -0.06407887268066406, -0.0560073699951172, 0.0785163116455078], [0.0, 0.8265, 0.894576789855957, 1.076201889038086], [0.0, -0.14763964843749983, -0.4207375488281249, -0.5440914306640623]], "r": [0.708188644951001, 2.84172118837609, 1.9483178196079705, 4.401868916042427, 1.2401497378182886, 5.044133521180036, 0.39988241602133634]}, "11": {"h": [[-0.0, -0.06513328552246093, -0.14102525329589843, -0.08407435607910156], [0.0, 0.8265, 0.8901070404052734, 1.0914241027832032], [0.0, -0.14874340820312498, -0.417799560546875, -0.567376220703125]], "r": [0.813696428042371, 2.896748025627965, 1.8046151110368707, 4.793959225914836, 0.913462584252021, 4.862723409423673, 2.9736695498548418]}, "12": {"h": [[-0.0, -0.06500118255615235, -0.20009731292724608, -0.21366808319091796], [0.0, 0.8265, 0.8441228294372558, 1.0338143157958983], [0.0, -0.15002416992187478, -0.40840429687499974, -0.5817854003906247]], "r": [1.0131806887734296, 2.9077488435918384, 1.5673656794385966, 5.043440558158495, 0.6846107343403063, 4.762265861056542, 0.052288221214166486]}, "13": {"h": [[-0.0, -0.0576155776977539, -0.2220848770141602, -0.2933080825805664], [0.0, 0.8265, 0.762440544128418, 0.8934487991333008], [0.0, -0.1418229980468751, -0.4015616455078124, -0.611008544921875]], "r": [1.2134781316523167, 3.028803071311735, 1.1809479121575195, 5.294833060374486, 0.6055073986509023, 4.485222764137112, -2.8177550692121436]}, "14": {"h": [[-0.0, -0.05632624816894531, -0.18741514587402347, -0.23640647888183597], [0.0, 0.8265, 0.639564193725586, 0.6471976776123047], [0.0, -0.14085070800781258, -0.39457116699218747, -0.6538784179687498]], "r": [0.9136092558060189, 2.8071849633328885, 1.4902444061903675, 5.51431895660815, 0.7346323508383908, 4.327047192117173, -4.869456886012115]}, "15": {"h": [[-0.0, -0.051292175292968756, -0.10585430908203125, -0.09646113586425781], [0.0, 0.8265, 0.5922888336181641, 0.535583969116211], [0.0, -0.15447229003906254, -0.3869188232421877, -0.6539337158203127]], "r": [1.1138302335896768, 2.680485385368003, 1.1898873822715754, 5.6592925367909, 0.7894254812597379, 4.61217739591631, 0.5607951945686547]}, "16": {"h": [[-0.0, -0.04699842834472655, -0.04432423400878906, 0.04803323364257813], [0.0, 0.8265, 0.5867730712890625, 0.5088224792480469], [0.0, -0.15533129882812508, -0.37906909179687515, -0.6272489013671876]], "r": [0.8220821755266253, 2.781573640277737, 1.3188131754182644, 5.611251221205847, 1.0773369710697074, 4.4341402285446545, 0.12005198549460533]}, "17": {"h": [[-0.0, -0.04180860900878906, 0.015272735595703121, 0.1962464141845703], [0.0, 0.8265, 0.602540008544922, 0.5354706268310547], [0.0, -0.14659289550781268, -0.3687310791015626, -0.5820660400390625]], "r": [0.7214804752943244, 2.857051681793249, 1.2422387494131402, 5.523363760477895, 1.3100772823539295, 4.481733339964836, -0.5676734612019485]}, "18": {"h": [[-0.0, -0.02205661010742188, 0.06374813842773436, 0.14973889160156245], [0.0, 0.8265, 0.618777099609375, 0.5728984832763672], [0.0, -0.22302032470703131, -0.24514611816406257, -0.4876806030273438]], "r": [0.8787700188233978, 2.970406122896919, 1.1680203352448222, 5.692886427170753, 1.1919737256564582, 4.690519663970366, -1.842571920460542]}}, "id": 11}