{"count": 33, "poses_seq": {"0": {"h": [[-0.0, -0.05983946228027344, -0.2933425140380859, -0.5508176727294922], [0.0, 0.8265, 0.6071581573486329, 0.4635712127685547], [0.0, -0.136787109375, -0.2531545410156251, -0.31126513671875006]], "r": [5.79383143025058, 4.0195264807109545, 2.5722771403330773, 4.101088399944524, 3.6705157577547385, 5.420747939671266, -1.4725554959375655]}, "1": {"h": [[-0.0, -0.06165270233154298, -0.28320809173583983, -0.5350383529663085], [0.0, 0.8265, 0.5919541778564453, 0.43004234313964845], [0.0, -0.13697021484375, -0.24714782714843758, -0.3001462402343749]], "r": [-0.8156947903322593, 4.120424748829075, 2.970659057922633, 4.3399969525413535, -2.361191624342224, 5.406259619137605, -0.19170701455556616]}, "2": {"h": [[-0.0, -0.0625071563720703, -0.2861505889892578, -0.5402292022705079], [0.0, 0.8265, 0.5931772155761719, 0.438075668334961], [0.0, -0.1315860595703125, -0.23866394042968736, -0.2946529541015624]], "r": [-0.6267919786203565, 3.965448359006407, 2.8968666832712127, 4.25006195611504, -2.672191834012015, 5.264049462578104, -2.524736014912007]}, "3": {"h": [[-0.0, -0.04655325317382811, -0.35759564208984373, -0.6532763366699219], [0.0, 0.8265, 0.747606216430664, 0.7436057434082031], [0.0, -0.15327832031250016, -0.23775354003906274, -0.28283251953125027]], "r": [-0.513371557157718, 3.657993531859088, 2.637805739442964, 3.9676126353329013, -2.2826338923952547, 5.195714353453856, -3.79354034555558]}, "4": {"h": [[-0.0, -0.05951939392089843, -0.32713471984863285, -0.5933982696533203], [0.0, 0.8265, 0.6588200073242187, 0.5523980865478516], [0.0, -0.14339624023437497, -0.28170556640624983, -0.3798461914062499]], "r": [-0.8011899860953313, 3.900294872858792, 3.0246116494968693, 4.013261792226607, -2.5478199640685735, 5.264132965087367, 4.482688984712242]}, "5": {"h": [[-0.0, -0.05528851318359375, -0.3070234375, -0.5574607849121094], [0.0, 0.8265, 0.7574328842163087, 0.7819213333129883], [0.0, -0.13929736328125025, -0.32719555664062533, -0.4796765136718753]], "r": [-0.8954266797231201, 3.736746937089519, 2.8907092147483846, 3.6204516458951654, -2.4566450587624225, 5.268413246994349, -0.4931618551528752]}, "6": {"h": [[-0.0, -0.04483458709716796, -0.25185236358642576, -0.44228800201416013], [0.0, 0.8265, 0.8055832195281982, 0.8966183319091797], [0.0, -0.14480004882812497, -0.36384252929687483, -0.5617934570312497]], "r": [-0.854175175547428, 3.567162924597982, 2.6512126230073734, 3.560869302502862, -2.6666202634917693, 5.109101600901162, -0.036264003868591396]}, "7": {"h": [[-0.0, -0.04229180145263671, -0.20950484466552732, -0.34789925384521486], [0.0, 0.8265, 0.7480780258178711, 0.7901747055053712], [0.0, -0.1486683349609373, -0.40003820800781226, -0.6503131103515623]], "r": [-1.2467948054529598, 3.5519332774162558, 2.852813187462945, 3.9495209170576384, -2.4295490597097626, 4.95852803484168, 2.499647015870945]}, "8": {"h": [[-0.0, -0.04556970214843749, -0.13766757202148439, -0.21932357788085938], [0.0, 0.8265, 0.6570224151611328, 0.5759199676513672], [0.0, -0.14668078613281238, -0.4147722167968751, -0.6861951904296875]], "r": [-1.2636870289804025, 3.7115246037688325, 2.6418286691695965, 4.183096897742355, -2.478981427607527, 5.001499723714106, 0.838363288366383]}, "9": {"h": [[-0.0, -0.05854032135009765, -0.1436964645385742, -0.14464461517333985], [0.0, 0.8265, 0.7330355148315431, 0.7524884490966797], [0.0, -0.14985974121093754, -0.4377596435546874, -0.7161011962890624]], "r": [-1.0382378588596655, 3.5617538691374637, 2.280343628842711, 4.0081243870320025, -2.5923579562734744, 4.896125141894306, 2.706043538626175]}, "10": {"h": [[-0.0, -0.062488456726074226, -0.0710342559814453, -0.022073928833007822], [0.0, 0.8265, 0.8611514930725098, 0.9589227447509765], [0.0, -0.14480468750000003, -0.4478206787109374, -0.6755551757812499]], "r": [-1.218637364235365, 3.3706548817979467, 2.1869920686443547, 3.890487107291432, -2.34559976875708, 4.828752335407943, 5.807948947818364]}, "11": {"h": [[-0.0, -0.06789698028564453, -0.0029846267700195314, 0.07657623291015625], [0.0, 0.8265, 0.6933253784179687, 0.6781464233398438], [0.0, -0.16414538574218757, -0.45178710937499994, -0.700272705078125]], "r": [-1.4686682478223159, 3.6495455294201924, 2.2206808253639174, 4.10101627681725, -2.3155780014133267, 5.065373317515845, 0.634853579402999]}, "12": {"h": [[-0.0, -0.06228486633300781, 0.04209115600585938, 0.2033182373046875], [0.0, 0.8265, 0.7063237915039062, 0.6855803985595703], [0.0, -0.1678283691406251, -0.421642578125, -0.6508110351562499]], "r": [-1.4647204069879056, 3.772214686245257, 1.9208217642333556, 3.912876977029767, -2.473569547018298, 5.222602200126687, 0.7800878664120873]}, "13": {"h": [[-0.0, -0.06226832962036133, 0.05753505325317383, 0.26348015213012693], [0.0, 0.8265, 0.783520980834961, 0.8411031837463379], [0.0, -0.1725972900390627, -0.41978063964843765, -0.5915312500000001]], "r": [-1.6288917728582617, 3.714667473699532, 1.655529198230152, 3.536009964488402, -2.250365988802805, 5.3761565460788345, 0.7782227008995435]}, "14": {"h": [[-0.0, -0.06746052551269531, 0.07148486328124999, 0.2783562850952149], [0.0, 0.8265, 0.8623754920959472, 0.9842732543945313], [0.0, -0.18364050292968753, -0.4068616943359376, -0.505158447265625]], "r": [-1.926677851710285, 3.529594671192476, 1.9997418252697892, 3.2222060355211477, -2.269863107367514, 5.358014261448176, 1.0379641735474519]}, "15": {"h": [[-0.0, -0.054338927268981936, 0.13298588275909426, 0.37542072772979734], [0.0, 0.8265, 0.7387664184570313, 0.7415958099365234], [0.0, -0.2038114013671875, -0.39120263671875005, -0.4887496337890625]], "r": [-1.9261814205753, 3.8254753246892417, 1.8870645402030957, 3.5360310168370717, -2.5076471618015046, 5.559813545700203, 1.2310767778922083]}, "16": {"h": [[-0.0, -0.051488914489746095, 0.1237416763305664, 0.3826916732788086], [0.0, 0.8265, 0.786312557220459, 0.854472972869873], [0.0, -0.21239355468750004, -0.37713818359375, -0.40668115234374996]], "r": [-1.8401931103933808, 3.548444926848327, 1.7206237186047741, 3.751808808453073, -2.360477270164989, 5.331322616554952, -1.1067894641287759]}, "17": {"h": [[-0.0, -0.07572602653503417, 0.06758227729797363, 0.29278476905822753], [0.0, 0.8265, 0.8107455024719239, 0.9030194549560547], [0.0, -0.1921373291015625, -0.4159886474609376, -0.5069730224609375]], "r": [-1.496650539402414, 3.444955287905444, 1.827499596584902, 3.7927608891877376, -2.5264993857910434, 5.106632102704819, 1.7048473978124106]}, "18": {"h": [[-0.0, -0.06792849922180175, 0.053441144943237304, 0.25436661338806155], [0.0, 0.8265, 0.7426915664672852, 0.7656566886901855], [0.0, -0.18078833007812506, -0.42319921875000005, -0.5828635253906249]], "r": [-1.390620005607771, 3.8007942918957585, 1.6383824110293477, 3.738404621328309, -2.6653235156026405, 5.2672019695640895, 0.3863696178896492]}, "19": {"h": [[-0.0, -0.07564728546142577, 0.023036285400390627, 0.18806218719482423], [0.0, 0.8265, 0.6869022369384765, 0.6421953277587891], [0.0, -0.15967395019531266, -0.41919042968750003, -0.6305819091796874]], "r": [-1.5339608310908275, 3.763856188530003, 1.9481958924063532, 4.099074008300764, -2.3043848967910865, 5.254829748876351, 0.32825078218510945]}, "20": {"h": [[-0.0, -0.07352197647094727, -0.038697383880615235, 0.07326485061645507], [0.0, 0.8265, 0.7392774734497071, 0.7542835083007813], [0.0, -0.15833984374999993, -0.44026623535156256, -0.6804826660156251]], "r": [-1.1524460950655995, 3.772803562998748, 1.6724430934632333, 3.8206912222008045, -2.4570618895946517, 5.1829380575208726, 0.7789239233171513]}, "21": {"h": [[-0.0, -0.07060679244995116, -0.10670065689086913, -0.042800228118896486], [0.0, 0.8265, 0.8778032150268555, 1.0023059539794923], [0.0, -0.15486523437499972, -0.4487673339843748, -0.6632868652343749]], "r": [-1.0652139045735052, 3.4617688463780905, 1.9049726982478392, 3.639881906154119, -2.386099720821615, 4.965928727221475, 0.3452213443313005]},