{"count": 17, "poses_seq": {"0": {"h": [[-0.0, -0.06902380752563476, 0.015192012786865237, 0.2156166801452637], [0.0, 0.8265, 0.8490767841339111, 1.0178208312988282], [0.0, -0.14646899414062525, -0.3946589355468751, -0.47857165527343765]], "r": [1.9022859359973023, 2.613131173723848, -2.353977479895424, 3.450404580711789, -2.2015117790533605, 5.2854057991882355, -0.322048426785669]}, "1": {"h": [[-0.0, 0.0050421752929687425, -0.027343391418457028, 0.09598354339599609], [0.0, 0.8265, 0.910043342590332, 1.1133593292236328], [0.0, -0.13604638671875008, -0.4034377441406252, -0.5143666992187501]], "r": [2.2595692712935627, 2.593857723636234, -2.5313970735098383, 3.444887332894136, -2.2869256969873937, 5.092069605524264, 0.762440785783049]}, "2": {"h": [[-0.0, -0.048643585205078124, -0.10461355590820313, -0.03452366638183593], [0.0, 0.8265, 0.9064355239868164, 1.1267010040283203], [0.0, -0.13899926757812514, -0.40508862304687493, -0.5272587890625]], "r": [2.44127047739764, 2.241862196689829, -2.9224013964708724, 3.7902661805304376, -2.275788160278026, 4.834173254293235, 0.3679630946806331]}, "3": {"h": [[-0.0, -0.06163233947753906, -0.14980615234375, -0.12157173156738281], [0.0, 0.8265, 0.8911323471069336, 1.1174239959716799], [0.0, -0.13465832519531268, -0.4014943847656252, -0.5244091796875001]], "r": [2.601777181613682, 2.0535224389564304, -2.940070098295558, 4.061672790287246, -2.331378761088318, 4.583427446811332, -1.872079786151523]}, "4": {"h": [[-0.0, -0.057469490051269514, -0.1768288650512695, -0.19086814117431639], [0.0, 0.8265, 0.8786760139465333, 1.1047971801757814], [0.0, -0.13230822753906263, -0.4010798339843749, -0.5331972656249999]], "r": [2.568934730077676, 2.045435773107693, -2.909250860265527, 3.805072967974817, -2.5181323803396407, 4.775859960800857, -4.498675851795229]}, "5": {"h": [[-0.0, -0.05515037536621095, -0.20453178405761718, -0.27782606506347657], [0.0, 0.8265, 0.8575881576538086, 1.0645439605712892], [0.0, -0.13156445312500004, -0.3955899658203124, -0.5481901855468749]], "r": [2.937463586211065, 2.121467474667047, -2.523153141622033, 3.9383621944134806, -2.7089146618698425, 4.628882912232186, 4.668113549521882]}, "6": {"h": [[-0.0, -0.03982082366943358, -0.20540819549560546, -0.3599851608276367], [0.0, 0.8265, 0.7474579315185548, 0.8947552337646485], [0.0, -0.1323352050781253, -0.38050305175781257, -0.5688192138671875]], "r": [2.962553116725226, 1.9990365491245459, -2.6071191965152396, 4.0818223603883235, -2.335464554531041, 4.847712626822684, -0.26551037184383797]}, "7": {"h": [[-0.0, -0.05798392486572265, -0.186679328918457, -0.3593295669555664], [0.0, 0.8265, 0.6338999328613282, 0.6121357879638671], [0.0, -0.1409271240234376, -0.35741198730468754, -0.5925876464843749]], "r": [2.7669258993935673, 1.6457301845056793, -2.35910732486753, 3.9716847700264513, -2.6677232675528835, 5.1811336098040615, -0.6315708678308314]}, "8": {"h": [[-0.0, -0.054821342468261716, -0.13469246673583984, -0.2350438461303711], [0.0, 0.8265, 0.5871304473876954, 0.4722664489746094], [0.0, -0.14014099121093776, -0.3499107666015627, -0.6035115966796876]], "r": [2.653175888450606, 1.772878866879665, -2.180486112431001, 4.341812904244739, -2.2985686499820233, 5.250240921064856, -0.49411743761392285]}, "9": {"h": [[-0.0, -0.04987481689453124, -0.08077224731445312, -0.09436863708496093], [0.0, 0.8265, 0.5748060455322266, 0.42830458068847654], [0.0, -0.13718713378906272, -0.35197949218749996, -0.6080242919921874]], "r": [2.5317666212969527, 1.672535947829452, -2.336155446144098, 4.712895247618419, -2.110422748390134, 5.138753310809204, -2.075604319803903]}, "10": {"h": [[-0.0, -0.047973526000976555, -0.07447581481933595, -0.07738214111328125], [0.0, 0.8265, 0.5722639923095703, 0.4230653533935547], [0.0, -0.1351374511718751, -0.3553957519531253, -0.6112213134765627]], "r": [2.451121425681279, 1.6189689361999744, -2.3629481780259076, 4.629709848027122, -2.145414917367287, 5.2215937134255945, -4.369043972254173]}, "11": {"h": [[-0.0, -0.05139171600341798, -0.06093534088134765, -0.04507988739013673], [0.0, 0.8265, 0.5781158142089844, 0.4312747344970703], [0.0, -0.1372744140624998, -0.34931884765624993, -0.6041795654296873]], "r": [2.337323526295377, 1.4976306747090897, -2.5405148769939814, 4.5692614215960266, -2.1644358159638677, 5.311074207722799, 4.468065154392339]}, "12": {"h": [[-0.0, -0.054145797729492184, -0.055846817016601547, 0.018837982177734372], [0.0, 0.8265, 0.5783182678222657, 0.4290595703125], [0.0, -0.1404880371093749, -0.3521693115234375, -0.5949144287109374]], "r": [2.109921581862816, 1.7074035422726932, -2.338469517669245, 4.590487693977085, -2.0744918387924454, 5.510185885776719, -4.388382897694389]}, "13": {"h": [[-0.0, -0.05354456329345704, 0.01689068603515624, 0.22702502441406247], [0.0, 0.8265, 0.5964309387207032, 0.48024942016601563], [0.0, -0.13460314941406254, -0.35978039550781254, -0.5295576171875]], "r": [1.8590262429233453, 1.630115593797017, -2.4740476343324547, 4.543974750277592, -2.265518666146999, 5.348851108212621, 0.32108000916720203]}, "14": {"h": [[-0.0, -0.057945648193359386, 0.03633686828613281, 0.2951465301513672], [0.0, 0.8265, 0.6306993103027344, 0.5494714660644531], [0.0, -0.13541125488281242, -0.3560992431640622, -0.45886511230468724]], "r": [1.5175274987730243, 1.9996554673774813, -2.1430436986958363, 4.443873417334404, -2.2628599953946695, 5.613014389121604, 0.752879563302238]}, "15": {"h": [[-0.0, -0.059065040588378914, 0.056743621826171875, 0.34267420196533205], [0.0, 0.8265, 0.6894098510742187, 0.6754071197509766], [0.0, -0.14697375488281256, -0.36104138183593754, -0.3791141357421877]], "r": [1.5864274565380174, 2.232335673349393, -2.501665158575606, 4.737757357056275, -1.972355249344733, 5.408339475778268, -2.315713420682514]}, "16": {"h": [[-0.0, -0.0727448501586914, 0.059591178894042966, 0.31698280334472656], [0.0, 0.8265, 0.7980368041992187, 0.8808933563232422], [0.0, -0.1449425048828124, -0.3555915527343752, -0.32254113769531273]], "r": [1.755115333521425, 2.468802106503343, -2.8007823583995886, 4.678275687770537, -1.6605855791071171, 5.3257395540193135, -1.953323681788495]}}, "id": 2}