{"count": 7, "poses_seq": {"0": {"h": [[-0.0, -0.05796101379394531, -0.06406947326660156, 0.059081428527832026], [0.0, 0.8265, 1.0773557586669922, 1.2970384216308595], [0.0, -0.17267968750000012, -0.339298583984375, -0.42819262695312493]], "r": [2.070426953468213, 2.765657953205171, -0.03818717108952199, 2.52208244744112, -0.8938660260941143, 1.1854053176414083, 2.3597420444774744]}, "1": {"h": [[-0.0, -0.05756679534912109, -0.08699838256835937, -0.02237535858154297], [0.0, 0.8265, 1.0851507415771484, 1.339906234741211], [0.0, -0.16769580078125018, -0.3347813720703124, -0.4298369140625001]], "r": [2.2318069718972318, 2.774413625527721, -0.08756634896869223, 2.514735824458303, -0.8066665243115105, 1.219223967898112, 1.1872823538402966]}, "2": {"h": [[-0.0, -0.05889878845214844, -0.11223480224609374, -0.08395704650878906], [0.0, 0.8265, 1.0779369354248047, 1.3425841522216797], [0.0, -0.16150122070312506, -0.32583947753906256, -0.4307438964843751]], "r": [2.282703949560769, 2.5479154784186533, -0.47895726866144694, 2.38301238014139, -0.9708284837406815, 1.2922484926667654, -0.3749401536067116]}, "3": {"h": [[-0.0, -0.05987324523925781, -0.13920365142822264, -0.16154044342041016], [0.0, 0.8265, 1.0787542572021485, 1.3487352752685546], [0.0, -0.15909643554687497, -0.32223950195312506, -0.43175390625000004]], "r": [2.210491365363882, 2.272082772041756, -0.5694871774900345, 2.119481770016107, -1.2043796241227733, 1.5140138434297041, -0.48135918947336054]}, "4": {"h": [[-0.0, -0.061217636108398435, -0.16900460815429685, -0.23585807800292968], [0.0, 0.8265, 1.0697530364990233, 1.3299102783203125], [0.0, -0.1582916259765626, -0.318353759765625, -0.4303753662109376]], "r": [2.2657100416145606, 2.190525469594547, -0.6717000606397902, 2.3032274206870436, -1.482763115694174, 1.5589146474479825, 0.030632765949196297]}, "5": {"h": [[-0.0, -0.05804672241210938, -0.21427487945556645, -0.35996933746337895], [0.0, 0.8265, 1.0411924133300783, 1.2660127868652344], [0.0, -0.17038562011718766, -0.3234705810546877, -0.4386359863281251]], "r": [2.425521209196742, 2.0614584597171284, -0.6284174482586825, 2.370350996790217, -1.6780308721182207, 1.5716422523166507, -0.5043461320116879]}, "6": {"h": [[-0.0, -0.048789550781249996, -0.26409817504882815, -0.4861874084472656], [0.0, 0.8265, 0.9996930236816407, 1.1631561584472658], [0.0, -0.16690209960937513, -0.31593750000000004, -0.41226965332031257]], "r": [2.428757514599467, 1.8668228689955513, -0.7550975692531466, 2.2673248250370883, -1.781744988558831, 1.5516539673898109, -0.9030120222912069]}}, "id": 73}