{"count": 28, "poses_seq": {"0": {"h": [[-0.0, -0.05916471099853515, -0.19355004119873045, -0.08970929718017578], [0.0, 0.8265, 0.6213463287353516, 0.621884994506836], [0.0, -0.181044189453125, -0.27219653320312515, -0.5299614257812502]], "r": [-0.9753919326809554, 3.5203680215508446, 0.4138603864525802, 0.7893223151156268, -1.6893534801706973, 5.096354688173868, -2.5936572942084477]}, "1": {"h": [[-0.0, -0.050174873352050786, -0.16085610198974612, 0.01710639190673828], [0.0, 0.8265, 0.6341071014404297, 0.653290267944336], [0.0, -0.176730224609375, -0.31848522949218766, -0.5033721923828127]], "r": [-0.998639777524924, 3.7184773314259965, 0.051881201035780325, 0.7024486498425899, -1.8011942029760037, 5.36634209393679, -1.7991441425074508]}, "2": {"h": [[-0.0, -0.04457472991943359, -0.09220449066162109, 0.1350798416137695], [0.0, 0.8265, 0.6575911712646485, 0.7023346405029297], [0.0, -0.17200268554687465, -0.37435766601562476, -0.49047851562499983]], "r": [-1.245357768363519, 3.678588656573105, -0.10405310439004689, 0.6222601230064922, -2.079680213392433, 5.4010456218724645, 0.8788839633467724]}, "3": {"h": [[-0.0, -0.060008159637451174, -0.030586452484130854, 0.20900741958618163], [0.0, 0.8265, 0.7921087608337403, 0.8660773506164552], [0.0, -0.19145751953125006, -0.42703442382812523, -0.48445068359375015]], "r": [-1.177617112532366, 3.304421622821635, -0.2656913318641547, 0.9410288742767927, -2.20499552035391, 5.024951744197845, 3.358187851769605]}, "4": {"h": [[-0.0, -0.04760502243041992, 0.002875953674316402, 0.2065540428161621], [0.0, 0.8265, 0.9226312255859375, 1.0140402984619141], [0.0, -0.1880251464843748, -0.4539160156249998, -0.5842248535156249]], "r": [-1.375004386793896, 3.361737856295625, -0.23776429749213987, 1.182858557756142, -2.550815513820423, 4.929473126572798, 0.004854851368460145]}, "5": {"h": [[-0.0, -0.04314352416992187, -0.02381024932861328, 0.11883802032470703], [0.0, 0.8265, 0.9682023162841797, 1.0724755859375], [0.0, -0.20405090332031267, -0.46274462890625007, -0.6508186035156251]], "r": [-1.2475183024776677, 3.581253675004433, -0.4027575317519857, 1.492644241404863, -2.581190346476338, 5.048491349394847, 2.2955451953513144]}, "6": {"h": [[-0.0, -0.05529172134399415, -0.09172532272338868, -0.026682445526123054], [0.0, 0.8265, 1.0078232421875, 1.1159591369628905], [0.0, -0.22518774414062476, -0.4657193603515624, -0.6908077392578122]], "r": [-1.1838000707474055, 3.752507863763548, -0.7005928114970426, 1.7019630060163027, -2.8758874687306553, 5.135977634689575, 3.948774405826041]}, "7": {"h": [[-0.0, -0.050533721923828115, -0.23744966125488282, -0.10636770629882812], [0.0, 0.8265, 0.8905199508666992, 1.0044256896972656], [0.0, -0.15749536132812497, -0.31413146972656253, -0.5004155273437498]], "r": [-0.9615930309990324, 3.8778158404403325, -1.0881361769259723, 1.660251120519123, -2.537993079850993, 5.516345540407152, -4.6551573613026935]}, "8": {"h": [[-0.0, -0.050854667663574216, -0.225210090637207, -0.027870292663574214], [0.0, 0.8265, 0.8784819030761719, 0.9857586975097656], [0.0, -0.15313525390624988, -0.3102218017578125, -0.43682983398437486]], "r": [-0.8931309180123495, 3.7464447420711373, -0.8217706397237889, 1.621652916318275, -2.1940906688918482, 5.545383285275674, -1.3727893448812396]}, "9": {"h": [[-0.0, -0.047889305114746095, -0.13631789398193359, 0.11188617706298828], [0.0, 0.8265, 0.9046597595214844, 0.9796629638671874], [0.0, -0.13414379882812494, -0.3290920410156251, -0.38026904296875014]], "r": [-1.2740005249820225, 3.8980318411884287, -1.148536579606475, 1.9216568690680786, -1.8380182436965669, 5.5300631778868015, -4.48359680907473]}, "10": {"h": [[-0.0, -0.052824413299560544, -0.0287222785949707, 0.16954851913452149], [0.0, 0.8265, 1.0159267120361328, 1.1253951873779298], [0.0, -0.1786442871093748, -0.3919113769531249, -0.5184897460937499]], "r": [-1.2935464316271053, 3.902105024626488, -1.1663218728263827, 1.8443609766688798, -2.1992689063107487, 5.174975426712854, 1.3963183683731528]}, "11": {"h": [[-0.0, -0.05264289855957031, -0.062307075500488286, 0.060077316284179685], [0.0, 0.8265, 1.0192764892578126, 1.1514339904785156], [0.0, -0.18048632812499982, -0.4159124755859374, -0.6051328125]], "r": [-1.225027299910672, 3.805121845710611, -0.7961269147813322, 1.9004483690803435, -2.5285703362326393, 5.201653333459409, 1.3091232283384546]}, "12": {"h": [[-0.0, -0.058700660705566406, -0.11690982818603515, -0.07725305938720703], [0.0, 0.8265, 1.012458984375, 1.1532642211914061], [0.0, -0.17673364257812502, -0.42135937500000004, -0.63987060546875]], "r": [-1.2433133782012602, 3.8057273895446206, -0.5198149672866594, 2.0096436753624105, -2.876617163043107, 5.259050879814144, 0.37066204557598104]}, "13": {"h": [[-0.0, -0.05987815093994141, -0.20078388977050782, -0.23033970642089846], [0.0, 0.8265, 0.9915697784423829, 1.1450023040771484], [0.0, -0.17543103027343748, -0.38922314453125, -0.6181824951171875]], "r": [-0.8820537772164003, 3.6649414457762686, -0.25382768977149067, 1.7787089767926296, -2.6844179838588857, 5.156450314538685, -1.638758433854073]}, "14": {"h": [[-0.0, -0.05166127777099609, -0.27878040313720703, -0.24013440704345707], [0.0, 0.8265, 0.8832380981445312, 1.0453740997314453], [0.0, -0.17084729003906213, -0.3062650146484374, -0.5103704833984373]], "r": [-0.8424344841157027, 3.8873721743983936, -0.5911570486656357, 2.0782005620912565, -2.5456170428633227, 5.4833330603706685, -1.3353186799687062]}, "15": {"h": [[-0.0, -0.04813874816894531, -0.2647288055419922, -0.16288627624511717], [0.0, 0.8265, 0.8746510696411133, 1.0370545806884766], [0.0, -0.16670373535156263, -0.29626843261718744, -0.4714351806640625]], "r": [-0.7656194417239375, 3.596224181668587, -0.20553433031512391, 1.7104594065776484, -2.378108807428407, 5.452614570648797, -2.859747265156633]}, "16": {"h": [[-0.0, -0.047825080871582035, -0.23750739288330075, -0.06791715240478517], [0.0, 0.8265, 0.8709900283813476, 1.0272814483642578], [0.0, -0.16218420410156248, -0.29901159667968763, -0.4190518798828125]], "r": [-1.115080088974126, 3.537492379900183, -0.1308853743392943, 1.5743008324280574, -2.707162581076678, 5.6243217274304325, 0.22025088314698538]}, "17": {"h": [[-0.0, -0.04354920959472655, -0.191654052734375, 0.025319366455078124], [0.0, 0.8265, 0.8826897773742677, 1.015786651611328], [0.0, -0.16657019042968751, -0.3276837158203126, -0.39047326660156273]], "r": [-1.3160638482792857, 3.5096381193652046, -0.2350208372800087, 1.4989226620026088, -2.7522749029095572, 5.672090078975838, -0.9780471762537202]}, "18": {"h": [[-0.0, -0.017820808410644526, -0.0929061737060547, 0.15802493286132813], [0.0, 0.8265, 0.9035318145751954, 1.0009781799316406], [0.0, -0.10750231933593729, -0.3270583496093749, -0.3188658447265625]], "r": [-1.6369109661651204, 3.3423629719462538, -0.005875367654666109, 1.1795800728338404, -2.5597394535942497, 5.627173573945869, 1.8660670727461162]}, "19": {"h": [[-0.0, -0.05609733963012695, 0.008007671356201174, 0.23909594345092774], [0.0, 0.8265, 1.008282928466797, 1.1106825103759765], [0.0, -0.1729696044921874, -0.35388024902343745, -0.42403259277343747]], "r": [-1.6907327837255401, 3.3667791448051596, -0.23886706880042613, 1.339351899629637, -2.815586504440429, 5.2367444380037815, 2.622010574053775]}, "20": {"h": [[-0.0, -0.04249366760253906, 0.006932296752929688, 0.1961090316772461], [0.0, 0.8265, 1.029639465332031, 1.158604751586914], [0.0, -0.18998669433593746, -0.3940968017578124, -0.5171854248046874]], "r": [-1.5143993247436718, 3.44153934524976, -0.43916281170563454, 1.4557782541695854, -2.90430015614557, 5.125189705959832, -0.24802352707039965]}, "21": {"h": [[-0.0, -0.036482006072998036, -0.02599729537963867, 0.09925921249389649], [0.0, 0.8265, 1.0479670715332032, 1.205712203979492], [0.0, -0.195237060546875, -0.4098315429687501, -0.5874527587890626]], "r": [-1.2087557937794644, 3.280922979281786, -0.4891389134718011, 1.3545176852564418, -2.96475381815341, 4.788092296049354, -1.1705518391741423]},