{"count": 28, "poses_seq": {"0": {"h": [[-0.0, -0.0609298400878906, -0.14795379638671874, 0.08680433654785158], [0.0, 0.8265, 0.7099610214233398, 0.7408202228546142], [0.0, -0.24577734375, -0.44242309570312505, -0.6234029541015627]], "r": [1.0096477861976945, 0.9315162108058962, -0.18594928124772658, 1.453155557454273, -0.4583464923543723, 3.989808939208453, 0.42043187974462404]}, "1": {"h": [[-0.0, -0.055975738525390645, -0.13521585083007812, 0.15236407470703123], [0.0, 0.8265, 0.7009952926635742, 0.7630297813415527], [0.0, -0.23988244628906258, -0.42881243896484383, -0.5031178588867187]], "r": [0.6682218891767048, 0.9523955410071858, -0.33778505352178617, 1.2471067063354753, -0.3683650088555304, 3.8447479147915735, 1.5867751100027323]}, "2": {"h": [[-0.0, -0.04382112121582031, -0.0940581512451172, 0.050455886840820315], [0.0, 0.8265, 0.748734130859375, 0.8973793334960938], [0.0, -0.1119976806640624, -0.3338740234375, -0.41004772949218743]], "r": [1.0346320061317953, 1.3421846102466366, 0.04079693104232812, 1.417588501865202, -0.7366500455524854, 4.007624857443844, 0.8347608715704468]}, "3": {"h": [[-0.0, -0.057698883056640615, -0.12111805725097655, 0.0029751052856445415], [0.0, 0.8265, 0.7810421295166016, 1.0341566467285157], [0.0, -0.13011340332031246, -0.3407934570312499, -0.4601376953124999]], "r": [1.4044175197842794, 1.4486609203160588, 0.18645327096162048, 1.5736692409364614, -0.7543400274563653, 3.9897317399629557, 0.03262733065562885]}, "4": {"h": [[-0.0, -0.05419660949707031, -0.15415692138671877, -0.08393112182617188], [0.0, 0.8265, 0.744841682434082, 1.0204266815185548], [0.0, -0.12085070800781234, -0.30328149414062505, -0.45161535644531253]], "r": [1.318915746022695, 1.5760806552320474, 0.055248590875337816, 1.7507252824759327, -0.6830048587087917, 4.305490466265093, 1.3507539668869493]}, "5": {"h": [[-0.0, -0.05502023315429688, -0.1632174072265625, -0.145858642578125], [0.0, 0.8265, 0.7433443832397462, 1.0261894073486328], [0.0, -0.12280065917968735, -0.30507275390624994, -0.4607918701171874]], "r": [1.3661997779456587, 1.7329835698711793, -0.006566719805447575, 2.021426416905685, -0.631669753794565, 4.5970750793567, 3.0141632734398343]}, "6": {"h": [[-0.0, -0.04842124938964844, -0.18332116699218748, -0.22800546264648436], [0.0, 0.8265, 0.7532023620605468, 1.0200868835449217], [0.0, -0.12312609863281249, -0.29782104492187483, -0.4546273193359374]], "r": [1.2529618533026072, 2.056628442227445, -0.24538964735416016, 2.286213968560629, -0.710606805939292, 4.869087153707844, 1.9121175850546208]}, "7": {"h": [[-0.0, -0.03862631988525389, -0.21338188934326172, -0.3305240707397461], [0.0, 0.8265, 0.7559559860229492, 0.970222381591797], [0.0, -0.13950183105468766, -0.28831628417968763, -0.4511226806640625]], "r": [1.2850124860647751, 2.128111851390568, -0.3923251532916023, 2.1752692815288572, -0.8494462053141212, 4.8098942248609555, 4.490779923759756]}, "8": {"h": [[-0.0, -0.035349227905273437, -0.2064629364013672, -0.39209095764160157], [0.0, 0.8265, 0.6777383575439453, 0.7101006469726563], [0.0, -0.15866931152343772, -0.25874536132812526, -0.4789006347656251]], "r": [1.321475172174675, 1.7408302934557938, -0.6349965744739894, 1.8434647327103573, -0.68123465478497, 4.687926179250641, -0.9147023486555268]}, "9": {"h": [[-0.0, -0.03422640228271484, -0.16700934600830078, -0.30380200958251957], [0.0, 0.8265, 0.6431817474365235, 0.5642299041748047], [0.0, -0.1499605712890622, -0.23521032714843743, -0.4999970703124999]], "r": [1.2521636365449893, 1.7276306070660494, -0.5549431367575876, 1.5936129623091597, -1.025253890297018, 5.010914295463491, 0.7883337300010969]}, "10": {"h": [[-0.0, -0.046322013854980484, -0.11634122467041015, -0.1304579544067383], [0.0, 0.8265, 0.5731419372558594, 0.44061625671386717], [0.0, -0.1316914062499997, -0.3322104492187499, -0.5969078369140624]], "r": [0.8751574288585634, 1.7142027873671135, -0.860175094133174, 1.50606028000139, -0.9770966163632733, 4.947394336060115, 1.2480900229468652]}, "11": {"h": [[-0.0, -0.047429771423339845, -0.09804363250732423, -0.08338858795166015], [0.0, 0.8265, 0.5706519165039062, 0.4304510955810547], [0.0, -0.12994177246093735, -0.3351820068359373, -0.5949147949218747]], "r": [0.9859997043254304, 1.4824179016858616, -0.7156062625330522, 1.8049176991622973, -0.8165111997630039, 5.249398698293822, 1.2075663460989567]}, "12": {"h": [[-0.0, -0.05262040710449217, -0.04725724792480468, 0.08672499084472657], [0.0, 0.8265, 0.5871519622802734, 0.4595389556884765], [0.0, -0.1350428466796874, -0.3511055908203125, -0.5776802978515625]], "r": [0.7005393470694847, 1.2433012008108213, -0.6097370911690777, 1.8413438062767902, -0.5712842176976176, 5.106172869204692, -0.3790181670718834]}, "13": {"h": [[-0.0, -0.05169216156005858, -0.01827307891845703, 0.1775663833618164], [0.0, 0.8265, 0.5976690063476563, 0.49442364501953123], [0.0, -0.12167431640624998, -0.3448375244140625, -0.5368188476562501]], "r": [0.37008558938482355, 1.1155144737094846, -0.7837559215025408, 1.673077710993883, -0.33147505621506584, 4.752333961672821, -2.2932603547680706]}, "14": {"h": [[-0.0, -0.054851570129394525, 0.006623237609863289, 0.2526540298461914], [0.0, 0.8265, 0.6258491516113281, 0.5589500885009766], [0.0, -0.1289320068359377, -0.3506081542968749, -0.4903758544921875]], "r": [0.4871594413506839, 1.2298557038687028, -0.7375381263715007, 1.9314038846024464, -0.04997324401578551, 5.042269066009483, -0.44932551812168964]}, "15": {"h": [[-0.0, -0.05723278045654295, 0.054680557250976564, 0.32395042419433595], [0.0, 0.8265, 0.704168327331543, 0.7260767745971679], [0.0, -0.1439765625000003, -0.3826562500000002, -0.46387646484375017]], "r": [0.27231816869795455, 1.4390652055309552, -0.5315877607511037, 1.9199040940070622, -0.2750524627959231, 4.796683367543569, -0.8014796506223969]}, "16": {"h": [[-0.0, -0.07145367050170898, 0.028326114654541018, 0.2542765235900879], [0.0, 0.8265, 0.838821258544922, 0.9839470977783203], [0.0, -0.14814501953124998, -0.39155358886718755, -0.4682391357421876]], "r": [0.4312271157469364, 1.7723721475081684, -0.5768278519856412, 2.1761242767600937, 0.0497442760088791, 4.637666013272628, -0.005313141078749001]}, "17": {"h": [[-0.0, 0.028776954650878907, 0.0004382171630859383, 0.15498439025878907], [0.0, 0.8265, 0.8735271759033203, 1.0671320343017578], [0.0, -0.14160864257812472, -0.4016738281249999, -0.5056856689453124]], "r": [0.5484270517118733, 1.8976703567524718, -0.5924890359233831, 2.2221916765758847, 0.03729065487394268, 4.501954396287764, -0.49077318988903085]}, "18": {"h": [[-0.0, -0.0017806091308593813, -0.06675235748291017, 0.025031929016113286], [0.0, 0.8265, 0.9276018447875977, 1.1433715972900391], [0.0, -0.13953991699218765, -0.4000196533203125, -0.5160120849609375]], "r": [0.3205799781684504, 2.1584509686950524, -0.8876101349340406, 1.9782199684693638, 0.3964084351685866, 4.112092676765546, -3.131799522571335]}, "19": {"h": [[-0.0, -0.06214059448242186, -0.14394537353515624, -0.10639889526367187], [0.0, 0.8265, 0.8933624801635742, 1.1204740905761719], [0.0, -0.13467858886718737, -0.4041680908203125, -0.5229858398437499]], "r": [0.23649204270223087, 2.308570022404072, -0.803131043135355, 1.8116231386120494, 0.09916055346250839, 3.8775726957250995, 4.754703214240171]}, "20": {"h": [[-0.0, -0.05996888732910155, -0.17144200134277346, -0.17384584045410154], [0.0, 0.8265, 0.8874469680786132, 1.112749740600586], [0.0, -0.1329566650390624, -0.40367895507812507, -0.5353363037109375]], "r": [-0.07913491842158825, 2.5298144573177597, -0.7370082548972848, 1.6232195171749164, 0.1677811954606778, 3.5797812249797074, 1.586625257567992]}, "21": {"h": [[-0.0, -0.058033409118652346, -0.20024877166748048, -0.251170768737793], [0.0, 0.8265, 0.8692082595825196, 1.0839976654052734], [0.0, -0.13051123046874996, -0.39769189453125003, -0.542751708984375]], "r": [0.14540420593189893, 2.537846881439891, -0.7520941152296122, 1.6738006826517933, -0.20746228670509714, 3.696043939434501, -0.7260481774772989]},