{"count": 26, "poses_seq": {"0": {"h": [[-0.0, -0.0481209487915039, -0.15274604034423828, -0.03126674652099609], [0.0, 0.8265, 0.6029768371582032, 0.7228678512573242], [0.0, -0.15947644042968784, -0.19531958007812494, -0.39133227539062504]], "r": [-0.724795886071302, 5.065632695881568, 0.8703567705499996, 4.947101595066579, -0.5019221022024223, 1.9613977440170574, 1.0856996851436997]}, "1": {"h": [[-0.0, -0.04315861511230469, -0.11773545837402345, 0.07776197814941406], [0.0, 0.8265, 0.6357043151855468, 0.7517074508666992], [0.0, -0.16207080078124997, -0.29525390625, -0.420485107421875]], "r": [-0.762142126766909, 4.815207454597791, 1.1853228191997922, 4.98469906255716, -0.8393968771564565, 1.9607980938580827, 0.6465129675004148]}, "2": {"h": [[-0.0, -0.0493745574951172, -0.014471343994140615, 0.22177469635009767], [0.0, 0.8265, 0.6954019927978516, 0.7816100463867188], [0.0, -0.16433850097656238, -0.374607421875, -0.43325146484375004]], "r": [-0.962419798741344, 4.693733831897203, 1.3278338098210989, 5.094475009785317, -1.216043161619018, 2.063281997012781, 0.6714398891917958]}, "3": {"h": [[-0.0, -0.0781251449584961, -0.07559664154052734, 0.13378928375244142], [0.0, 0.8265, 0.7261374359130859, 0.8019139251708984], [0.0, -0.1562083740234373, -0.37981750488281235, -0.5072137451171874]], "r": [-0.9858181570501521, 4.857925970148966, 1.0742462829348414, 4.845467944644075, -0.8814591506516756, 2.0855203431490605, -0.5393032082690401]}, "4": {"h": [[-0.0, -0.06352029418945312, -0.13431373596191407, 0.01733427429199219], [0.0, 0.8265, 0.63743310546875, 0.7544032897949219], [0.0, -0.13914868164062516, -0.2869257812500002, -0.4551300048828127]], "r": [-0.6497090766974969, 4.89495715164035, 0.9796713172638946, 4.8893127030647205, -0.517273303550537, 2.094674193653886, 0.04183250459757969]}, "5": {"h": [[-0.0, -0.06197772216796876, -0.14280355834960937, -0.08297833251953124], [0.0, 0.8265, 0.5983732452392578, 0.7250716934204102], [0.0, -0.14808703613281243, -0.18878723144531256, -0.4013140869140624]], "r": [-0.814450010360272, 5.070830359484324, 0.9883870619552073, 5.004548023629746, -0.8957738457442288, 1.8258747243766618, 0.5021092061923936]}, "6": {"h": [[-0.0, -0.052536399841308576, -0.1968776168823242, -0.2432571029663086], [0.0, 0.8265, 0.6402400512695312, 0.7542847061157226], [0.0, -0.14364404296875027, -0.22956079101562504, -0.453143310546875]], "r": [-0.48890534565136406, 4.916820683237393, 1.1953430260105964, 4.91639329893314, -1.2089001143018485, 1.6981964947634256, -0.3200638049684011]}, "7": {"h": [[-0.0, -0.05734542846679688, -0.27765126037597654, -0.42796879577636715], [0.0, 0.8265, 0.6980361785888672, 0.8066716995239258], [0.0, -0.14359118652343766, -0.28231311035156265, -0.46185461425781266]], "r": [-0.47272270919038933, 4.958718988461243, 0.9771991154929104, 4.686472878545719, -1.2381751898923576, 1.6990432318901647, -2.2530690211935154]}, "8": {"h": [[-0.0, -0.056038787841796875, -0.3274461059570313, -0.5732264099121094], [0.0, 0.8265, 0.7743850288391113, 0.8342571449279785], [0.0, -0.1474438476562499, -0.31267126464843736, -0.43880358886718734]], "r": [-0.44945892137717747, 5.079502955900092, 0.768235665296593, 4.81821889875822, -1.4744423611414597, 1.898183966655878, 0.3220034925257145]}, "9": {"h": [[-0.0, -0.05041294860839844, -0.2650768280029297, -0.44220423889160154], [0.0, 0.8265, 0.6675889129638672, 0.7840452041625976], [0.0, -0.16018652343749978, -0.2214479980468747, -0.4156694335937499]], "r": [-0.7106905613886564, 4.9996404038033955, 0.7529080278508593, 4.831363273821359, -1.403806732839165, 1.5327136743362344, 1.9889727932897654]}, "10": {"h": [[-0.0, -0.03899771118164061, -0.17564903259277345, -0.2387833709716797], [0.0, 0.8265, 0.6338314361572266, 0.7447364349365235], [0.0, -0.16164428710937467, -0.1769211425781248, -0.4017794189453124]], "r": [-0.9249106632520595, 4.903333898366163, 0.7803184130237028, 4.6629927548474015, -1.0048736607917852, 1.3651708153409141, 3.4809100512030513]}, "11": {"h": [[-0.0, -0.04100969696044923, -0.28175519561767576, -0.431095832824707], [0.0, 0.8265, 0.6957735443115234, 0.8394106140136719], [0.0, -0.1622955322265625, -0.24451794433593782, -0.4068518066406253]], "r": [-0.5331645937152986, 4.934367485913059, 0.7729202096060125, 4.545886928829188, -1.0130453471573448, 1.6590616137149352, -1.8198865222529717]}, "12": {"h": [[-0.0, -0.03707679748535156, -0.32334075927734374, -0.5775172119140625], [0.0, 0.8265, 0.784155948638916, 0.8527610511779786], [0.0, -0.1526203613281248, -0.2891604003906248, -0.4042080078124997]], "r": [-0.6093665495447451, 5.057714606212116, 0.5520863486754441, 4.696888280870315, -1.2980896824281845, 1.8447461094531588, -0.07828094856030593]}, "13": {"h": [[-0.0, -0.03588641357421876, -0.24979113769531253, -0.4193051147460937], [0.0, 0.8265, 0.6663524017333984, 0.8051909484863281], [0.0, -0.15909289550781242, -0.23466625976562466, -0.4177946777343749]], "r": [-0.8459113505982043, 4.932047640139191, 0.6000500807648254, 4.60332201275437, -1.180698812665542, 1.4679976149932532, -1.1994520564304927]}, "14": {"h": [[-0.0, -0.035359680175781255, -0.1924762725830078, -0.27154533386230467], [0.0, 0.8265, 0.6334761505126953, 0.7723963928222657], [0.0, -0.15646850585937494, -0.20135595703125003, -0.41337854003906266]], "r": [-1.2377583357783162, 4.681263780973979, 0.33315904098718163, 4.288117766436353, -0.9046210989449162, 1.0800229253867897, -4.2941812670443245]}, "15": {"h": [[-0.0, -0.03557984161376952, -0.1491356582641602, -0.16420023345947266], [0.0, 0.8265, 0.6232467956542969, 0.7675307006835937], [0.0, -0.15613854980468728, -0.20679687500000005, -0.4151873779296876]], "r": [-0.967877161383225, 4.762780037231434, 0.5951123422787636, 4.282342315769458, -0.5086266737892697, 1.2430270517265398, 4.490433674916628]}, "16": {"h": [[-0.0, -0.04181410217285156, -0.20242646789550783, -0.2725015411376953], [0.0, 0.8265, 0.8039166812896729, 0.8963281173706055], [0.0, -0.15783532714843745, -0.42343957519531245, -0.6572163085937499]], "r": [-1.0752634020861296, 4.731214413365401, 0.6924891343091129, 3.927812220556723, -0.8725048860844108, 1.4085487104982595, -1.0744858016959782]}, "17": {"h": [[-0.0, -0.05000631713867186, -0.21275425720214847, -0.2109426727294922], [0.0, 0.8265, 0.7431604843139649, 0.8543870239257813], [0.0, -0.15115234375000003, -0.37728942871093724, -0.6049245605468747]], "r": [-1.1721608329682718, 4.692975017681436, 0.6362825584074303, 3.8726087365641493, -0.8077520806138073, 1.2347747217443117, -1.8228827676825823]}, "18": {"h": [[-0.0, -0.04895541381835938, -0.28878791809082033, -0.5497719879150391], [0.0, 0.8265, 0.7824980430603028, 0.7960968818664551], [0.0, -0.16360546874999998, -0.36233398437500003, -0.50311181640625]], "r": [-1.0346588195465418, 4.680656496951665, 0.31354290527229245, 3.88739769262557, -1.1722883445631198, 1.1119321022918685, -0.9826201133028315]}, "19": {"h": [[-0.0, -0.051136970520019545, -0.24844811248779297, -0.4535491256713867], [0.0, 0.8265, 0.7734111137390137, 0.8207028846740723], [0.0, -0.16548254394531253, -0.39571643066406265, -0.5971713867187503]], "r": [-1.3162764007557364, 4.51309621195989, 0.03445856559222063, 3.7763486704823057, -1.218049799493629, 1.0952293760614098, -1.246863040892907]}, "20": {"h": [[-0.0, -0.05596099090576173, -0.2126906509399414, -0.34703244781494136], [0.0, 0.8265, 0.7754794006347656, 0.8246186180114746], [0.0, -0.17378662109374982, -0.422607177734375, -0.6734151611328123]], "r": [-1.5671358135358158, 4.387684501697701, -0.1233067213761161, 3.8012568679479433, -1.3610467725331035, 1.101685358223314, 1.0729284941498736]}, "21": {"h": [[-0.0, -0.05569479370117188, -0.17647644042968752, -0.23888333129882816], [0.0, 0.8265, 0.7611417617797851, 0.77681148147583], [0.0, -0.1669320068359375, -0.4505488281249999, -0.7188939208984375]], "r": [-1.7011066790202765, 4.573786225111584, -0.009788950025790697, 4.013591871495375, -1.3362781461118112, 1.1545854935815285, 1.7503167526858372]},