{"count": 20, "poses_seq": {"0": {"h": [[-0.0, -0.05043150329589842, -0.18385441589355467, -0.3025280303955078], [0.0, 0.8265, 0.8396605386734008, 0.8996258468627929], [0.0, -0.1575635986328126, -0.4349923095703126, -0.6810911865234377]], "r": [2.2881946129864343, 2.770828085924662, 2.234728839025921, 2.433593404561767, 0.7616374969051222, 4.855582411845539, -1.8364218318288266]}, "1": {"h": [[-0.0, -0.05194815063476564, -0.21586703491210935, -0.25132223510742185], [0.0, 0.8265, 0.793608341217041, 0.8742930564880371], [0.0, -0.15821276855468752, -0.4220549316406251, -0.6656046142578125]], "r": [2.057991951680314, 2.896959067927455, 2.614590993735845, 2.2565893461821203, 0.6435351402394547, 4.718903169833419, -0.4468914375474563]}, "2": {"h": [[-0.0, -0.046808990478515625, -0.20175920104980472, -0.1776719512939453], [0.0, 0.8265, 0.6748728942871094, 0.8174470367431641], [0.0, -0.15596386718750016, -0.3045395507812501, -0.514968017578125]], "r": [1.6942147146759545, 2.9123506260931693, 2.991177169638357, 2.2821696603318182, 0.6120115282950955, 5.107879755625424, 1.2142984162417936]}, "3": {"h": [[-0.0, -0.04665174865722656, -0.2361752014160156, -0.2945607299804688], [0.0, 0.8265, 0.7861308555603028, 0.9251972503662109], [0.0, -0.17106835937500026, -0.40358715820312524, -0.6120317382812501]], "r": [1.7281270909516149, 2.79395507866383, 3.010802056367319, 2.517709758453027, 0.8259380055968245, 4.980128618747649, 0.3612880500869535]}, "4": {"h": [[-0.0, -0.04377542114257814, -0.2064949035644531, -0.25587423706054685], [0.0, 0.8265, 0.6455610046386719, 0.6416669921875], [0.0, -0.1659139404296875, -0.39145776367187485, -0.6550477294921873]], "r": [1.7700967437671047, 2.5342072988429756, 2.9004702943982164, 2.273588335244763, 0.7549838114947203, 5.14699005856514, 1.043638385160414]}, "5": {"h": [[-0.0, -0.03661552429199219, -0.115464599609375, -0.0927709503173828], [0.0, 0.8265, 0.5974001159667969, 0.5092520141601562], [0.0, -0.1652937011718752, -0.38510559082031254, -0.653714599609375]], "r": [1.4531814642506626, 2.278415976623515, 2.876693356995744, 1.9944740726712082, 1.0287073683773449, 5.332740731534224, -1.7421117118552103]}, "6": {"h": [[-0.0, -0.03547409820556641, -0.05356977081298828, 0.044986312866210944], [0.0, 0.8265, 0.5930952301025391, 0.4907004547119141], [0.0, -0.16239575195312522, -0.3806385498046874, -0.6249517822265624]], "r": [1.5347095318681072, 2.448309033325963, 2.584893544182165, 1.9666660605083635, 0.6979950468582066, 5.152145028449068, 0.9027806004506898]}, "7": {"h": [[-0.0, -0.03506849670410157, 0.018801910400390615, 0.21204264831542968], [0.0, 0.8265, 0.6214954986572265, 0.5527900390625], [0.0, -0.16092797851562507, -0.3842634277343751, -0.585485107421875]], "r": [1.4073824548473088, 2.733775504944638, 2.484097143046813, 1.7594935421293096, 0.6662061609980372, 4.811180017809307, 1.6634531201955811]}, "8": {"h": [[-0.0, -0.04156413269042969, 0.041802078247070315, 0.2794852523803711], [0.0, 0.8265, 0.6975357208251953, 0.705403305053711], [0.0, -0.17593054199218755, -0.4007200927734376, -0.5424486083984377]], "r": [1.2561058394412945, 2.8034177024853166, 2.5692322393557676, 2.120130962269658, 0.5554337814562456, 5.006352609438046, -0.6131392244824805]}, "9": {"h": [[-0.0, -0.060023414611816414, -0.0016442298889160212, 0.18832283782958983], [0.0, 0.8265, 0.8567980499267578, 0.9917041015624999], [0.0, -0.17270373535156264, -0.42706445312500013, -0.5380294189453125]], "r": [1.3386698098978023, 3.1189306435854562, 2.7785533495360233, 2.313127783555894, 0.44506240587527957, 4.719038710290546, -2.1565777524937184]}, "10": {"h": [[-0.0, -0.0558471221923828, -0.07581013488769531, 0.03602543640136719], [0.0, 0.8265, 0.9036197052001953, 1.0952648162841796], [0.0, -0.15106249999999993, -0.4225743408203125, -0.5496671142578125]], "r": [1.6192968819606646, 3.213356985739344, 2.6486732750515896, 2.2379515947355717, 0.7195931342312868, 4.558026390925116, -2.2664117348184147]}, "11": {"h": [[-0.0, -0.0657679214477539, -0.15863187408447266, -0.11655304718017578], [0.0, 0.8265, 0.8809348106384278, 1.0817984619140626], [0.0, -0.15074963378906242, -0.4138001708984374, -0.5685667724609373]], "r": [1.6997289712864734, 3.195208233270845, 2.7528749684208647, 2.128065695941256, 0.9225504000127637, 4.500034437314122, 0.28533554774648495]}, "12": {"h": [[-0.0, -0.06279190826416016, -0.2054769058227539, -0.22896323394775392], [0.0, 0.8265, 0.8333170075416565, 1.0191894226074218], [0.0, -0.14893322753906207, -0.41020214843749986, -0.5859670410156248]], "r": [2.0123620374113047, 3.2566471581254226, 2.7095110586765987, 1.820579480137006, 0.9621011200458928, 4.206559789065569, 1.189162328480409]}, "13": {"h": [[-0.0, -0.05714129638671875, -0.21832684326171872, -0.2905324401855469], [0.0, 0.8265, 0.7008943481445313, 0.7686475296020507], [0.0, -0.1386520996093748, -0.3950051269531248, -0.6323378906249997]], "r": [2.0785995256352447, 2.9635721034410905, 2.542218447006591, 1.7403336086271664, 1.0279929058291892, 4.545989244433419, 4.1442762656720475]}, "14": {"h": [[-0.0, -0.05407106781005859, -0.14619696807861327, -0.16142449188232422], [0.0, 0.8265, 0.600404281616211, 0.574477996826172], [0.0, -0.14143530273437516, -0.38669750976562517, -0.6553176269531251]], "r": [1.942592712692562, 2.7547796637083852, 2.510477832224509, 1.7293122752962722, 0.7895021639494997, 4.707325556565415, -4.7148929036542855]}, "15": {"h": [[-0.0, -0.0479306869506836, -0.05829409027099609, 0.009963653564453126], [0.0, 0.8265, 0.5890440368652343, 0.515258041381836], [0.0, -0.16024157714843784, -0.38316650390625023, -0.6372841796875002]], "r": [1.9037599566610075, 2.6135329374918683, 2.420273806906084, 1.8950879534940925, 0.4315502536663691, 4.8601780353354975, 0.7763576295862457]}, "16": {"h": [[-0.0, -0.04171784210205079, -0.010007987976074217, 0.12750926971435547], [0.0, 0.8265, 0.5941876068115235, 0.5146514892578125], [0.0, -0.14976770019531244, -0.36872216796874985, -0.6049995117187499]], "r": [1.7603529013510886, 2.8439974717099736, 2.538514659749555, 1.6293864142145433, 0.30428718013129247, 4.505385399188074, -1.9774625865818698]}, "17": {"h": [[-0.0, -0.041359825134277356, 0.048605506896972656, 0.2764292221069336], [0.0, 0.8265, 0.6267179412841797, 0.5951535186767578], [0.0, -0.1433995361328127, -0.36628466796875, -0.5390440673828125]], "r": [1.4870711515494466, 2.790432175102405, 2.3799409589064324, 1.8301434595278696, 0.4567008273358644, 4.81358889766579, -4.6214364440483315]}, "18": {"h": [[-0.0, -0.05958350753784179, 0.03699921035766601, 0.2803418312072754], [0.0, 0.8265, 0.7461528396606445, 0.8237583465576173], [0.0, -0.17338232421874983, -0.39738720703125013, -0.5028116455078124]], "r": [1.572347689952598, 3.1690247898029806, 2.3812000956263777, 1.896745049589954, 0.4786794399834505, 4.574446155550385, -1.0355260340100227]}, "19": {"h": [[-0.0, -0.07161112976074217, -0.03908409118652344, 0.13503277587890625], [0.0, 0.8265, 0.8844722862243652, 1.0399544982910156], [0.0, -0.13956640625, -0.4076126708984374, -0.5172207031249998]], "r": [1.7379989657104107, 3.2696576995227455, 2.5875531429994654, 2.199102737079404, 0.3608893165559494, 4.557755944592698, 1.1899627365092824]}}, "id": 7}