{"count": 31, "poses_seq": {"0": {"h": [[-0.0, -0.038344100952148436, -0.1025028076171875, 0.16533755493164062], [0.0, 0.8265, 0.7072639770507814, 0.7909437561035156], [0.0, -0.14580761718750007, -0.34680725097656234, -0.47342541503906227]], "r": [-0.13580355466791394, 2.1795833510657987, -0.6617251666713092, 1.6472773075500218, -0.5933594409158812, 4.559938388237791, -2.0223871395123223]}, "1": {"h": [[-0.0, -0.051097335815429676, -0.1090726318359375, 0.06717216491699218], [0.0, 0.8265, 0.7747649955749512, 1.0181164245605467], [0.0, -0.13056506347656233, -0.33128894042968754, -0.4487165527343751]], "r": [0.06773266799640269, 2.2737553865878133, -0.561101203160955, 2.013924738070084, -0.40272275060483564, 4.557010590239093, -2.5785112384877573]}, "2": {"h": [[-0.0, -0.052314422607421876, -0.11610113525390624, 0.037436584472656256], [0.0, 0.8265, 0.794967529296875, 0.9930725250244141], [0.0, -0.13920983886718746, -0.3335416259765625, -0.3722265624999999]], "r": [0.3402206118872875, 2.0959814109549098, -0.3140790691185536, 1.9871681651373283, -0.5021335985772224, 4.556392283133449, -1.2844750551743849]}, "3": {"h": [[-0.0, -0.056308174133300776, -0.12115666961669921, 0.01217078399658203], [0.0, 0.8265, 0.7845820083618165, 1.0378758392333984], [0.0, -0.13217651367187494, -0.34224169921874986, -0.45830371093749994]], "r": [0.2045020647512673, 2.4630121330549066, -0.7076135940296493, 2.2804906616765694, -0.3076053448821869, 4.765768083938185, -4.321571025277572]}, "4": {"h": [[-0.0, -0.05419660949707031, -0.15415692138671877, -0.08393112182617188], [0.0, 0.8265, 0.744841682434082, 1.0204266815185548], [0.0, -0.12085070800781234, -0.30328149414062505, -0.45161535644531253]], "r": [0.4879311023823117, 2.4852171635494975, -0.6441258305882479, 2.315309581286713, -0.48548685371358624, 4.904361533640463, 4.852364867649759]}, "5": {"h": [[-0.0, -0.054413558959960945, -0.1682583923339844, -0.1567242431640625], [0.0, 0.8265, 0.7427834777832031, 1.028716339111328], [0.0, -0.12551892089843736, -0.30658947753906257, -0.45857287597656243]], "r": [0.5089595843318127, 2.411106410681739, -0.438049066486967, 2.000502099103776, -0.7908194087099814, 4.64794476750284, 0.13334080825764014]}, "6": {"h": [[-0.0, -0.047984085083007805, -0.18656320190429687, -0.23602508544921874], [0.0, 0.8265, 0.7532583923339844, 1.0244491882324218], [0.0, -0.12393103027343738, -0.29770715332031245, -0.4577591552734375]], "r": [0.7821268221287647, 2.316577559931456, -0.338351010601994, 1.8477628307079426, -1.0945352915136766, 4.611465975724893, -2.818656088842677]}, "7": {"h": [[-0.0, -0.03827664184570313, -0.2179128265380859, -0.33780555725097655], [0.0, 0.8265, 0.758780746459961, 0.9715037231445313], [0.0, -0.14213781738281278, -0.29016528320312523, -0.4539492187500001]], "r": [0.8206974444276035, 2.5519348971799607, -0.5310357852837154, 1.7745691648209758, -1.2161862581399805, 4.601363359576545, -0.7850789803237592]}, "8": {"h": [[-0.0, -0.035349227905273437, -0.2064629364013672, -0.39209095764160157], [0.0, 0.8265, 0.6777383575439453, 0.7101006469726563], [0.0, -0.15866931152343772, -0.25874536132812526, -0.4789006347656251]], "r": [1.1064908828027815, 2.355382477196915, -0.8166291335130931, 1.5640768745221898, -1.1239292846117994, 4.67177515323043, -1.5997945888611464]}, "9": {"h": [[-0.0, -0.03504978179931641, -0.1648423843383789, -0.2905161514282227], [0.0, 0.8265, 0.6400665893554688, 0.5596402740478515], [0.0, -0.15063085937499993, -0.23263635253906273, -0.5124144287109376]], "r": [1.2825297043607649, 2.408485902667615, -1.0793466101402305, 1.1910595949652933, -1.3904417337275035, 5.001530597100594, -4.378861418597987]}, "10": {"h": [[-0.0, -0.04590095520019531, -0.11210794067382814, -0.12315789794921876], [0.0, 0.8265, 0.5695907287597657, 0.4336634521484375], [0.0, -0.13355847167968743, -0.33716967773437495, -0.6011977539062499]], "r": [1.2863893528495396, 2.267198741023088, -1.412946408981974, 0.9792158659884143, -1.514116038341114, 5.155862800789153, 1.904961004164469]}, "11": {"h": [[-0.0, -0.048295593261718756, -0.09484521484375, -0.062469833374023453], [0.0, 0.8265, 0.5730992431640625, 0.4299827117919922], [0.0, -0.12688171386718788, -0.3341192626953127, -0.5922565917968752]], "r": [1.2626095185155881, 2.2197980695876853, -1.4185105588354643, 0.7760880529787946, -1.6399989113643347, 5.281379098219505, 1.0269602272059462]}, "12": {"h": [[-0.0, -0.05262040710449217, -0.04725724792480468, 0.08672499084472657], [0.0, 0.8265, 0.5871519622802734, 0.4595389556884765], [0.0, -0.1350428466796874, -0.3511055908203125, -0.5776802978515625]], "r": [0.9455835714608698, 2.1893872610497103, -1.2484546695717407, 0.9748584856410464, -1.4832966721897232, 5.341746966809582, -1.7527666229224206]}, "13": {"h": [[-0.0, -0.05438903045654296, -0.04198926544189453, 0.11752855682373047], [0.0, 0.8265, 0.586899887084961, 0.4647198028564453], [0.0, -0.12723352050781261, -0.3491114501953126, -0.5620802001953125]], "r": [0.5806284728220279, 2.268364236567092, -1.0772358405195812, 0.9946292242591165, -1.3640292255411623, 4.983709236207642, 1.329440171698728]}, "14": {"h": [[-0.0, -0.05473289489746093, -0.037588516235351574, 0.13089933776855467], [0.0, 0.8265, 0.5883310241699219, 0.4724752960205078], [0.0, -0.12574597167968743, -0.34984423828124994, -0.558638427734375]], "r": [0.7013533978630819, 2.235360296033402, -1.2034222746943575, 1.2849308661280125, -1.192724468486492, 5.1750464365817646, 0.8076058077779438]}, "15": {"h": [[-0.0, -0.05362736511230469, 0.006593811035156258, 0.2464620056152344], [0.0, 0.8265, 0.6252730712890625, 0.5526401672363281], [0.0, -0.1335489501953125, -0.35431237792968756, -0.5008829345703125]], "r": [0.41795219102246267, 2.114999529204739, -0.895274565636053, 1.5148295126983695, -1.108968628768768, 5.324133049916433, 1.130831996221677]}, "16": {"h": [[-0.0, -0.05612030792236329, 0.054874420166015625, 0.3219973220825195], [0.0, 0.8265, 0.7005418090820312, 0.7166780319213868], [0.0, -0.14145874023437505, -0.3789027099609375, -0.46338220214843756]], "r": [0.18066455901408413, 2.231178542894637, -0.6734519651820866, 1.7299626518575173, -1.1895174443969638, 5.288634555131625, 1.2932482860668477]}, "17": {"h": [[-0.0, -0.07125576782226563, 0.025075012207031247, 0.24642192077636718], [0.0, 0.8265, 0.8394796829223633, 0.9883399810791016], [0.0, -0.14715332031250022, -0.39119946289062507, -0.47152917480468753]], "r": [0.26211199607379876, 2.5924705551616136, -0.5520225083398391, 2.0816632121636234, -1.5863857115195055, 5.258148152144021, 4.237941338312405]}, "18": {"h": [[-0.0, 0.002162185668945313, -0.024589523315429684, 0.11058354187011718], [0.0, 0.8265, 0.9042004013061524, 1.106844482421875], [0.0, -0.13727734374999995, -0.4059378662109377, -0.51008935546875]], "r": [0.3367163702292945, 2.767821461357649, -0.6661697540455591, 1.8105693172469866, -1.9223766109206755, 5.031901074846541, -4.96839100513759]}, "19": {"h": [[-0.0, -0.0039744338989257805, -0.0685707550048828, 0.007618881225585947], [0.0, 0.8265, 0.9368221969604492, 1.1563503875732422], [0.0, -0.1529570312500002, -0.40234252929687503, -0.5213651123046874]], "r": [0.36888466017981403, 2.7336699079504765, -0.6520481796983757, 1.543671359618745, -2.212576062385762, 4.842393696917666, -1.0347436821224931]}, "20": {"h": [[-0.0, -0.06138204193115235, -0.15771448516845704, -0.13594501495361327], [0.0, 0.8265, 0.8896868133544922, 1.1141337280273438], [0.0, -0.1342304687499996, -0.4009211425781248, -0.5285590820312498]], "r": [0.4195244694867763, 2.8843983317867194, -0.712626982017469, 1.5175833958215446, -2.0469532365635614, 4.772439337678337, 1.4184098391959266]}, "21": {"h": [[-0.0, -0.05805496215820313, -0.18180804443359375, -0.20746856689453122], [0.0, 0.8265, 0.8709208068847656, 1.094521469116211], [0.0, -0.13205639648437534, -0.39804882812500014, -0.5311142578125001]], "r": [0.10888632151820059, 3.2087603788137096, -0.6365478777038662, 1.7349462465276169, -1.7387700809324873, 4.755708624574318, -1.1040277781907561]},