{"count": 53, "poses_seq": {"0": {"h": [[-0.0, -0.05189732360839844, -0.08652565002441406, -0.056881179809570304], [0.0, 0.8265, 0.575756088256836, 0.46025462341308593], [0.0, -0.13569091796875005, -0.34105126953125003, -0.6099763183593749]], "r": [-0.4211952760926639, 4.854063541615068, 1.9945015346924742, 4.924796807007625, 2.1489718087364915, 4.611128181695845, 1.702108647811092]}, "1": {"h": [[-0.0, -0.05849090576171874, -0.037323883056640625, 0.0977015380859375], [0.0, 0.8265, 0.5987884216308594, 0.5225584259033202], [0.0, -0.13772973632812519, -0.3611235351562501, -0.5993093261718752]], "r": [-0.6356260296608154, 4.601016397078447, 2.0795681948158085, 5.06335616653849, 1.952320250202678, 4.5698779229290505, 1.5549892878119942]}, "2": {"h": [[-0.0, -0.06519017791748047, 0.007032806396484376, 0.2169721908569336], [0.0, 0.8265, 0.6370017547607422, 0.6174064178466797], [0.0, -0.13781372070312498, -0.36514111328125015, -0.5576523437500001]], "r": [-1.0255011624382286, 4.2980142846394, 2.173404914736857, 4.708716484951346, 2.0609947064986196, 4.94585810574795, 0.2092326663086361]}, "3": {"h": [[-0.0, -0.07037876892089845, 0.04799226379394531, 0.29874031829833986], [0.0, 0.8265, 0.7035284957885742, 0.754781982421875], [0.0, -0.15957080078125024, -0.38893566894531256, -0.4989119873046875]], "r": [-1.289614070255821, 4.424280500546289, 1.8432327542991744, 4.759536575709655, 1.8120748113905847, 4.956670259067499, -1.770186179771376]}, "4": {"h": [[-0.0, -0.07908638572692872, 0.046242570877075194, 0.24085301399230957], [0.0, 0.8265, 0.8551244583129883, 1.0249238739013673], [0.0, -0.17085693359375004, -0.4059151611328125, -0.48495153808593755]], "r": [-1.3818695942492802, 4.224831850423055, 1.5360828201923915, 4.420469206620551, 1.5752245724966185, 4.927883698987759, -1.7967364149274367]}, "5": {"h": [[-0.0, -0.09068438148498534, -0.0042482242584228475, 0.13833861351013182], [0.0, 0.8265, 0.8564902954101563, 1.0454909057617188], [0.0, -0.1710312499999998, -0.4261278076171873, -0.5395208740234374]], "r": [-1.4948145010866325, 4.203329877762601, 1.4631161120625171, 4.3393135410319905, 1.2227861221887795, 5.164077993122706, -0.9593489064927893]}, "6": {"h": [[-0.0, -0.08404892921447754, -0.06031484413146972, 0.0378085765838623], [0.0, 0.8265, 0.8467214984893799, 1.0308475341796877], [0.0, -0.1503973388671876, -0.4528702392578124, -0.6075919189453125]], "r": [-1.3194176757952558, 4.224099053400941, 1.6184809479130442, 4.173964082103732, 1.260619516425875, 5.2047711358151965, -1.6249995583178347]}, "7": {"h": [[-0.0, -0.07351383209228515, -0.0790544662475586, -0.02516027069091796], [0.0, 0.8265, 0.8023756809234619, 0.9454099502563477], [0.0, -0.15326049804687508, -0.4663051757812498, -0.6721920166015622]], "r": [-1.4980231305533986, 4.365987117485563, 1.2418232724404474, 4.115420163392234, 1.1616886963728055, 5.328636809445182, -3.0814308128448524]}, "8": {"h": [[-0.0, -0.07009893035888673, -0.07217879486083983, -0.04926963043212891], [0.0, 0.8265, 0.6827672424316407, 0.7130877227783203], [0.0, -0.15739916992187492, -0.4460970458984373, -0.7001359863281247]], "r": [-1.5669033320646404, 4.66456292432074, 0.9045606515060642, 4.241680697076035, 1.4017100197838788, 5.498129733220896, -0.05165833252605517]}, "9": {"h": [[-0.0, -0.06485705184936523, -0.015263240814208975, 0.07958498001098634], [0.0, 0.8265, 0.6023821716308594, 0.5277836456298828], [0.0, -0.15204846191406257, -0.39197473144531264, -0.6326016845703126]], "r": [-1.794088007319526, 4.99456995295164, 0.7319473751037827, 4.578766879932148, 1.757848423053946, 5.522971016876755, 0.7949735058549167]}, "10": {"h": [[-0.0, -0.06037480163574219, 0.027246070861816407, 0.19131806182861327], [0.0, 0.8265, 0.5970091094970703, 0.4851454925537109], [0.0, -0.15909692382812507, -0.37857934570312507, -0.590425537109375]], "r": [-2.0257262325416763, 4.96363132422173, 0.39307964720648697, 4.195475395005367, 2.131198526906591, 5.6932471217411615, 2.3529406822213663]}, "11": {"h": [[-0.0, -0.05709901046752929, 0.07746139907836914, 0.3072184715270996], [0.0, 0.8265, 0.6110625305175781, 0.4968219604492188], [0.0, -0.14948596191406233, -0.3460972900390625, -0.49083044433593753]], "r": [-2.253420820565896, 5.040372637391815, 0.5071258298253263, 4.4249236387317135, 2.1643832139136268, 5.567409151089093, 2.7306118754065145]}, "12": {"h": [[-0.0, -0.06740964698791505, 0.11228360557556152, 0.39303341484069826], [0.0, 0.8265, 0.6777279357910156, 0.6271179504394531], [0.0, -0.19125695800781256, -0.34865686035156257, -0.39406701660156257]], "r": [-2.295072595086768, 5.017820081268578, 0.8032070391450657, 4.501393628509713, 2.1806226674152844, 5.237378739203377, 5.753016205402967]}, "13": {"h": [[-0.0, -0.045844147682189945, 0.1429281301498413, 0.4101628713607788], [0.0, 0.8265, 0.7988188743591309, 0.877491226196289], [0.0, -0.2011115722656252, -0.3602275390625001, -0.3537441406250002]], "r": [-2.5833536662451015, 4.736786961533086, 0.563540119362869, 4.602556656948257, 1.825604639461048, 4.887045028181695, -1.3389277661732693]}, "14": {"h": [[-0.0, -0.06478269767761231, 0.08024412727355958, 0.3049130573272705], [0.0, 0.8265, 0.8563812103271484, 1.007745361328125], [0.0, -0.18325292968750012, -0.3994698486328124, -0.4463503417968749]], "r": [-2.2115876446078664, 4.500495821101232, 0.7383469369918457, 4.370967342769074, 1.6835335450294988, 4.92913498325732, -2.94082255044863]}, "15": {"h": [[-0.0, -0.07006708908081055, 0.027199275970458982, 0.1969628791809082], [0.0, 0.8265, 0.8622696723937988, 1.0303211212158203], [0.0, -0.17826879882812513, -0.43097143554687506, -0.554093505859375]], "r": [-1.9386841125158107, 4.447525782644408, 0.793283428969836, 4.431612155168149, 1.3987958440678996, 4.95756186642512, -6.004769210010188]}, "16": {"h": [[-0.0, -0.06681645202636718, -0.0018460235595703159, 0.12368484497070312], [0.0, 0.8265, 0.820847936630249, 0.9498579864501954], [0.0, -0.16316601562499972, -0.4614147949218748, -0.6453663330078123]], "r": [-1.9437274423424142, 4.458709450165569, 0.6430246109556584, 4.280450104567617, 1.3809644727170025, 5.144518561273965, 0.010343883158744144]}, "17": {"h": [[-0.0, -0.06556227493286132, -0.008836872100830083, 0.06476208877563476], [0.0, 0.8265, 0.7788664855957032, 0.8220015335083009], [0.0, -0.16496264648437525, -0.46712548828124995, -0.7098916015625001]], "r": [-1.8742009817451641, 4.549866255763293, 0.4347929741934158, 4.603574085335212, 1.0984518289153984, 5.3004225629562045, 1.804474106842441]}, "18": {"h": [[-0.0, -0.06291053771972657, 0.015805580139160155, 0.12994559478759765], [0.0, 0.8265, 0.652513427734375, 0.5625401611328125], [0.0, -0.1655198974609376, -0.4267821044921876, -0.6566331787109374]], "r": [-2.015279277551539, 4.722609412022364, 0.15313620403707306, 4.838437393346104, 1.2627409110064622, 5.6939024870909964, 3.191515301982765]}, "19": {"h": [[-0.0, -0.0610851821899414, 0.061880004882812506, 0.24731690216064456], [0.0, 0.8265, 0.6065861358642578, 0.4638153381347656], [0.0, -0.1532181396484376, -0.3636358642578124, -0.5440198974609374]], "r": [-2.380543351509715, 4.789167363331042, -0.1404859942278203, 5.057440028214553, 1.6382162124333228, 5.675857169578127, -4.469578334032135]}, "20": {"h": [[-0.0, -0.057454246520996094, 0.08424141693115235, 0.2955846099853516], [0.0, 0.8265, 0.5979698791503907, 0.450144027709961], [0.0, -0.14130065917968754, -0.3425638427734375, -0.49159777832031254]], "r": [-2.739115650806616, 4.856106575566323, -0.24818944966150566, 5.190280811657443, 1.7501409874134801, 5.33305570193536, -1.1877852307343657]}, "21": {"h": [[-0.0, -0.061993259429931634, 0.14796152877807617, 0.430051456451416], [0.0, 0.8265, 0.6360993957519532, 0.5498385009765625], [0.0, -0.14977551269531247, -0.30090820312500016, -0.32126074218750006]], "r": [-3.0515021898264765, 4.999869601974261, 0.10020697394630512, 5.019148738764557, 1.9514141611769398, 5.1750229957231095, -2.1976942574465848]},