{"count": 10, "poses_seq": {"0": {"h": [[-0.0, -0.039619071960449226, -0.10280939483642579, 0.15888512420654297], [0.0, 0.8265, 0.7083351135253906, 0.7901891326904298], [0.0, -0.14993041992187478, -0.35093212890625, -0.4747633056640624]], "r": [-0.2184487158061972, 1.6535814376387894, -0.923519215007705, 0.9600016002717673, -2.3741083232832794, 3.0138587762925826, -1.831112950682869]}, "1": {"h": [[-0.0, -0.051097335815429676, -0.1090726318359375, 0.06717216491699218], [0.0, 0.8265, 0.7747649955749512, 1.0181164245605467], [0.0, -0.13056506347656233, -0.33128894042968754, -0.4487165527343751]], "r": [0.08356277126369124, 1.850562204822524, -0.7657131922832874, 1.303389035061543, -2.352351356310965, 2.765527076071422, -0.21177662727314345]}, "2": {"h": [[-0.0, -0.05158754730224609, -0.11542130279541014, 0.045863319396972656], [0.0, 0.8265, 0.7953465843200684, 0.989180892944336], [0.0, -0.14462292480468758, -0.3333087158203126, -0.36268395996093755]], "r": [0.05851530513532576, 1.863136536541214, -0.6410097492646473, 1.2804571546348733, -2.451155125826463, 2.8102482169990806, 1.7346718087698045]}, "3": {"h": [[-0.0, -0.057698883056640615, -0.12111805725097655, 0.0029751052856445415], [0.0, 0.8265, 0.7810421295166016, 1.0341566467285157], [0.0, -0.13011340332031246, -0.3407934570312499, -0.4601376953124999]], "r": [0.16320653187284961, 1.8994383522438796, -0.6450723662808221, 1.2266217263991783, -2.731216073791559, 3.089501915649882, 4.168226098809955]}, "4": {"h": [[-0.0, -0.05419660949707031, -0.15415692138671877, -0.08393112182617188], [0.0, 0.8265, 0.744841682434082, 1.0204266815185548], [0.0, -0.12085070800781234, -0.30328149414062505, -0.45161535644531253]], "r": [-0.1807129496461998, 2.234434057086168, -0.5324709546287146, 1.0846277493837198, -2.5177728319308277, 3.3749032532164485, -1.7571839600161832]}, "5": {"h": [[-0.0, -0.05502023315429688, -0.1632174072265625, -0.145858642578125], [0.0, 0.8265, 0.7433443832397462, 1.0261894073486328], [0.0, -0.12280065917968735, -0.30507275390624994, -0.4607918701171874]], "r": [-0.5186692081469649, 2.465130450225527, -0.4321564601559212, 1.1879008004306173, -2.394733621328329, 3.1442649288262268, -1.938609919532245]}, "6": {"h": [[-0.0, -0.04842124938964844, -0.18332116699218748, -0.22800546264648436], [0.0, 0.8265, 0.7532023620605468, 1.0200868835449217], [0.0, -0.12312609863281249, -0.29782104492187483, -0.4546273193359374]], "r": [-0.3389521060465934, 2.5191105736313393, -0.40221458832193846, 1.1479848229072174, -2.4349223193460694, 3.3529815804655287, 0.789458527972738]}, "7": {"h": [[-0.0, -0.03868099975585937, -0.20975965881347655, -0.3256255340576172], [0.0, 0.8265, 0.7533949203491211, 0.9827728576660156], [0.0, -0.13691503906249985, -0.28853820800781255, -0.45504321289062505]], "r": [-0.6578851263605153, 2.6896778429803945, -0.18176045745551397, 1.1870158136239595, -2.801625876995787, 3.226682583309504, 2.092201298778043]}, "8": {"h": [[-0.0, -0.034941635131835944, -0.20828631591796876, -0.3924222412109375], [0.0, 0.8265, 0.6826175537109376, 0.7230575256347657], [0.0, -0.15924218750000013, -0.2546922607421876, -0.4842135009765625]], "r": [-0.3901679075452543, 2.8458550095623916, -0.4119024736815852, 0.9447714938250205, -2.9844704543378917, 3.3350224569917257, 2.6049491882379434]}, "9": {"h": [[-0.0, -0.03504978179931641, -0.1648423843383789, -0.2905161514282227], [0.0, 0.8265, 0.6400665893554688, 0.5596402740478515], [0.0, -0.15063085937499993, -0.23263635253906273, -0.5124144287109376]], "r": [-0.3677543524981429, 2.8820765567420557, -0.5904854925146001, 0.7763938402403043, -2.7409339754152433, 3.3202720704511655, 5.443981258894689]}}, "id": 0}