{"count": 13, "poses_seq": {"0": {"h": [[-0.0, -0.08058077430725098, 0.06593489646911621, 0.29840535545349123], [0.0, 0.8265, 0.9534280242919921, 1.0928247833251954], [0.0, -0.18951416015625006, -0.3605314941406251, -0.3851636962890626]], "r": [0.44234470647847524, 3.3593190534993593, 3.053657120484394, 2.048717379442823, -2.2492968577061663, 1.7640905069828587, 4.794000886380814]}, "1": {"h": [[-0.0, -0.06891112709045409, -0.006079843521118164, 0.15362070274353026], [0.0, 0.8265, 1.0550968322753906, 1.2614015655517576], [0.0, -0.18337585449218757, -0.3517534179687501, -0.42194482421875007]], "r": [0.7136828535875903, 3.4687325243620193, 3.022867976698897, 1.9442051132166163, -1.9576397775567806, 2.03999008993525, -4.306635961756747]}, "2": {"h": [[-0.0, -0.02652722930908203, -0.029359130859375006, 0.0725455093383789], [0.0, 0.8265, 1.052488540649414, 1.2889028472900392], [0.0, -0.16593701171875025, -0.34467260742187517, -0.44113146972656253]], "r": [1.005450441305262, 3.421556088749332, 2.952172531501322, 2.0634543409797645, -1.9956010788365834, 2.0069378787405228, 0.6345197121038109]}, "3": {"h": [[-0.0, -0.017005661010742183, -0.06359123229980468, -0.003504287719726565], [0.0, 0.8265, 1.0446031036376953, 1.2865101776123047], [0.0, -0.16509753417968726, -0.34745581054687485, -0.4541143798828125]], "r": [0.7375854671495384, 3.3129408973012144, 3.119759160856202, 2.1864457676931366, -1.7225459887568404, 1.7363681014195882, 1.292059019977677]}, "4": {"h": [[-0.0, -0.014884674072265625, -0.1139962158203125, -0.10145346069335937], [0.0, 0.8265, 1.025250244140625, 1.28042919921875], [0.0, -0.15181665039062492, -0.3415754394531248, -0.4593492431640623]], "r": [1.1055434085103528, 3.0192524457550567, 2.894353154985922, 2.5270559977916065, -1.432794315667351, 1.3779067036795025, 0.9566769568701766]}, "5": {"h": [[-0.0, -0.01220932006835937, -0.1488352355957031, -0.1904589538574219], [0.0, 0.8265, 1.0103801574707032, 1.2704592437744142], [0.0, -0.14920837402343717, -0.3402952880859374, -0.4588682861328122]], "r": [1.3420069317453185, 3.2460013664054266, 2.9962956559567684, 2.142755840381043, -1.6947701112697582, 1.6983869638677571, 3.9644390611673126]}, "6": {"h": [[-0.0, -0.056822753906249995, -0.2196722869873047, -0.326144027709961], [0.0, 0.8265, 1.041927947998047, 1.2896774597167968], [0.0, -0.1558688964843749, -0.30745910644531255, -0.4216512451171875]], "r": [1.2882693342943863, 3.079142569969019, 3.3580457837572313, 2.1640579609434094, -1.4268845745859216, 1.569425672990483, -2.8565405925878116]}, "7": {"h": [[-0.0, -0.06270755004882812, -0.2777689208984375, -0.4461261596679688], [0.0, 0.8265, 1.0107183837890625, 1.2338671569824218], [0.0, -0.14260888671874988, -0.27827526855468726, -0.3673670654296873]], "r": [1.4604826773370245, 2.8308522593415217, -2.5265268819326363, 2.233390415159031, -1.5017923635477801, 1.4901886841391405, -0.3851805704878043]}, "8": {"h": [[-0.0, -0.06292002868652344, -0.34268362426757815, -0.5873904113769531], [0.0, 0.8265, 0.9565361938476562, 1.117909378051758], [0.0, -0.13650012207031265, -0.23296875, -0.28891247558593763]], "r": [1.5563693741756672, 3.035361221794477, -2.5093534417677796, 2.0022926791629203, -1.8280741014808817, 1.7254095637860447, -1.5676932814806452]}, "9": {"h": [[-0.0, -0.06292093658447265, -0.3885645523071289, -0.6851711502075195], [0.0, 0.8265, 0.8191971530914307, 0.8503513545989991], [0.0, -0.1378189697265622, -0.22064233398437488, -0.26378479003906247]], "r": [1.7744462328169048, 2.951420845148193, -2.457254267572644, 1.7447138539642033, -2.189705357749418, 1.918432208786248, 1.3877428605543254]}, "10": {"h": [[-0.0, -0.05732411193847657, -0.3321397857666015, -0.5997113189697265], [0.0, 0.8265, 0.6559652557373047, 0.5310289916992188], [0.0, -0.13509814453125008, -0.25709484863281246, -0.32408312988281246]], "r": [1.7145750425321373, 2.6958605894887993, -2.562299365261824, 1.3449946139708666, -2.1602937417341437, 1.9785588623884416, 4.176841688982688]}, "11": {"h": [[-0.0, -0.05954651641845704, -0.25421572113037105, -0.46272127532958984], [0.0, 0.8265, 0.5747200775146485, 0.38372326660156253], [0.0, -0.14620812988281245, -0.2871668701171875, -0.39805603027343756]], "r": [1.7795644556482368, 2.7552975348224806, -2.9437110938602182, 1.0835936422307293, -2.089555331098245, 2.132651913090821, -0.8114393022810851]}, "12": {"h": [[-0.0, -0.050322914123535165, -0.11371537017822266, -0.18073368072509766], [0.0, 0.8265, 0.5204093780517578, 0.27568269348144525], [0.0, -0.13539331054687526, -0.3114963378906251, -0.48035803222656265]], "r": [1.5119478984476717, 2.77856151106883, -3.104877184123092, 0.9593997982918663, -2.308354271736019, 2.3098372393433992, -0.4442190443422491]}}, "id": 5}