{"count": 11, "poses_seq": {"0": {"h": [[-0.0, -0.03961386299133301, 0.1636440601348877, 0.4190561237335205], [0.0, 0.8265, 0.8195138416290284, 0.7880577201843262], [0.0, -0.18767272949218744, -0.3066348876953125, -0.19193103027343744]], "r": [-5.040451004410336, 3.366890412935375, -0.12362291124976144, 5.656161376668996, -2.200209139305727, 1.636070192457859, -1.0284112226567015]}, "1": {"h": [[-0.0, 0.01883522415161133, 0.13600223159790037, 0.3814839363098144], [0.0, 0.8265, 0.8847182922363281, 0.9283506927490235], [0.0, -0.2056616210937499, -0.3418994140625001, -0.29974792480468754]], "r": [1.5390180454216051, 3.210822674496822, -0.40065386724219304, 5.313740908132067, -2.4511755700199838, 1.494591810131683, -2.8426702494919955]}, "2": {"h": [[-0.0, -0.06136287117004395, 0.053959905624389654, 0.2712385845184326], [0.0, 0.8265, 0.9538186950683595, 1.0865303955078125], [0.0, -0.17776196289062512, -0.36621960449218754, -0.3917174072265626]], "r": [1.7182210495536803, 3.2494534206594854, -0.2470628875704442, 5.117815971323127, -2.4658398655910228, 1.516550708015455, -1.6214062979708777]}, "3": {"h": [[-0.0, -0.08305392646789551, -0.006224222183227537, 0.1625853099822998], [0.0, 0.8265, 0.9913068389892579, 1.1744845123291017], [0.0, -0.1580419921875001, -0.36650085449218756, -0.4364638671874999]], "r": [2.0029090255215336, 3.3658945949888137, -0.08443015254574968, 4.873599463844253, -2.1521940457884017, 1.7244293728274966, -1.8485569721976056]}, "4": {"h": [[-0.0, -0.07466394042968749, -0.07413755798339844, 0.013013847351074217], [0.0, 0.8265, 1.0289699249267579, 1.252787338256836], [0.0, -0.16128820800781268, -0.3599571533203126, -0.4552635498046876]], "r": [2.352071009747248, 3.1513389322895686, -0.1072014044178154, 4.504289784926404, -2.1551951700972634, 1.483311608310011, 0.593550403365141]}, "5": {"h": [[-0.0, -0.08124386978149414, -0.10821255874633788, -0.05956402969360351], [0.0, 0.8265, 1.0365672149658205, 1.2706042938232422], [0.0, -0.15891369628906232, -0.35846313476562514, -0.46184057617187496]], "r": [2.332124803489511, 3.1223284970812664, -0.13856999606344395, 4.661541765720185, -2.4440093742437567, 1.476755576776683, 0.22217064933381844]}, "6": {"h": [[-0.0, -0.08369390106201172, -0.17208548736572266, -0.17894133758544922], [0.0, 0.8265, 1.0345031585693358, 1.2740670166015624], [0.0, -0.15219824218749994, -0.34557397460937517, -0.4542957763671876]], "r": [2.3541586370119223, 2.861138398288113, -0.20285865287474691, 4.441637521293371, -2.6524175550476574, 1.2259074991096361, -0.7274305770697792]}, "7": {"h": [[-0.0, -0.08827584838867189, -0.21824978637695314, -0.284890625], [0.0, 0.8265, 1.0207078552246094, 1.256597442626953], [0.0, -0.14361376953124988, -0.33260009765625004, -0.440364013671875]], "r": [2.401625112996854, 3.0611017187444056, 0.06338022826566433, 4.760946245910921, -2.6551198521950785, 1.4782034909579085, 2.1768932604845954]}, "8": {"h": [[-0.0, -0.08918468475341795, -0.2670038223266602, -0.39846305084228517], [0.0, 0.8265, 0.9904991455078125, 1.2097620086669922], [0.0, -0.13797570800781261, -0.30939489746093735, -0.41269519042968744]], "r": [2.30151473567007, 3.0602488955252714, 0.13372120834670642, 4.934983699989404, -2.980627846317485, 1.531408256997818, 3.8648853480789107]}, "9": {"h": [[-0.0, -0.07494410705566407, -0.3168448944091797, -0.5467137908935547], [0.0, 0.8265, 0.9139756011962891, 1.0677931976318358], [0.0, -0.13303894042968728, -0.2952598876953126, -0.38887524414062496]], "r": [2.410338687763601, 2.860369262189864, 0.512624855054513, 4.971008764511501, -2.661358706100775, 1.3293057060526914, -1.906569483004449]}, "10": {"h": [[-0.0, -0.07205537414550782, -0.357552749633789, -0.6420645599365234], [0.0, 0.8265, 0.8065271606445312, 0.840452938079834], [0.0, -0.13048474121093784, -0.26927673339843766, -0.34407470703125026]], "r": [2.6271245390757727, 2.7092482825793978, 0.6226757409736441, 5.095588389411759, -2.2731230847760457, 1.2440097737864564, 0.4735133049179191]}}, "id": 4}