{"count": 21, "poses_seq": {"0": {"h": [[-0.0, -0.06111186218261719, 0.05236962890625, 0.22714868164062502], [0.0, 0.8265, 0.611203353881836, 0.47249554443359376], [0.0, -0.15136157226562524, -0.36938305664062515, -0.56209033203125]], "r": [-2.710659032359582, 4.942524259447295, -0.8296932907542957, 4.3715993055964315, -0.5008084435576914, 1.216704394529868, -0.10108445072625978]}, "1": {"h": [[-0.0, -0.06095737457275391, 0.07167900848388671, 0.270064697265625], [0.0, 0.8265, 0.6023433074951172, 0.4540176239013672], [0.0, -0.14734362792968742, -0.35302770996093763, -0.5167839355468751]], "r": [-2.9805997831635884, 5.0902828179659245, -0.932895786636644, 4.5894398052389755, -0.4152272178894445, 1.490628601619695, -2.650276820423211]}, "2": {"h": [[-0.0, -0.061993259429931634, 0.14796152877807617, 0.430051456451416], [0.0, 0.8265, 0.6360993957519532, 0.5498385009765625], [0.0, -0.14977551269531247, -0.30090820312500016, -0.32126074218750006]], "r": [-3.0836866347755185, 5.008448151526881, -0.7615672990879986, 4.344495988277342, -0.1326648484864449, 1.1172405064980597, -0.07202490787045196]}, "3": {"h": [[-0.0, -0.06685326957702636, 0.15310017585754396, 0.43796693611145016], [0.0, 0.8265, 0.7238063659667968, 0.7320428771972656], [0.0, -0.17476757812500004, -0.308787353515625, -0.264404052734375]], "r": [-2.98658570634989, 4.972032730442006, -0.5958635069307031, 4.371117705942564, 0.20565840640250094, 1.3868184953874771, -1.410601912068464]}, "4": {"h": [[-0.0, -0.06320867729187012, 0.12482959175109863, 0.36702531623840334], [0.0, 0.8265, 0.8404008407592773, 0.9537751007080078], [0.0, -0.19624267578124993, -0.36864526367187495, -0.35596899414062483]], "r": [-2.6023581241332816, 4.7825323084362354, -0.2136363647744686, 4.2803483306671035, -0.0004415401861794198, 1.7689436321796816, -4.2806435742990026]}, "5": {"h": [[-0.0, -0.07393447494506837, 0.07344020462036133, 0.2913850898742676], [0.0, 0.8265, 0.8691106719970703, 1.0159933624267579], [0.0, -0.19339208984375006, -0.40716455078124986, -0.47041943359375]], "r": [-2.687167420192695, 4.469671800317293, -0.43969033250189554, 3.974630955470535, -0.18443857826447083, 1.588230746372762, 0.545144119744213]}, "6": {"h": [[-0.0, -0.07712560462951659, 0.028557287216186524, 0.19945654106140137], [0.0, 0.8265, 0.8628431510925294, 0.9947281646728516], [0.0, -0.1804300537109374, -0.44073815917968734, -0.5954323730468749]], "r": [-2.375306330646317, 4.387012375630605, -0.7529341272104835, 3.6345211488997338, 0.12187526938613626, 1.3262311291278, -1.782632471364752]}, "7": {"h": [[-0.0, -0.07756134986877442, 0.021210737228393554, 0.1430579662322998], [0.0, 0.8265, 0.8392691764831544, 0.9134661712646485], [0.0, -0.17292456054687505, -0.46515185546875, -0.6840488281249999]], "r": [-2.450959756540002, 4.474362529811114, -0.746898121004446, 3.8980132943334365, -0.2118458023364024, 1.5396708033738522, -4.575905273868827]}, "8": {"h": [[-0.0, -0.06971057319641114, 0.03314047813415527, 0.1755989818572998], [0.0, 0.8265, 0.6616853790283204, 0.5669114532470703], [0.0, -0.1752507324218751, -0.4360004882812499, -0.647712646484375]], "r": [-2.6136490815238655, 4.733377805606392, -0.870954669593039, 4.241056405622807, -0.5071255120376357, 1.3356864949116007, 0.4371632097608331]}, "9": {"h": [[-0.0, -0.06594548034667969, 0.08301753234863281, 0.3086106414794922], [0.0, 0.8265, 0.6281572418212891, 0.4913601226806641], [0.0, -0.16417419433593766, -0.3524008789062501, -0.48211291503906245]], "r": [-2.7799942251883714, 5.122774220755226, -0.4779685303623317, 4.46550553075753, -0.5757935217043649, 1.2194135870223854, 3.422896744206219]}, "10": {"h": [[-0.0, -0.06665523529052736, 0.11587181854248046, 0.387099983215332], [0.0, 0.8265, 0.6382070007324219, 0.5425460968017578], [0.0, -0.16403771972656261, -0.32434313964843736, -0.37550451660156253]], "r": [-3.1280759757190895, 4.911589452245054, -0.3186754730016192, 4.805201519393854, -0.9507109866831478, 1.2627913865700842, -0.3237568068093986]}, "11": {"h": [[-0.0, -0.052271972656250006, 0.1667401580810547, 0.45225372314453127], [0.0, 0.8265, 0.7090593566894532, 0.7249725952148438], [0.0, -0.1796812744140624, -0.320919189453125, -0.2808682861328125]], "r": [-3.023736635600497, 4.9825998505241476, -0.001373239427253349, 4.546753370249534, -0.7081143739677701, 1.4311376922441148, -0.223241915708385]}, "12": {"h": [[-0.0, -0.05609036636352539, 0.11779247283935547, 0.3489380874633789], [0.0, 0.8265, 0.8543563632965088, 0.9937051849365235], [0.0, -0.20954724121093743, -0.37522985839843753, -0.36603552246093735]], "r": [-2.723769873323632, 4.6646433099949345, 0.17043347121779168, 4.4968605116895635, -1.017755132070997, 1.8070921778547124, -2.9849150859149756]}, "13": {"h": [[-0.0, -0.0736737995147705, 0.062649564743042, 0.247124174118042], [0.0, 0.8265, 0.8796962203979493, 1.0572659759521486], [0.0, -0.19387829589843736, -0.420693359375, -0.48760998535156236]], "r": [-2.5759643216649, 4.573291834474937, 0.07977055028069746, 4.596530909540147, -1.3254573449475606, 1.9264785827620168, -3.6273215418860545]}, "14": {"h": [[-0.0, -0.07438223648071289, 0.021904376983642577, 0.1619760093688965], [0.0, 0.8265, 0.871438045501709, 1.0455576171875], [0.0, -0.17908337402343727, -0.44401171874999995, -0.5790234374999998]], "r": [-2.3825204900397554, 4.614532185853436, 0.03566507850606206, 4.696028010417049, -1.533985133548675, 1.9831345844643766, 0.942804650443456]}, "15": {"h": [[-0.0, -0.07734107398986817, -0.010258974075317381, 0.09742883110046387], [0.0, 0.8265, 0.8305773468017579, 0.9619007568359375], [0.0, -0.1786158447265625, -0.4791207275390626, -0.6742357177734377]], "r": [-2.0721621173302163, 4.837601163599874, 0.14856931278518942, 4.6767975776776884, -1.428955539395078, 1.9857815767099107, -0.4028312436460384]}, "16": {"h": [[-0.0, -0.07200004577636719, 0.0016604080200195367, 0.09056746673583985], [0.0, 0.8265, 0.7256010131835937, 0.7250090637207032], [0.0, -0.17222851562500013, -0.4630828857421874, -0.7048131103515625]], "r": [-2.162628275220348, 5.204911539300169, 0.015172878128882062, 5.0658377318455505, -1.65033422111182, 2.0245211691929668, 1.9204120145927126]}, "17": {"h": [[-0.0, -0.060495658874511714, 0.025041015625000003, 0.19421307373046875], [0.0, 0.8265, 0.6678420257568359, 0.5983555908203125], [0.0, -0.1750040283203123, -0.436250732421875, -0.6406361083984375]], "r": [-2.364521526487771, 5.307842436210033, 0.07849779110754604, 5.018826755848839, -1.3809960799855634, 1.7208211111021898, 4.929135579422914]}, "18": {"h": [[-0.0, -0.052026977539062505, 0.07530807495117187, 0.30070467376708987], [0.0, 0.8265, 0.6575566711425782, 0.5511901550292969], [0.0, -0.17899768066406258, -0.39446325683593747, -0.5440650634765625]], "r": [-2.6111406059602005, 5.558296319267778, 0.029905332209648056, 5.196199698779522, -1.3228019056561433, 1.953449918001761, -0.8679525862352806]}, "19": {"h": [[-0.0, -0.059809326171875, 0.08905776977539062, 0.35551231384277343], [0.0, 0.8265, 0.6619447631835937, 0.5817029571533203], [0.0, -0.1827177734374999, -0.37118908691406244, -0.4467618408203125]], "r": [-2.6398877252893906, 5.547132205879, 0.21213491298223625, 5.193306143266381, -1.224268026793195, 1.906047768308449, 1.3793352743196656]}, "20": {"h": [[-0.0, -0.06451300811767578, 0.09800086212158203, 0.38528321075439453], [0.0, 0.8265, 0.6945227508544922, 0.695145004272461], [0.0, -0.17763366699218724, -0.35514831542968756, -0.3399449462890625]], "r": [-2.768128771781528, 5.476881256215075, 0.16838274826150662, 5.259565941729916, -1.1882453709243141, 2.2080672834060904, 0.05707250816296133]}}, "id": 4}