{"count": 49, "poses_seq": {"0": {"h": [[-0.0, -0.056624359130859364, -0.15998722839355467, -0.29067283630371094], [0.0, 0.8265, 0.6047428436279297, 0.5153009185791015], [0.0, -0.13957824707031224, -0.3507133789062498, -0.5982371826171873]], "r": [-2.1611814760085317, 4.4889569496348205, -0.8285956997427377, 5.299612731479699, -1.6457755552583957, 1.7289364201289203, 0.31231167696950746]}, "1": {"h": [[-0.0, -0.053257781982421884, -0.09667004394531249, -0.14056344604492188], [0.0, 0.8265, 0.5779700317382812, 0.43669349670410157], [0.0, -0.13831823730468767, -0.3499525146484375, -0.6078536376953125]], "r": [-2.3756819304159644, 4.398352123215039, -0.9505439374871129, 5.234624415370566, -1.4096513831960333, 1.6336354181609813, 2.4089041628937675]}, "2": {"h": [[-0.0, -0.047973526000976555, -0.07447581481933595, -0.07738214111328125], [0.0, 0.8265, 0.5722639923095703, 0.4230653533935547], [0.0, -0.1351374511718751, -0.3553957519531253, -0.6112213134765627]], "r": [-2.2738966704180275, 4.34483706881865, -0.9850304233136133, 5.322654926475047, -1.5460091517825345, 1.3365528573605006, 1.693452456296445]}, "3": {"h": [[-0.0, -0.049691833496093754, -0.06196331787109376, -0.05420611572265625], [0.0, 0.8265, 0.5760138702392579, 0.42826385498046876], [0.0, -0.13678686523437494, -0.35159362792968746, -0.6092155761718749]], "r": [-2.2360687365677716, 4.499234113458857, -0.8422981472492985, 5.0655750260116665, -1.3728910134147942, 1.1507292465735128, -0.9512197696415325]}, "4": {"h": [[-0.0, -0.054857337951660146, -0.04648871612548827, 0.05665692138671875], [0.0, 0.8265, 0.5803534545898438, 0.4278455200195313], [0.0, -0.1391571044921876, -0.35504760742187497, -0.5836556396484374]], "r": [-2.240678012376061, 4.649812862578393, -0.6158070100805998, 4.981318142408572, -1.343026783496818, 0.8317110978024583, 1.5059293296190663]}, "5": {"h": [[-0.0, -0.05332629394531249, 0.022941711425781247, 0.24283647155761717], [0.0, 0.8265, 0.6014818420410156, 0.4900317077636719], [0.0, -0.134075439453125, -0.359253662109375, -0.5179414062499998]], "r": [-2.451654403645162, 4.804331764109757, -0.2286818335621964, 4.585808133657639, -1.071685772506806, 0.716724001174621, 4.28590879013494]}, "6": {"h": [[-0.0, -0.057310218811035166, 0.04145933532714843, 0.3080466384887695], [0.0, 0.8265, 0.6388489227294922, 0.567501937866211], [0.0, -0.1368806152343754, -0.35838964843750026, -0.4431444091796877]], "r": [-2.6302475137033325, 4.747463819488208, -0.22113314017268781, 4.414957612770708, -0.8529392937767135, 0.7935917794934505, -2.1279479581198557]}, "7": {"h": [[-0.0, -0.057203613281249996, 0.061193969726562505, 0.34832450866699216], [0.0, 0.8265, 0.6998324203491211, 0.6931704711914062], [0.0, -0.15018859863281248, -0.3625410156249998, -0.3718833007812497]], "r": [-2.703046008184644, 4.5052103625256, -0.10458405022515656, 4.188380978525613, -0.8558596642126699, 0.6979497916028025, -3.7083008737035428]}, "8": {"h": [[-0.0, -0.07406560516357422, 0.05619283294677734, 0.30637560272216796], [0.0, 0.8265, 0.8229167175292968, 0.9209470520019531], [0.0, -0.15272021484374992, -0.3594422607421875, -0.327649658203125]], "r": [-2.918477441909326, 4.201951533691491, 0.060180686381223286, 4.138808771052604, -1.142040699017919, 1.0235392188543448, 3.6457871871852805]}, "9": {"h": [[-0.0, -0.07465054321289064, -0.036334640502929685, 0.1398422546386719], [0.0, 0.8265, 0.9186750411987304, 1.1109420166015624], [0.0, -0.12340820312499995, -0.3645600585937501, -0.37534558105468757]], "r": [-2.549438437898973, 4.020764409553543, 0.25110499550071574, 3.8779054233706556, -1.2511372670535092, 1.2037167350553017, -2.234772505067701]}, "10": {"h": [[-0.0, -0.056652534484863265, -0.10858696746826171, -0.009717552185058584], [0.0, 0.8265, 0.9203794174194335, 1.1639069061279297], [0.0, -0.13427368164062498, -0.37385461425781236, -0.4121271972656249]], "r": [-2.1647608182047655, 4.09797882182094, 0.14241485581243274, 3.9017338967929978, -1.0314404958021228, 1.4653914863244684, -2.27750504432401]}, "11": {"h": [[-0.0, -0.059323539733886724, -0.1422851028442383, -0.08703740692138671], [0.0, 0.8265, 0.9126546783447266, 1.1687707214355467], [0.0, -0.1342689208984374, -0.37335815429687497, -0.42537512207031264]], "r": [-2.2575160980673483, 3.8061891961790906, -0.029864928889456268, 3.781931114513877, -1.3006414806284163, 1.3079891307361533, 0.21493170960211255]}, "12": {"h": [[-0.0, -0.0572796401977539, -0.1722034683227539, -0.1593962631225586], [0.0, 0.8265, 0.9028440475463868, 1.1624394989013673], [0.0, -0.137794189453125, -0.37796728515624994, -0.43639208984374994]], "r": [-2.050099665140034, 3.988435504892965, -0.03487116272821741, 3.956455844745989, -1.1890669285187148, 1.468901813715296, -0.7578857367980494]}, "13": {"h": [[-0.0, -0.05722232818603515, -0.18721068572998045, -0.21288634490966796], [0.0, 0.8265, 0.901332145690918, 1.1547373657226563], [0.0, -0.1331196289062498, -0.3744936523437499, -0.4420375976562499]], "r": [-1.7556425229047214, 4.312047867906388, 0.03651031766132316, 4.260027006598875, -1.1136323097428258, 1.8056840005145656, -0.9516076350554995]}, "14": {"h": [[-0.0, -0.05745803070068359, -0.21571744537353515, -0.28428849029541015], [0.0, 0.8265, 0.8784480247497559, 1.1214314727783203], [0.0, -0.13184851074218767, -0.37197326660156277, -0.4593348388671877]], "r": [-1.6340721641949065, 4.226604826521631, 0.07950145821424374, 4.132481190705796, -1.2919647457693628, 1.5361833811653092, -0.890681786576443]}, "15": {"h": [[-0.0, -0.05729266357421876, -0.25549801635742186, -0.41310632324218743], [0.0, 0.8265, 0.8160592260360717, 1.002413360595703], [0.0, -0.1278764648437501, -0.3716818847656252, -0.49617749023437524]], "r": [-1.4375974232624829, 4.5530278165510785, 0.036478732272992746, 4.523300710611898, -1.4321347559611102, 1.6892759694577035, -2.3301160108122114]}, "16": {"h": [[-0.0, -0.049983551025390635, -0.22826293945312498, -0.4552033081054687], [0.0, 0.8265, 0.6882834625244141, 0.6913168029785156], [0.0, -0.1303631591796875, -0.35769714355468724, -0.5459024658203122]], "r": [-1.6120989731686612, 4.773174242408555, -0.3108883674005927, 4.664902203164919, -1.2610328999952418, 1.543738046861167, -3.4702779181966323]}, "17": {"h": [[-0.0, -0.05289039611816407, -0.1698470001220703, -0.3395080718994141], [0.0, 0.8265, 0.6250185089111329, 0.535537841796875], [0.0, -0.13302746582031216, -0.3623988037109374, -0.5859926757812499]], "r": [-1.8748681525616098, 4.488730305453687, -0.7097476755469473, 5.055202792530976, -1.540146868374518, 1.3337429423313583, 5.16880266389719]}, "18": {"h": [[-0.0, -0.04433161926269531, -0.12221160888671874, -0.22604743957519535], [0.0, 0.8265, 0.6064636688232422, 0.4745801239013672], [0.0, -0.1321215820312503, -0.3644085693359376, -0.608837890625]], "r": [-1.9410799077556349, 4.513730844877737, -0.7571649768581254, 5.287385992610404, -1.7030861392202783, 1.1267628668550014, 1.4408269012449686]}, "19": {"h": [[-0.0, -0.04698229980468749, -0.08239035034179687, -0.10431565856933595], [0.0, 0.8265, 0.5909869995117187, 0.45168385314941406], [0.0, -0.13373596191406217, -0.36911059570312493, -0.6277288818359372]], "r": [-1.9636119944038783, 4.423068209018394, -1.0046753813341411, 5.459003759355329, -1.8681142872884564, 0.8943461104060637, -1.584775117863481]}, "20": {"h": [[-0.0, -0.0375231170654297, -0.04277040100097655, 0.004390029907226561], [0.0, 0.8265, 0.5869562835693359, 0.4338297882080078], [0.0, -0.1288574218750001, -0.3580607910156249, -0.6048073730468748]], "r": [-2.2445316886814033, 4.426832044934877, -0.9009488033656273, 5.463126218742371, -1.7053665158205764, 1.0363081757333412, -4.264040989005356]}, "21": {"h": [[-0.0, -0.03713095855712892, -0.019480720520019534, 0.0915690460205078], [0.0, 0.8265, 0.5889338989257813, 0.4481142883300781], [0.0, -0.12752160644531224, -0.3610157470703124, -0.5917813720703122]], "r": [-2.1769832413822816, 4.383039206234754, -1.0835754855833353, 5.541552601462561, -1.808726438974795, 0.7540229699450484, 0.043375711969391884]},