{"count": 6, "poses_seq": {"0": {"h": [[-0.0, -0.053937034606933595, -0.18573358917236327, -0.20797699737548825], [0.0, 0.8265, 0.63335498046875, 0.7481635131835938], [0.0, -0.14547216796875012, -0.2241534423828127, -0.44786560058593766]], "r": [-1.6276237364674488, 3.969618299800525, 0.5122398426145964, 1.6997888937422392, 1.5639082754594598, 5.666810128079034, -0.5903358203869437]}, "1": {"h": [[-0.0, -0.0492514419555664, -0.22775138092041014, -0.3258536148071289], [0.0, 0.8265, 0.6574599914550782, 0.7755257415771484], [0.0, -0.14263635253906265, -0.26069909667968766, -0.46674719238281265]], "r": [-1.5556769111966977, 4.026716634324624, 0.6992247169229504, 1.38106852420662, 1.8685963747013317, 5.441776191209491, 0.5845159996246019]}, "2": {"h": [[-0.0, -0.05687445831298828, -0.316865119934082, -0.5207766494750977], [0.0, 0.8265, 0.7404992523193359, 0.8307154998779297], [0.0, -0.14558630371093734, -0.3093983154296876, -0.4556036376953126]], "r": [-1.2018267449476714, 3.8855713201313726, 0.3515758303762222, 1.409980989123173, 2.171990377357334, 5.319376860033263, 1.678115636325791]}, "3": {"h": [[-0.0, -0.053371261596679695, -0.3353501586914062, -0.6166265258789062], [0.0, 0.8265, 0.814256441116333, 0.8356206893920899], [0.0, -0.1491287841796874, -0.3003554687499999, -0.3905567626953124]], "r": [-1.0555601982713498, 4.091863173750659, 0.6489707593110324, 1.5960901217854107, 2.1053655146585357, 5.3430069639751405, 1.1074160725177413]}, "4": {"h": [[-0.0, -0.05041294860839844, -0.2650768280029297, -0.44220423889160154], [0.0, 0.8265, 0.6675889129638672, 0.7840452041625976], [0.0, -0.16018652343749978, -0.2214479980468747, -0.4156694335937499]], "r": [-1.3408412265549392, 3.951384794941, 0.5647215047181259, 1.2428727485026032, 2.0098389687766085, 5.398865150553359, -1.885675828295388]}, "5": {"h": [[-0.0, -0.0406858673095703, -0.17679808044433595, -0.2512760467529297], [0.0, 0.8265, 0.633676513671875, 0.7451486206054687], [0.0, -0.1623859863281248, -0.17053759765625004, -0.3998687744140624]], "r": [-1.5817135009401448, 3.777877362048682, 0.3300054215898004, 0.915160663124806, 1.9397959068106745, 5.546907394081955, -0.6495516557683354]}}, "id": 10}