{"count": 14, "poses_seq": {"0": {"h": [[-0.0, -0.034874359130859386, -0.19418646240234377, -0.38179708862304684], [0.0, 0.8265, 0.6634912567138672, 0.6686767578125], [0.0, -0.15597106933593735, -0.24157226562500017, -0.48205932617187514]], "r": [2.673737500751113, 1.353199344031351, -0.15565261753619225, 1.6351846838096002, 1.222880556341936, 4.955955568601467, 3.0197946699919833]}, "1": {"h": [[-0.0, -0.03740821838378905, -0.15911061096191406, -0.26959843444824216], [0.0, 0.8265, 0.6307546081542968, 0.5477583312988281], [0.0, -0.15458618164062515, -0.2306102294921875, -0.519434326171875]], "r": [2.65069054773941, 1.1862542140708523, 0.008052407176725156, 1.385172839470919, 1.2042568850072255, 4.9406863481391055, 4.111704032533257]}, "2": {"h": [[-0.0, -0.046050598144531246, -0.11158790588378906, -0.11246620178222658], [0.0, 0.8265, 0.5689938354492188, 0.4317434234619141], [0.0, -0.13427832031250003, -0.33693701171875007, -0.602841796875]], "r": [2.3595344564480305, 1.3472271852187019, 0.29799167273087246, 1.4730444756090615, 1.2523238570610382, 5.320219712140258, -1.949392143616983]}, "3": {"h": [[-0.0, -0.048359359741210944, -0.09716355895996093, -0.07223452758789062], [0.0, 0.8265, 0.5717575073242187, 0.4334530181884766], [0.0, -0.1273360595703122, -0.33338134765624977, -0.5934002685546873]], "r": [2.4687533192477136, 1.5441149670777288, 0.6641677517698309, 1.4676521375701435, 1.1268096644537724, 5.133798581336303, -4.493831565708909]}, "4": {"h": [[-0.0, -0.05473289489746093, -0.037588516235351574, 0.13089933776855467], [0.0, 0.8265, 0.5883310241699219, 0.4724752960205078], [0.0, -0.12574597167968743, -0.34984423828124994, -0.558638427734375]], "r": [2.3266856268942595, 1.4753111831663226, 0.7402318998908616, 1.4384639732890803, 0.8986317171518577, 4.800974264689254, 4.392386298573733]}, "5": {"h": [[-0.0, -0.05235015869140626, 0.004849411010742183, 0.23944259643554688], [0.0, 0.8265, 0.6188634643554688, 0.543250473022461], [0.0, -0.13317822265625018, -0.35584216308593747, -0.507540283203125]], "r": [2.166734251689722, 1.272224185577223, 0.7254346244878281, 1.4398876141127048, 0.657479841077233, 4.527617962272338, -0.5004758413936348]}, "6": {"h": [[-0.0, -0.0553095703125, 0.04526831817626953, 0.3115222625732422], [0.0, 0.8265, 0.6855987091064454, 0.6938679962158203], [0.0, -0.13521667480468752, -0.3666968994140625, -0.45724719238281236]], "r": [2.013247964451485, 1.4092309592893015, 0.5248410650945446, 1.3454891632564254, 0.8408388362125643, 4.29486716553891, -0.47839010009205135]}, "7": {"h": [[-0.0, -0.06949156951904296, 0.03905327606201172, 0.27277086639404297], [0.0, 0.8265, 0.8204763855934143, 0.9559217681884766], [0.0, -0.14839111328125015, -0.38958471679687495, -0.46330249023437503]], "r": [1.9160544168390623, 1.5647691084849358, 0.3039815761047341, 1.3970995783817084, 1.109597798730908, 3.9399999702315127, -3.2084336123486117]}, "8": {"h": [[-0.0, 0.028776954650878907, 0.0004382171630859383, 0.15498439025878907], [0.0, 0.8265, 0.8735271759033203, 1.0671320343017578], [0.0, -0.14160864257812472, -0.4016738281249999, -0.5056856689453124]], "r": [1.9654182101106983, 1.615053208259179, 0.1912500718941523, 1.4254949624907283, 1.4358847356681996, 3.785827356744959, 0.022409844034766147]}, "9": {"h": [[-0.0, -0.0017806091308593813, -0.06675235748291017, 0.025031929016113286], [0.0, 0.8265, 0.9276018447875977, 1.1433715972900391], [0.0, -0.13953991699218765, -0.4000196533203125, -0.5160120849609375]], "r": [1.9023159790080857, 1.682686800118967, -0.12291049959688989, 1.56928586536422, 1.5168482728890331, 4.043111209035686, -2.0340707824077517]}, "10": {"h": [[-0.0, -0.06214059448242186, -0.14394537353515624, -0.10639889526367187], [0.0, 0.8265, 0.8933624801635742, 1.1204740905761719], [0.0, -0.13467858886718737, -0.4041680908203125, -0.5229858398437499]], "r": [1.6785960253341907, 1.5439859155027673, -0.37882205026207183, 1.4029929476892489, 1.7872376627053268, 3.879257687292425, -0.9472347941413385]}, "11": {"h": [[-0.0, -0.05996888732910155, -0.17144200134277346, -0.17384584045410154], [0.0, 0.8265, 0.8874469680786132, 1.112749740600586], [0.0, -0.1329566650390624, -0.40367895507812507, -0.5353363037109375]], "r": [1.6505499022947865, 1.6062972205111155, -0.5399856106548416, 1.30375506766971, 2.1342563411824833, 4.1276712492623435, -2.8460712934878187]}, "12": {"h": [[-0.0, -0.05737101745605469, -0.20140362548828125, -0.2621625366210938], [0.0, 0.8265, 0.8668509330749512, 1.078066162109375], [0.0, -0.13063549804687496, -0.39737426757812494, -0.5452030029296873]], "r": [1.5556849727002977, 1.5203117912630195, -0.5671804805432099, 1.212677230074214, 2.403414978373843, 3.870248934537231, -1.3301512788361554]}, "13": {"h": [[-0.0, -0.05366808319091797, -0.223000114440918, -0.3593109970092774], [0.0, 0.8265, 0.7806039962768555, 0.9509369277954102], [0.0, -0.1293486328124998, -0.3833491210937499, -0.5597773437499998]], "r": [1.665509519282368, 1.256294296983551, -0.5422860336749444, 1.1008111783253167, 2.5158612375399954, 3.705408660006289, 0.8561659853049455]}}, "id": 1}