{"count": 9, "poses_seq": {"0": {"h": [[-0.0, -0.03510356903076173, -0.20030332183837893, -0.38443769073486334], [0.0, 0.8265, 0.6688333892822266, 0.6765034790039063], [0.0, -0.15634472656250004, -0.2523750000000003, -0.47946264648437525]], "r": [2.764274583471533, 2.337503227490777, -1.924388402680296, 4.06114143606865, 1.0815054569736726, 0.8336347235600212, 1.8429607617724535]}, "1": {"h": [[-0.0, -0.03462140655517579, -0.1665972671508789, -0.29758802032470705], [0.0, 0.8265, 0.6421354064941407, 0.5628702850341798], [0.0, -0.14982507324218758, -0.23314611816406244, -0.5062351074218749]], "r": [2.902878467350803, 2.2238992337550294, -1.8941204645291765, 4.374456821044484, 0.7066439885235216, 1.162146739791577, 3.4796780807585765]}, "2": {"h": [[-0.0, -0.049384246826171874, -0.17664338684082034, -0.20334828186035156], [0.0, 0.8265, 0.5533864746093751, 0.5073518066406251], [0.0, -0.16593469238281228, -0.398051513671875, -0.5479959716796874]], "r": [2.746562897040412, 2.13372586707233, -1.9904981074372825, 4.533862468501728, 0.8402541116431865, 1.2084958386613378, -3.4007410012186243]}, "3": {"h": [[-0.0, -0.048359359741210944, -0.09716355895996093, -0.07223452758789062], [0.0, 0.8265, 0.5717575073242187, 0.4334530181884766], [0.0, -0.1273360595703122, -0.33338134765624977, -0.5934002685546873]], "r": [2.4184643866145485, 1.9222402544465487, -1.7022718563790715, 4.336854267164559, 0.49435483896751703, 1.090407835969338, 0.03616400407524667]}, "4": {"h": [[-0.0, -0.05388728332519531, -0.04649278259277344, 0.09602050781249999], [0.0, 0.8265, 0.5882384948730468, 0.4615686187744141], [0.0, -0.13073168945312502, -0.34664306640625014, -0.5687629394531253]], "r": [2.097539052808154, 2.0615270426987835, -1.6365758506505246, 4.366262537204459, 0.5203229782135791, 1.0610170057990345, 1.0904885098480426]}, "5": {"h": [[-0.0, -0.05400019836425782, -0.04499304199218751, 0.10661882019042969], [0.0, 0.8265, 0.5877440948486328, 0.4628870239257813], [0.0, -0.1297038574218748, -0.3472858886718749, -0.5635439453124997]], "r": [2.15900032873656, 2.2378590205830062, -1.6038546514726286, 4.54501175232978, 0.5853047930745323, 1.2735846629638798, -0.9779604519651526]}, "6": {"h": [[-0.0, -0.05492945098876953, -0.03167087554931641, 0.14439202117919922], [0.0, 0.8265, 0.5912312316894531, 0.4780545043945313], [0.0, -0.12361535644531269, -0.3490101318359374, -0.5522821044921875]], "r": [1.8314875602206877, 2.180205369581084, -1.5590443390397777, 4.421466859579601, 0.7251914586812962, 0.9229257908553455, -0.12293391974447425]}, "7": {"h": [[-0.0, -0.05362736511230469, 0.006593811035156258, 0.2464620056152344], [0.0, 0.8265, 0.6252730712890625, 0.5526401672363281], [0.0, -0.1335489501953125, -0.35431237792968756, -0.5008829345703125]], "r": [1.9380764672959196, 2.472045187263516, -1.5337183440975979, 4.491959093650175, 0.48448152241165926, 1.3019105552607528, -0.46953823465643285]}, "8": {"h": [[-0.0, -0.05612030792236329, 0.054874420166015625, 0.3219973220825195], [0.0, 0.8265, 0.7005418090820312, 0.7166780319213868], [0.0, -0.14145874023437505, -0.3789027099609375, -0.46338220214843756]], "r": [1.771968338125669, 2.691693200413139, -1.7120950556723882, 4.36726098883625, 0.79133459224871, 1.1930490997022436, 1.263762121765437]}}, "id": 1}