{"count": 53, "poses_seq": {"0": {"h": [[-0.0, -0.043506126403808604, -0.019057914733886724, 0.1331554641723633], [0.0, 0.8265, 0.9486067733764648, 1.0528975830078124], [0.0, -0.1982674560546876, -0.4581915283203127, -0.6391038818359376]], "r": [-4.3552099290125605, 1.6272576469886837, 0.25832883599932144, 1.9227888165767053, 0.6531543818567116, 4.09360094211288, 0.05466796412660825]}, "1": {"h": [[-0.0, -0.05270526504516601, -0.08034350967407226, -0.008797451019287111], [0.0, 0.8265, 1.0051794738769533, 1.1140490417480469], [0.0, -0.22371972656249978, -0.4622856445312498, -0.6832094726562499]], "r": [1.9752642881824745, 1.5719034902976707, 0.20713406354281838, 1.9377008645151481, 0.4862332837275353, 3.900131063751828, -1.1631114346802114]}, "2": {"h": [[-0.0, -0.04976379394531251, -0.24108489990234377, -0.12157110595703126], [0.0, 0.8265, 0.8904173812866212, 1.0041026916503908], [0.0, -0.1571823730468747, -0.31376220703124985, -0.5090372314453122]], "r": [2.131645460666757, 1.539715619128602, 0.008392742909475639, 1.8646212260103325, 0.5892240824843733, 4.242522117883567, -1.2826976059591435]}, "3": {"h": [[-0.0, -0.05117648315429686, -0.23419049072265624, -0.06319541931152343], [0.0, 0.8265, 0.8781795387268067, 0.9952703399658203], [0.0, -0.15818334960937525, -0.3094998779296874, -0.4638751220703126]], "r": [2.446577243741144, 1.6678787193435107, 0.2646320002694101, 1.7388752049625344, 0.5652923003079519, 4.172043926416048, 1.062355006493481]}, "4": {"h": [[-0.0, -0.048200370788574226, -0.18894927215576174, 0.0405407943725586], [0.0, 0.8265, 0.8873622283935547, 0.9792756805419922], [0.0, -0.1535451660156249, -0.3231878662109376, -0.4048725585937501]], "r": [2.476313549084226, 1.8414984951790836, 0.20891944491905276, 1.6270719533455127, 0.8440716103292901, 4.264720237245541, 0.18194661174115218]}, "5": {"h": [[-0.0, -0.056268608093261716, -0.09015811920166016, 0.1699087142944336], [0.0, 0.8265, 0.9250983581542969, 0.9900051879882813], [0.0, -0.15204663085937492, -0.34930895996093764, -0.3497282714843751]], "r": [2.27719446242081, 2.080434800564474, 0.18100779415450355, 1.7535418585259643, 0.9272533360844869, 4.521421187921183, 2.413942416290589]}, "6": {"h": [[-0.0, -0.056815040588378905, -0.0133045425415039, 0.22039382934570315], [0.0, 0.8265, 0.9977824707031251, 1.0869745330810547], [0.0, -0.1683521728515623, -0.36807641601562496, -0.4380843505859376]], "r": [2.4235473661731555, 2.4278437300716025, 0.3368404059719004, 1.904846355836704, 1.214170620779471, 4.560345522655353, 4.228251658340808]}, "7": {"h": [[-0.0, -0.05138806915283203, -0.03229597473144531, 0.15200373840332032], [0.0, 0.8265, 1.0188614654541017, 1.136696792602539], [0.0, -0.17933007812500007, -0.39490234375000016, -0.53200537109375]], "r": [2.375755921775003, 2.5071198219051958, 0.4669933619146137, 2.2694885835904266, 1.1796502592366058, 4.714933422045051, 0.3950968439593976]}, "8": {"h": [[-0.0, -0.05439384078979492, -0.0685184669494629, 0.040169681549072266], [0.0, 0.8265, 1.0168458404541016, 1.1510571899414064], [0.0, -0.18033093261718763, -0.4197084960937501, -0.6168129882812501]], "r": [2.564725399622841, 2.578800003260345, 0.6064028797226113, 2.159448217779048, 1.4018756917475752, 4.645874140845115, -1.5647292815655705]}, "9": {"h": [[-0.0, -0.060875122070312496, -0.13092752838134764, -0.1011101760864258], [0.0, 0.8265, 1.0091533813476563, 1.1518004608154297], [0.0, -0.17398889160156267, -0.4180539550781251, -0.6392628173828125]], "r": [2.7179190424378987, 2.246016465554144, 0.4333121304421388, 1.9747761585295502, 1.3541939650557786, 4.378786348697044, -4.503193347749063]}, "10": {"h": [[-0.0, -0.0599302864074707, -0.2193874168395996, -0.26233813095092773], [0.0, 0.8265, 0.9848706817626953, 1.1361259155273438], [0.0, -0.17211425781249973, -0.3786422119140625, -0.6103598632812499]], "r": [2.6796919389164446, 2.0970413759389412, 0.15978840352549156, 2.0608192684705036, 1.4994687129226056, 4.601418355975056, 1.7141124520779367]}, "11": {"h": [[-0.0, -0.05166127777099609, -0.27878040313720703, -0.24013440704345707], [0.0, 0.8265, 0.8832380981445312, 1.0453740997314453], [0.0, -0.17084729003906213, -0.3062650146484374, -0.5103704833984373]], "r": [2.7579959115627943, 2.097743967194123, 0.07838861095667654, 1.8390942743956058, 1.591819498637118, 4.788113185371894, 0.3163385769160464]}, "12": {"h": [[-0.0, -0.048965911865234385, -0.2616091461181641, -0.1447438507080078], [0.0, 0.8265, 0.8723306159973145, 1.033905776977539], [0.0, -0.16258068847656243, -0.29210888671875007, -0.4577711181640625]], "r": [2.714947630515961, 2.41616960801378, 0.18427158249254905, 1.8929057409291552, 1.7267363508301872, 5.117136987425811, 1.8571141995398577]}, "13": {"h": [[-0.0, -0.04649868774414062, -0.2287103576660156, -0.045897872924804684], [0.0, 0.8265, 0.8719502067565919, 1.022906524658203], [0.0, -0.15887573242187508, -0.3034796142578125, -0.41094262695312495]], "r": [2.4373648580395453, 2.650474709124227, 0.5628396339185127, 1.641481472175313, 2.119998087851861, 5.4122298802735544, 2.8692797249820874]}, "14": {"h": [[-0.0, -0.043075843811035144, -0.17358647918701176, 0.05240929412841797], [0.0, 0.8265, 0.8842695007324219, 1.0157742309570312], [0.0, -0.16609216308593738, -0.33895617675781226, -0.38139624023437496]], "r": [2.364703235456331, 2.768031145919738, 0.7312107831368392, 1.433912162884243, 2.1692138681328004, 5.386375636465478, 2.337422596748091]}, "15": {"h": [[-0.0, -0.056653556823730467, -0.07182213592529296, 0.17968279266357423], [0.0, 0.8265, 0.894001708984375, 0.9930125885009766], [0.0, -0.1552386474609378, -0.3660798339843752, -0.34207629394531264]], "r": [2.0217385198592854, 2.942781708761881, 0.9840849594755475, 1.6443439704648035, 1.8628913353336807, 5.362695825811219, 5.123377564703208]}, "16": {"h": [[-0.0, -0.05609733963012695, 0.008007671356201174, 0.23909594345092774], [0.0, 0.8265, 1.008282928466797, 1.1106825103759765], [0.0, -0.1729696044921874, -0.35388024902343745, -0.42403259277343747]], "r": [1.7391539025490086, 2.8930124037656793, 1.1901794852637566, 1.922471698436007, 1.998170278212588, 5.151705246994417, -3.7160692641787105]}, "17": {"h": [[-0.0, -0.038405895233154304, 0.006749641418457027, 0.1874055290222168], [0.0, 0.8265, 1.0345047760009765, 1.167745086669922], [0.0, -0.19006457519531256, -0.3978426513671876, -0.5310179443359375]], "r": [1.8913800227902042, 2.6919969442118323, 0.8348820615018726, 1.975441246824688, 2.1601001279932217, 5.065124152646223, 0.5793458613782112]}, "18": {"h": [[-0.0, -0.040308135986328125, -0.037467941284179684, 0.07576229858398437], [0.0, 0.8265, 1.0508207397460938, 1.2120851593017579], [0.0, -0.1981209716796875, -0.41136267089843753, -0.5970472412109373]], "r": [2.1404347522438454, 2.5742455491342016, 0.696346141452612, 1.8425417228223286, 2.28533771911102, 4.9391508006434535, 0.6677586372782788]}, "19": {"h": [[-0.0, -0.05528199768066406, -0.10202091217041018, -0.07252304840087892], [0.0, 0.8265, 1.0193829803466796, 1.1843316345214843], [0.0, -0.180785888671875, -0.39680261230468755, -0.6031282958984376]], "r": [2.5029240740336003, 2.492573105308914, 0.9034133762876054, 1.4846725421144118, 2.662310283663978, 4.802751841897403, 1.191797649446263]}, "20": {"h": [[-0.0, -0.052752288818359375, -0.16329496002197263, -0.20086533355712893], [0.0, 0.8265, 1.0078336791992186, 1.1698515319824219], [0.0, -0.1821798095703125, -0.39664013671875004, -0.60458251953125]], "r": [2.7754871036193456, 2.41565549193307, 0.8551439811579796, 1.4118450445274677, 2.651890197985766, 4.671191640652558, -0.1481630682406861]}, "21": {"h": [[-0.0, -0.05231611633300781, -0.2827415008544922, -0.2587272491455078], [0.0, 0.8265, 0.8807110633850098, 1.064825668334961], [0.0, -0.1473951416015627, -0.284070556640625, -0.4675130615234376]], "r": [2.9701438128722875, 2.248080152600499, 0.5499518383240346, 1.146706183716494, 2.5581683187740905, 4.807817406052283, 2.6743121504384497]},