{"count": 12, "poses_seq": {"0": {"h": [[-0.0, -0.052318481445312495, -0.28981541442871095, -0.49427934265136725], [0.0, 0.8265, 0.6217828521728516, 0.49506596374511724], [0.0, -0.12802258300781216, -0.23950280761718729, -0.41674536132812495]], "r": [-2.899828028227141, 1.067649035760176, 4.097554897553466, 4.593415896659958, 0.152226811981565, 1.7400284321624153, -1.640554792376694]}, "1": {"h": [[-0.0, -0.052058914184570315, -0.2595195770263672, -0.38750108337402345], [0.0, 0.8265, 0.6192952880859375, 0.5217558135986329], [0.0, -0.12758471679687516, -0.2281572265625001, -0.4739824218750002]], "r": [-3.1116968216710057, 1.2898980909584998, -1.97388283541077, 4.484911652841938, -0.07028035641031193, 1.5663829759848364, 0.02008469918233341]}, "2": {"h": [[-0.0, -0.051098083496093766, -0.25567970275878904, -0.2992479095458984], [0.0, 0.8265, 0.6324543151855468, 0.6180566711425781], [0.0, -0.1330494384765622, -0.2362701416015625, -0.5215233154296872]], "r": [-3.11164343706615, 1.3816040928695192, -2.115214822979181, 4.7145424337172175, 0.07898535827278612, 1.945037376724285, 1.4367763940983047]}, "3": {"h": [[-0.0, -0.04864852905273437, -0.2466903839111328, -0.2346713409423828], [0.0, 0.8265, 0.7101029891967774, 0.8202120895385743], [0.0, -0.13046154785156255, -0.23572473144531242, -0.48341247558593753]], "r": [-3.1084903531776296, 1.7662329319402363, -2.2797632208854264, 4.614186569737981, 0.03163684711243623, 2.033426137849471, 3.4246880056289863]}, "4": {"h": [[-0.0, -0.04470468139648438, -0.28887890625, -0.32960186767578126], [0.0, 0.8265, 0.8144559164047241, 1.023599578857422], [0.0, -0.13417700195312482, -0.28527124023437495, -0.4305875244140625]], "r": [-3.0466598715294317, 1.8872739056214314, -2.4720870955870025, 4.3856007822635155, 0.08809730542056499, 2.069613464137645, -4.085812135474459]}, "5": {"h": [[-0.0, -0.04541477966308592, -0.31593139648437496, -0.42235339355468743], [0.0, 0.8265, 0.8449592781066895, 1.055544219970703], [0.0, -0.13707409667968734, -0.279740234375, -0.4004163818359375]], "r": [-2.721901688622053, 2.142989134436849, -2.2441696921813796, 4.255139191110827, -0.06647304637439774, 1.9941806849133143, 4.461314399013176]}, "6": {"h": [[-0.0, -0.04705233001708983, -0.3334482498168946, -0.5286770095825195], [0.0, 0.8265, 0.843939323425293, 1.0313329162597658], [0.0, -0.13771252441406273, -0.25841723632812524, -0.3574395751953126]], "r": [-2.5585590060309578, 1.9725370821345956, -2.281441252204672, 4.507093023769924, -3.290030801821747e-05, 2.326024956011804, -3.3786015362029493]}, "7": {"h": [[-0.0, -0.04717530822753907, -0.3632559051513672, -0.6465262908935547], [0.0, 0.8265, 0.8220895576477051, 0.8978491973876953], [0.0, -0.13649804687499972, -0.2441464843749997, -0.3000727539062498]], "r": [-2.6014377840023264, 1.7327693540903075, -2.334114559093509, 4.41751969315935, 0.25112613857976557, 2.0362279158586283, 4.985048921621248]}, "8": {"h": [[-0.0, -0.05167838287353514, -0.3539634780883789, -0.6342413101196289], [0.0, 0.8265, 0.6841131591796875, 0.578111587524414], [0.0, -0.14557702636718767, -0.24571667480468756, -0.29031591796875006]], "r": [-2.5129494219765305, 1.5581821764889532, -1.9413176603470237, 4.537862185013277, 0.12073084520970297, 1.812109016969341, 0.04073008658988478]}, "9": {"h": [[-0.0, -0.05598410034179689, -0.2816924133300781, -0.5117137756347657], [0.0, 0.8265, 0.5900151519775391, 0.4156488800048828], [0.0, -0.14736730957031235, -0.2671234130859373, -0.3619383544921873]], "r": [-2.67581304456371, 1.4586107107923196, -1.7167558627753163, 4.581663386658287, 0.08079695357774491, 1.6466197668632019, -1.8813163583019616]}, "10": {"h": [[-0.0, -0.052390686035156245, -0.15978245544433595, -0.2545916900634766], [0.0, 0.8265, 0.5586377410888672, 0.4047260894775391], [0.0, -0.14586108398437486, -0.3157167968749999, -0.5516895751953124]], "r": [-2.9912230532993327, 1.4189591589789343, -1.85320933452127, 4.89357197861945, 0.3635258339758378, 2.0104942429185777, -4.132687945520946]}, "11": {"h": [[-0.0, -0.04877471923828125, -0.10718179321289062, -0.11770072937011719], [0.0, 0.8265, 0.565364227294922, 0.4427610168457031], [0.0, -0.13625634765624978, -0.3325808105468749, -0.6023652343749999]], "r": [-3.13458599112345, 1.5879571912835484, -1.658577301327058, 5.011685176629582, 0.01834472535231247, 2.2839612571520296, 2.811576773301009]}}, "id": 3}