{"count": 7, "poses_seq": {"0": {"h": [[-0.0, -0.06054564666748047, -0.018769737243652343, 0.15107099151611328], [0.0, 0.8265, 0.6153976593017578, 0.5603909454345704], [0.0, -0.13777783203125, -0.36022705078125, -0.583734619140625]], "r": [-2.293774765127942, 3.5531132012639803, -2.6218078592829266, 4.3810005840775466, 0.022666570742471588, 1.4301973100860237, 2.7985611981891756]}, "1": {"h": [[-0.0, -0.06733383178710937, 0.02377011871337891, 0.25334988403320313], [0.0, 0.8265, 0.6575333099365235, 0.6604047241210937], [0.0, -0.14514892578125022, -0.37335681152343764, -0.5384177246093751]], "r": [-2.5948330017569896, 3.2205436261233227, -2.386822915804093, 4.593690315543855, -0.28135756566418857, 1.7843785916053405, 5.1611424003589805]}, "2": {"h": [[-0.0, -0.07016635131835937, 0.05576160430908203, 0.3076999893188477], [0.0, 0.8265, 0.7144603118896484, 0.778617805480957], [0.0, -0.16291442871093748, -0.39250512695312484, -0.49095703124999984]], "r": [-2.9723114872943674, 3.1182268634621595, -2.0162701252682282, 4.502912145983993, -0.5268445088992528, 1.7233416163086592, -0.47149621927121776]}, "3": {"h": [[-0.0, -0.08106966400146484, 0.031241096496582032, 0.20970236968994138], [0.0, 0.8265, 0.8642345046997071, 1.0448677978515626], [0.0, -0.17296386718750006, -0.4091336669921875, -0.4991252441406249]], "r": [-3.0698277991234657, 2.8620889451443228, -2.0298515463241174, 4.205729212968251, -0.5205710485511366, 1.833081241661309, -0.5013553489770891]}, "4": {"h": [[-0.0, -0.08537513160705566, -0.03027303886413574, 0.09454887199401855], [0.0, 0.8265, 0.852884651184082, 1.0426676788330078], [0.0, -0.1622604980468752, -0.43181274414062504, -0.55978271484375]], "r": [-2.8577106127578076, 3.0319562505737245, -1.8818570104178396, 4.028189282433379, -0.45901542693917974, 1.6907767745851385, 2.5786808908916976]}, "5": {"h": [[-0.0, -0.07014806365966797, -0.06057183837890625, 0.02268865966796875], [0.0, 0.8265, 0.8416096725463867, 1.0129458770751953], [0.0, -0.15331860351562493, -0.45946118164062494, -0.6341958007812498]], "r": [-2.8428424659617786, 2.8755010214416563, -1.8874427263664701, 4.347792636054213, -0.5560390844864513, 2.054351126461245, 5.203733709526365]}, "6": {"h": [[-0.0, -0.07282471084594727, -0.08750677871704102, -0.04758153915405274], [0.0, 0.8265, 0.7762417831420898, 0.8897450256347657], [0.0, -0.15296337890624995, -0.4538095703125001, -0.6786865234374999]], "r": [-3.102012913653263, 2.8504061232305187, -1.6313807903440036, 4.375020072076444, -0.3007212600027826, 2.0341058605455418, -0.45933753531467436]}}, "id": 4}