{"count": 16, "poses_seq": {"0": {"h": [[-0.0, -0.05771347808837891, -0.07516300964355468, 0.023607284545898437], [0.0, 0.8265, 1.0827228546142578, 1.3194705963134765], [0.0, -0.17070324707031254, -0.3365869140625, -0.42827233886718746]], "r": [-1.0160774433731794, 3.002196822585726, 0.32409235995856606, 2.0339934250097667, -1.7672516681400863, 4.708885578688385, -1.6704142034807081]}, "1": {"h": [[-0.0, -0.05889878845214844, -0.11223480224609374, -0.08395704650878906], [0.0, 0.8265, 1.0779369354248047, 1.3425841522216797], [0.0, -0.16150122070312506, -0.32583947753906256, -0.4307438964843751]], "r": [-0.9978303174205003, 3.1523367853232713, 0.5808733609071144, 2.130616353897446, -2.0276801525293244, 4.881258157949606, -0.039688447942416855]}, "2": {"h": [[-0.0, -0.06168951416015625, -0.16102733612060546, -0.21243898773193362], [0.0, 0.8265, 1.0721166076660156, 1.3376184844970704], [0.0, -0.15791809082031244, -0.31829138183593747, -0.42969250488281246]], "r": [-0.995017542631222, 2.9819890676633976, 0.588445612344498, 1.9575186602231267, -1.689407833179339, 4.50147890458197, 0.4894695467630568]}, "3": {"h": [[-0.0, -0.05883758544921874, -0.19213668060302735, -0.2965324630737305], [0.0, 0.8265, 1.0545597229003907, 1.3005131072998046], [0.0, -0.16322229003906258, -0.32127001953124995, -0.43728466796874993]], "r": [-1.0435060692093272, 3.1604285715575124, 0.9144783192954813, 2.03788560811217, -1.888701776913172, 4.755099895808011, 2.226047778588928]}, "4": {"h": [[-0.0, -0.05311066436767577, -0.23349182891845705, -0.41628083038330077], [0.0, 0.8265, 1.0218472747802734, 1.2200420379638672], [0.0, -0.16820239257812492, -0.31817358398437495, -0.42608312988281255]], "r": [-0.8396652634347332, 3.2474331613376455, 0.9554953255701624, 2.247922499790053, -1.6283001127360437, 4.818936736818298, 4.201250780409779]}, "5": {"h": [[-0.0, -0.04897345733642579, -0.3022543106079102, -0.5638556900024414], [0.0, 0.8265, 0.955092254638672, 1.0643197021484374], [0.0, -0.1651937255859373, -0.3100230712890622, -0.3932374267578123]], "r": [-0.5536173576193975, 3.540499220332576, 1.1144834551639136, 2.419624883034123, -1.798322081393531, 5.180845419811654, 0.8122863752675321]}, "6": {"h": [[-0.0, -0.046503639221191426, -0.344388298034668, -0.6346270675659179], [0.0, 0.8265, 0.8043267688751221, 0.7697059478759766], [0.0, -0.16139819335937516, -0.31118408203125, -0.3762917480468751]], "r": [-0.5701823983248191, 3.8045628125606994, 1.1388211179765464, 2.075778984633818, -1.6526864473592249, 5.418221481181781, -1.582596604511926]}, "7": {"h": [[-0.0, -0.03678082275390625, -0.3038263244628906, -0.5580536804199219], [0.0, 0.8265, 0.9464379119873048, 1.0802427215576171], [0.0, -0.1643345947265627, -0.3035153808593752, -0.37746691894531265]], "r": [-0.6446266407288918, 3.5136043802733967, 1.196634305999525, 2.1738453471256665, -1.9038032403209608, 5.17863518448632, -2.3003277509758617]}, "8": {"h": [[-0.0, -0.043082984924316406, -0.23805559539794918, -0.3951798629760742], [0.0, 0.8265, 1.0167178039550782, 1.246790283203125], [0.0, -0.16092602539062512, -0.30557617187500014, -0.3913598632812501]], "r": [-0.7864996164894111, 3.3768048910881183, 1.164647839623818, 2.2011209657189763, -2.1595365562006363, 5.0807567903512, -5.345370401805892]}, "9": {"h": [[-0.0, -0.04240645599365235, -0.1701302490234375, -0.24384271240234376], [0.0, 0.8265, 1.0539051818847656, 1.322066909790039], [0.0, -0.1656192626953124, -0.32750439453124996, -0.4188839111328125]], "r": [-0.7818310689167183, 3.321113883694301, 0.8217879124841821, 2.267962013755298, -2.2378430055377745, 5.040948956550931, -0.048344655162322975]}, "10": {"h": [[-0.0, -0.041405349731445315, -0.13456932067871094, -0.1540270233154297], [0.0, 0.8265, 1.0632422943115234, 1.339668731689453], [0.0, -0.16911584472656266, -0.33333483886718757, -0.4269205322265626]], "r": [-0.9320581319314005, 3.1157209934346164, 0.5670062048178677, 1.9737435006974682, -2.04701003074658, 4.804792965905331, -2.023914332756509]}, "11": {"h": [[-0.0, -0.044556537628173826, -0.0903549461364746, -0.0680926170349121], [0.0, 0.8265, 1.07153271484375, 1.3456415557861328], [0.0, -0.17139001464843734, -0.33693029785156253, -0.428302001953125]], "r": [-0.991826311314458, 3.081911883661042, 0.4359220667296364, 1.9298436107667025, -2.07147728957842, 4.781607264824344, -1.3961255804733264]}, "12": {"h": [[-0.0, -0.04946617889404298, -0.049885696411132815, 0.02528034973144531], [0.0, 0.8265, 1.0736216888427734, 1.3406206359863282], [0.0, -0.1779531250000002, -0.3401568603515626, -0.42373815917968766]], "r": [-1.0972378777484644, 2.950268543437334, 0.2784339375966123, 1.747456563367432, -2.0418728975949803, 4.596701412852634, -0.7634658542148244]}, "13": {"h": [[-0.0, -0.005195812225341795, 0.0394304313659668, 0.18313570404052734], [0.0, 0.8265, 1.0339175262451172, 1.2678648681640625], [0.0, -0.1717753906250002, -0.3389558105468751, -0.39771325683593745]], "r": [-1.433399474836295, 3.091506645844469, 0.2121284110486913, 1.7407534570033258, -2.18556403505567, 4.8334478607806, -0.8737243601359926]}, "14": {"h": [[-0.0, -0.057976421356201166, 0.04823527908325195, 0.2477712059020996], [0.0, 0.8265, 1.0085924682617187, 1.1953301391601563], [0.0, -0.16934094238281233, -0.3408891601562501, -0.355082763671875]], "r": [-1.6682067268356022, 3.218661280327185, 0.025302278214181455, 1.5110294451944095, -2.502449605268288, 5.113549059704828, -0.6932861506670556]}, "15": {"h": [[-0.0, -0.05284431934356689, 0.12497130870819093, 0.3841895017623901], [0.0, 0.8265, 0.9586584930419922, 1.0696592254638673], [0.0, -0.19413903808593763, -0.3301912841796875, -0.28406640625000007]], "r": [-1.9587763496648523, 3.4068996817809842, -0.3388083820082798, 1.2613658458257848, -2.6300795953783735, 5.352959191950157, -1.6464272547511016]}}, "id": 3}