{"count": 7, "poses_seq": {"0": {"h": [[-0.0, -0.07125576782226563, 0.025075012207031247, 0.24642192077636718], [0.0, 0.8265, 0.8394796829223633, 0.9883399810791016], [0.0, -0.14715332031250022, -0.39119946289062507, -0.47152917480468753]], "r": [-1.555330289654798, 3.5453554051359215, 0.21081775001927988, 2.0949869173480247, 1.3388901432333873, 0.8744815838936053, -2.0264794229322294]}, "1": {"h": [[-0.0, 0.004142662048339851, -0.018304870605468745, 0.12517311096191408], [0.0, 0.8265, 0.8982688522338866, 1.0993678283691406], [0.0, -0.1356666259765627, -0.4059776611328126, -0.5063973388671874]], "r": [-1.1688224995844179, 3.4057849262734265, 0.11546274907481943, 2.1938133464411815, 1.3488654448555764, 1.1090880368554843, -2.630940082732727]}, "2": {"h": [[-0.0, -0.0017806091308593813, -0.06675235748291017, 0.025031929016113286], [0.0, 0.8265, 0.9276018447875977, 1.1433715972900391], [0.0, -0.13953991699218765, -0.4000196533203125, -0.5160120849609375]], "r": [-1.0486714998356448, 3.6280287219045646, -0.07167878538156094, 2.3493899044242323, 0.9897123060549361, 1.015543408865547, -2.9601532688055743]}, "3": {"h": [[-0.0, -0.062489845275878905, -0.1389218521118164, -0.09489226531982421], [0.0, 0.8265, 0.8969549255371094, 1.1245419158935548], [0.0, -0.13394384765624984, -0.40680163574218736, -0.5247684326171873]], "r": [-1.0761291755145908, 3.922909073815312, -0.2421596067261391, 2.6777346749095443, 0.6662197939727483, 0.932582875776468, -0.4381755523622448]}, "4": {"h": [[-0.0, -0.061007003784179684, -0.1620448455810547, -0.1591548614501953], [0.0, 0.8265, 0.8890182723999023, 1.114139434814453], [0.0, -0.13294885253906258, -0.4036376953125001, -0.5313267822265624]], "r": [-1.1693298404222823, 3.9721545175162576, -0.4521355549657598, 2.590100163307359, 0.4029979053104941, 0.8910893999884039, 0.009095287359114461]}, "5": {"h": [[-0.0, -0.058033409118652346, -0.20024877166748048, -0.251170768737793], [0.0, 0.8265, 0.8692082595825196, 1.0839976654052734], [0.0, -0.13051123046874996, -0.39769189453125003, -0.542751708984375]], "r": [-1.1944675510723384, 4.101825844288004, -0.8157989233709819, 2.773033068660297, 0.43131470215041545, 0.915358751237529, 2.364823228027514]}, "6": {"h": [[-0.0, -0.05661652374267577, -0.2245810012817383, -0.34012537384033203], [0.0, 0.8265, 0.8115210752487183, 0.998647933959961], [0.0, -0.12913134765624995, -0.38562499999999994, -0.5476096191406248]], "r": [-1.1048826067070554, 4.13871295815419, -0.5895116951439698, 2.6907286343288757, 0.09644209458312682, 0.778962018140492, -0.45725293754042273]}}, "id": 7}