{"e_score_std": [[0.271054208278656, 0.23697125911712646, 0.2177690714597702, 0.1644849181175232, 0.14170236885547638, 0.049846574664115906, 0.03548261150717735, 0.0963057205080986, 1.173655803654583e-07], [0.2944878935813904, 0.2881632447242737, 0.2721360921859741, 0.22804617881774902, 0.22501184046268463, 0.1639317125082016, 0.1892516165971756, 0.1758202314376831, 2.486856089944922e-07]], "x": [0, 1, 2, 3, 4, 5, 6, 7, 8], "score": [[0.1635608950347396, 0.11408692139013767, 0.06488839391437003, 0.04668548614053297, 0.043825857530933494, 0.037807794136758145, 0.03745679937874557, 0.044494373434917044, 0.03730883821679757], [0.19353974416357808, 0.15943808654367655, 0.12334439403630797, 0.07364136126038277, 0.06414562729750083, 0.04090812757566582, 0.04001027148084918, 0.05082640362540798, 0.038775518146391574]], "score_std": [[0.06336006716502693, 0.09709985428705178, 0.029013144513606037, 0.011344763999512982, 0.010157003357474256, 0.007284779194095747, 0.007178540881290864, 0.009119602002298036, 0.007139850530007765], [0.07784508366959188, 0.08191300988383736, 0.069589084715093, 0.03199446905404506, 0.0288448851836774, 0.016190797629583625, 0.01575512256625978, 0.015648255621191973, 0.013617632882052071]], "e_score": [[1.031215786933899, 0.6822991967201233, 0.5667850971221924, 0.37259525060653687, 0.3033299744129181, 0.07224356383085251, 0.009865946136415005, 0.3105456233024597, 2.38603963254036e-08], [1.2472503185272217, 0.9365296363830566, 0.8092535138130188, 0.5906134247779846, 0.5140835046768188, 0.15654370188713074, 0.07351968437433243, 0.6414055824279785, 5.048084972258948e-08]]}