{"purchases": {"closest_partial": {"euler": [2.076385775524873, 2.071542381275588, 2.1171089443746607, 2.132229654186095, 2.1721073444040386, 2.2301884824381095, 2.282187628477977, 2.3432579814726457, 2.3888817522370873, 2.3802970204030274]}, "add": {"euler": [0.398960851416966, 0.6720991961898487, 0.8609048985250704, 0.9646370266132731, 1.0166498542929236, 1.10557157692854, 1.2105466183040339, 1.3117733803355223, 1.359146347652079, 1.3905202064578175]}, "fn": {"euler": [0.3821083103463082, 0.6351266197777308, 0.7884187406641857, 0.8552807726906202, 0.9184450543846949, 1.021753301742228, 1.1231659436066268, 1.2200901577128078, 1.2732006806630374, 1.2805787825065131]}, "closest": {"euler": [2.2250427950476666, 2.190057631702533, 2.231244446887972, 2.251460517437626, 2.283721181526349, 2.301842635408005, 2.3249826936637845, 2.361105442884163, 2.3796727195311482, 2.358468275771624]}, "mean-5": {"euler": [2.0905657726381675, 2.0737039993233406, 2.109947574388896, 2.1306384871956494, 2.1638414956787604, 2.1922187833036286, 2.2074431057593635, 2.237808561170978, 2.253000666012, 2.228981872430131]}}, "walking": {"closest_partial": {"euler": [1.607227369614655, 1.604811182309712, 1.6042436400651028, 1.6080388859170254, 1.6129857699223942, 1.6157064918762853, 1.6131672404357182, 1.6153848012598018, 1.6106174263460944, 1.5996680712680238]}, "add": {"euler": [0.39263629438439757, 0.4954286409101234, 0.6193685378214369, 0.7289416484570151, 0.8196389087910513, 0.8901440379605543, 0.9699649368197129, 1.0589254066090021, 1.1399579931819959, 1.2123669919272677]}, "fn": {"euler": [0.21806160122973867, 0.285180426362457, 0.36719469231376684, 0.44251815631645963, 0.5154953745329034, 0.5668422536567282, 0.6192966474237654, 0.6668132283241475, 0.7069741827444593, 0.7371951827609514]}, "closest": {"euler": [1.609982865726814, 1.6058010231749686, 1.6072046559918043, 1.612682201081161, 1.6146631328946406, 1.6160000872312332, 1.6171017654284454, 1.6204374957666245, 1.6094899209849824, 1.5863693074796466]}, "mean-5": {"euler": [1.5675906385700646, 1.5593198250112357, 1.557028080734872, 1.5585548696202314, 1.5611021784607046, 1.5621279283744032, 1.5597085641474275, 1.5607277397488082, 1.5505500689346978, 1.5369199808246639]}}, "takingphoto": {"closest_partial": {"euler": [2.113691727707198, 2.1250627134899522, 2.1639136041134552, 2.216466158852923, 2.2585858604238145, 2.3099851661991444, 2.3549233956874005, 2.404516773874464, 2.4483115246775644, 2.478017688091889]}, "add": {"euler": [0.20947979976323813, 0.2653896063533174, 0.3770032100436648, 0.48657484789726285, 0.5538327571580214, 0.6245219632859256, 0.6953174007851495, 0.7706217458381022, 0.8458439210630907, 0.9131420806198994]}, "fn": {"euler": [0.21162740953587497, 0.29075037123516606, 0.4156414429781902, 0.544435456582932, 0.6328366306033616, 0.7285951295842863, 0.8182595895755465, 0.9070702533497147, 0.988113466017421, 1.0507302038892918]}, "closest": {"euler": [2.077677426694142, 2.0857415654464417, 2.1139725626963735, 2.1499352265979623, 2.1601071454633547, 2.1771549801487153, 2.2011375494622114, 2.2321860940080698, 2.2668550469178745, 2.290376190353469]}, "mean-5": {"euler": [1.9948851061072828, 2.0055313636692675, 2.0419883743940983, 2.0850369510068774, 2.104264617178564, 2.1310898746294606, 2.161340113380968, 2.202345342649542, 2.245328807928004, 2.2735487228572326]}}, "eating": {"closest_partial": {"euler": [1.6673918629098603, 1.6726885969172787, 1.6688236414331294, 1.6745627944456736, 1.666903892708889, 1.66180223978617, 1.6712519191122852, 1.693384474211138, 1.7226877456398864, 1.7577616680003496]}, "add": {"euler": [0.2777743981877479, 0.3480827685781357, 0.41769285359046104, 0.5177622892081636, 0.601352378984461, 0.6647500048028682, 0.7273348710821163, 0.7833803498730868, 0.841562698259125, 0.9057822497508844]}, "fn": {"euler": [0.18716122590628187, 0.2524869861555632, 0.308870444000429, 0.38653645923182456, 0.4470955173719301, 0.5015946949535813, 0.5636770867994262, 0.6172892713268775, 0.6738776673581907, 0.7364659810742564]}, "closest": {"euler": [1.791653879650183, 1.8013606021066104, 1.7956827432315277, 1.7916088771431165, 1.7734517163077026, 1.7537145970862298, 1.7394554745719852, 1.7325947495401945, 1.7434872402327302, 1.7664065773802426]}, "mean-5": {"euler": [1.7431980114045524, 1.7545917453573268, 1.7529451476867353, 1.7542055122219609, 1.7398561587115369, 1.723425814037723, 1.71249480677704, 1.7078613765795478, 1.7174280531047506, 1.7425369140363718]}}, "sitting": {"closest_partial": {"euler": [2.851135774920897, 2.860083734215243, 2.876536587391906, 2.9056887031940746, 2.9229208953968318, 2.9485528195448496, 2.9874668009052967, 3.0197681859458085, 3.0386625975880297, 3.0644170643888793]}, "add": {"euler": [0.3497427211044854, 0.4566615115831222, 0.5530786611322265, 0.6309074385016877, 0.7389492790193799, 0.8322340470735818, 0.920245806275488, 1.0186291981949946, 1.1425344427682533, 1.1917662919379617]}, "fn": {"euler": [0.3512835717755078, 0.4665801150612845, 0.5782843549180656, 0.6735335564623204, 0.7963805179901546, 0.90197055013997, 1.0003299761708035, 1.1001095290949157, 1.2465856413434284, 1.3051694672680836]}, "closest": {"euler": [2.823591849574301, 2.8177848091729447, 2.814132911905926, 2.809312873804177, 2.8115850898307793, 2.8246743952905886, 2.847321307334843, 2.875266611584185, 2.885992849918662, 2.9051271289235667]}, "mean-5": {"euler": [2.721016738805629, 2.723562220728447, 2.7294997599459023, 2.735697507565711, 2.7390049062266413, 2.7492543084235455, 2.765925919445042, 2.7841069941136753, 2.7907682926823614, 2.8102639793351836]}}, "discussion": {"closest_partial": {"euler": [2.2599621071600535, 2.2545653800581587, 2.263617244017843, 2.3096482304042234, 2.3749161460986645, 2.336810318551912, 2.316341056089129, 2.3001822704504695, 2.293932525078325, 2.267273115509892]}, "add": {"euler": [0.27150543471734584, 0.37269691744320155, 0.5289552478071528, 0.7071954108470294, 0.8910897308286079, 0.9415336118400615, 0.9943528354333921, 1.04101118883183, 1.1034783264610128, 1.153926326948821]}, "fn": {"euler": [0.2485908020111153, 0.34680591292149093, 0.49922876963200985, 0.6892464801721275, 0.8923851509748824, 0.9450527970582157, 0.9894764632906793, 1.0216604247574868, 1.0605006989100272, 1.082985614152252]}, "closest": {"euler": [2.2374772370189544, 2.2583878498024137, 2.31125226676058, 2.387812795477509, 2.4865908613978975, 2.474091710666693, 2.4572042866757644, 2.435294127957971, 2.402959553998746, 2.3568464734302443]}, "mean-5": {"euler": [2.1251888801367134, 2.1396456641869563, 2.184240477073504, 2.2541230995498736, 2.3470924766905066, 2.330860597009781, 2.3130891629335846, 2.289425405625568, 2.2575342956445175, 2.2130366548255402]}}, "walkingdog": {"closest_partial": {"euler": [1.9199917320910307, 1.8970176653888322, 1.9177579327516534, 1.970637083089501, 2.02432758282308, 2.079420937476224, 2.1215600366936433, 2.1503301478281265, 2.1846693509401804, 2.212951507266037]}, "add": {"euler": [0.4492785191376387, 0.6915107966090893, 0.9126721894909013, 1.0740667688119585, 1.1861877095471924, 1.3040363438710012, 1.40480866526595, 1.493955616698746, 1.5930560001980287, 1.6633912571731049]}, "fn": {"euler": [0.3400060610720436, 0.5659665714418645, 0.7755094502207445, 0.9289215705430734, 1.0252735704568725, 1.1254427056657994, 1.2107525863655897, 1.282100719217947, 1.3730884870322968, 1.4433962105775273]}, "closest": {"euler": [1.9402953164545602, 1.9112806746892028, 1.9252721217006958, 1.974884157576903, 2.019613673326922, 2.058845470359987, 2.0906130534412135, 2.114152502656479, 2.14889035563497, 2.1738838931181523]}, "mean-5": {"euler": [1.910034652077715, 1.8879891927085282, 1.8999568444070465, 1.9393796924175588, 1.9753467425583038, 2.009289430940834, 2.0308090910358567, 2.0408220014915357, 2.062647397178252, 2.078182982643839]}},