{"purchases": {"closest_partial": {"euler": [2.0730863886160273, 2.072749164780421, 2.123242986470363, 2.1429213522508, 2.183687441306556, 2.2423421149967986, 2.297192375538182, 2.364506110767654, 2.418314738256449, 2.413857006405389]}, "add": {"euler": [0.4119800469346944, 0.692427032407006, 0.8745197168230124, 0.974554824442763, 1.0194621750776771, 1.0871302497719464, 1.1953589183093154, 1.2977998715030328, 1.346300315969511, 1.3750632563415643]}, "fn": {"euler": [0.35580011559160046, 0.5966341596632698, 0.7267472369609851, 0.775244261603456, 0.8296118062550633, 0.9245360991228869, 1.018374509564209, 1.11678958813049, 1.174811982128118, 1.1876722373519195]}, "closest": {"euler": [2.1733745949934016, 2.133471266159256, 2.152414902475517, 2.169325929349583, 2.206573053788659, 2.2450042410596223, 2.276511519105533, 2.3222208184161803, 2.3512111957469206, 2.342858363572723]}, "mean-5": {"euler": [2.0433886382305624, 2.0195920608208935, 2.0540842363747647, 2.0791534592870113, 2.1184926665529953, 2.1558705376367033, 2.1796679386055993, 2.216279048282645, 2.230650316847852, 2.2112015040613753]}}, "walking": {"closest_partial": {"euler": [1.6199133838265614, 1.6214162143188997, 1.6286141769964724, 1.6373943844285512, 1.6393598995610075, 1.6392622797882275, 1.6377878168860072, 1.6426373485314867, 1.6380919029784753, 1.6167863335581867]}, "add": {"euler": [0.32232606179665785, 0.4396636065702692, 0.5780765342132101, 0.7022569730492239, 0.8078978502865624, 0.8897748362447552, 0.979738609828497, 1.0775136704300265, 1.1639402139866792, 1.2389559484605066]}, "fn": {"euler": [0.17791492279251359, 0.2508604951630948, 0.33366837025966656, 0.4081997615546826, 0.48245540568645917, 0.5374110466355353, 0.5929741493436976, 0.6423329070686378, 0.6887287855426572, 0.7195864690106075]}, "closest": {"euler": [1.6381418876335432, 1.6410291596282112, 1.6537234482477414, 1.668466476294577, 1.6770486888045346, 1.6824332976842622, 1.6844069648510283, 1.6901072454026334, 1.684994445492661, 1.6701634223918267]}, "mean-5": {"euler": [1.584558843935539, 1.5799166982182131, 1.582620474671122, 1.5880148938378014, 1.5911076653031124, 1.5925404435808492, 1.5937386552495232, 1.59945011951629, 1.5923763569369758, 1.5774842070785502]}}, "takingphoto": {"closest_partial": {"euler": [2.1125620933805616, 2.1246568597003894, 2.1741418838142974, 2.2410828250065387, 2.291065209710299, 2.3489713664620693, 2.401495488547768, 2.4540956848817665, 2.506652084196858, 2.5387990641049023]}, "add": {"euler": [0.16997299231757348, 0.24903986398189693, 0.3747301100261998, 0.4926553911990593, 0.5656684749000662, 0.6388812090037482, 0.7087831009452916, 0.7810178896418036, 0.8522826123297476, 0.91896880526333]}, "fn": {"euler": [0.1728285042860345, 0.2646597801707592, 0.39506092945339893, 0.5222796223868175, 0.6067756102079117, 0.6984950729473675, 0.7761465864704912, 0.8576049275490025, 0.9341447427532212, 0.99334111949497]}, "closest": {"euler": [2.056167003099956, 2.0644313651543977, 2.0960792091978107, 2.1336123660158783, 2.1473589924585994, 2.1680616128950803, 2.1928836508175493, 2.2357245657033307, 2.2885458803557857, 2.322625487795263]}, "mean-5": {"euler": [2.043666467992388, 2.060667984614595, 2.1010302118160817, 2.147423595022091, 2.1692137458738925, 2.1959295632547806, 2.2212180348780857, 2.2562653162146873, 2.2984625503958838, 2.3255358529980423]}}, "eating": {"closest_partial": {"euler": [1.6601370599437124, 1.6681432832470815, 1.6671504719211603, 1.672315485348471, 1.662601631532124, 1.6634753301772005, 1.6826635869323634, 1.7101825569189217, 1.7463563623432745, 1.7898237932569419]}, "add": {"euler": [0.22901523777165603, 0.32005236157451566, 0.4091748023935463, 0.5207900635540853, 0.6108623664509516, 0.6781452722949655, 0.7407449803032781, 0.7944614707251256, 0.8541269141976447, 0.9259309329248753]}, "fn": {"euler": [0.14409814474474353, 0.21355819097828987, 0.27075490730747076, 0.35305960635981215, 0.42057235793366315, 0.4799533514228179, 0.5448399321225077, 0.5982371271228947, 0.6525853285051033, 0.7150565523167204]}, "closest": {"euler": [1.733200622665804, 1.7484687343301895, 1.7547441605163427, 1.7666433640148993, 1.7613553677428828, 1.7520001099085145, 1.7474849046132146, 1.7477209423119204, 1.7607616823501526, 1.7910350741055971]}, "mean-5": {"euler": [1.724851225687829, 1.737794592969565, 1.7388057996798922, 1.7414824001375533, 1.725692297941713, 1.7079037621232591, 1.6978683181260594, 1.6951249662517662, 1.7089361487103005, 1.7415290719360055]}}, "sitting": {"closest_partial": {"euler": [2.811294580026742, 2.8363625259028424, 2.864009641805439, 2.8897387143634035, 2.9038530976427097, 2.919704259043211, 2.948735735333335, 2.971559887720578, 2.979249582136766, 3.00069203761037]}, "add": {"euler": [0.30102374511219027, 0.4173034786176732, 0.5235671465453655, 0.6172509083186172, 0.7354449334489013, 0.8355002955590569, 0.9254577684830765, 1.0239830442050806, 1.1422552218752418, 1.1968377543773516]}, "fn": {"euler": [0.2961938698312381, 0.42455869741676033, 0.5486376552202964, 0.6560782577594908, 0.7892500687240034, 0.9002351796390324, 1.0026622599775656, 1.098953527424137, 1.2384112136885732, 1.289128478294917]}, "closest": {"euler": [2.9363887401777036, 2.945585647053253, 2.9566782809055265, 2.9656448672355924, 2.9791190964131187, 2.997933745421229, 3.019119474608724, 3.0397972437630627, 3.0429462434690513, 3.060220497986604]}, "mean-5": {"euler": [2.7871084747251897, 2.7925548571735406, 2.7999636126537584, 2.8052704512504274, 2.8108482510329016, 2.8227043240387113, 2.8418560310567558, 2.8608028965685706, 2.8645966164295946, 2.8823838458541715]}}, "discussion": {"closest_partial": {"euler": [2.2963494341820163, 2.304641720554489, 2.3272592868302553, 2.382710679200278, 2.4530648784260283, 2.4164671842139147, 2.387107541186559, 2.3490636180517654, 2.326173115482875, 2.301109522972664]}, "add": {"euler": [0.2365701093423639, 0.3575410894178587, 0.5323507585555461, 0.7227801534412114, 0.9113058271387696, 0.9594728548433193, 1.0052159250776171, 1.048501170723251, 1.1073509236384858, 1.159115123407803]}, "fn": {"euler": [0.2068434114462473, 0.31508111419405416, 0.4840074550541785, 0.6888663974287277, 0.9011886217878815, 0.9580359589268961, 1.0037577241260287, 1.0304578128209745, 1.0654348397722486, 1.0842879594844987]}, "closest": {"euler": [2.244854220335112, 2.246772050679917, 2.2761140745650335, 2.3274937916176848, 2.4037532595434596, 2.380895422877396, 2.366948045549468, 2.3412192850518316, 2.318312464018679, 2.301262015131485]}, "mean-5": {"euler": [2.111683764872543, 2.11615957209039, 2.145706524516414, 2.203835466687439, 2.283356668389816, 2.2524137314353774, 2.230832302242405, 2.199913416209783, 2.178131198361665, 2.160448727599902]}}, "walkingdog": {"closest_partial": {"euler": [1.911472037901536, 1.8876174736615943, 1.9084769391942473, 1.96022474549892, 2.01100134420846, 2.061300698513424, 2.1018931525976403, 2.1342913794366654, 2.1747797232548645, 2.21314931191033]}, "add": {"euler": [0.4301873657335508, 0.6791987442271785, 0.911662140017612, 1.08245223010095, 1.2000779789422904, 1.3165100650021162, 1.4163466891260348, 1.5042704991105948, 1.600738605069126, 1.6734831475624263]}, "fn": {"euler": [0.3179388951408897, 0.5380655063201202, 0.7483997165402928, 0.9116380927507968, 1.0165889839191886, 1.1117017344993574, 1.182904174028169, 1.24130433694241, 1.3222248603224116, 1.3938039045794237]}, "closest": {"euler": [1.8970654443434711, 1.8703280807487208, 1.886562248252628, 1.9368801962205353, 1.9839370499416091, 2.0186264201059245, 2.041878876683461, 2.050608591165901, 2.0758350150169504, 2.1002489558979005]}, "mean-5": {"euler": [1.8874623345666501, 1.8517901419164196, 1.8666034104095397, 1.9193989589343126, 1.9671265777630973, 1.9976918632374732, 2.009637476401399, 2.006964009512352, 2.0215835223508085, 2.0473943759918045]}},