{"purchases": {"0v": {"euler": [0.30831959658471936, 0.6169609469293325, 0.8015282103252426, 0.8830334144538474, 0.9102348870274941, 0.9991754886968935, 1.0965590877035862, 1.1944080715080136, 1.2461119087383787, 1.2698716034229565]}}, "walking": {"0v": {"euler": [0.21747287401239218, 0.3936271374681844, 0.5508165611581807, 0.6780524188068371, 0.7717200485466855, 0.8330078780820356, 0.9006736142365313, 0.9863045409528222, 1.0696452012193702, 1.1521693724655462]}}, "takingphoto": {"0v": {"euler": [0.13833387180467235, 0.24765037400303877, 0.38588646795775805, 0.5070380990045086, 0.5801372465286092, 0.6531065156147804, 0.7183315074637031, 0.7882969664453883, 0.854893278644926, 0.9166750676480538]}}, "eating": {"0v": {"euler": [0.15354756678183962, 0.2708161309651302, 0.36684431346941604, 0.4785795296256011, 0.562715829012472, 0.6217456048011405, 0.6770835851635665, 0.7270406865298514, 0.7877761254770347, 0.8627616480598148]}}, "sitting": {"0v": {"euler": [0.22393508413453034, 0.39836829868343915, 0.5354484583138319, 0.6255295040985029, 0.741449222791591, 0.8379880859614481, 0.9243684503814107, 1.0211034855830667, 1.1297500278880444, 1.175226594593456]}}, "discussion": {"0v": {"euler": [0.16465048013362144, 0.3106306577658627, 0.48235763525149333, 0.6670247104691762, 0.8503303663445924, 0.8885032884428095, 0.9195221825362632, 0.9418014007673007, 0.9924440723302125, 1.037269986392443]}}, "walkingdog": {"0v": {"euler": [0.30732590569487445, 0.602811387186464, 0.828781912578849, 0.9804247458510351, 1.0831054971054337, 1.1912499130507086, 1.2827076313836598, 1.3562108169805231, 1.4366721162388976, 1.495682359351862]}}, "waiting": {"0v": {"euler": [0.18176167347787792, 0.3411014308389434, 0.5052427952684413, 0.6661253048893311, 0.8052796232679674, 0.9416792448847039, 1.0935201136377786, 1.2182787957149441, 1.3404593401931342, 1.47446240761063]}}, "greeting": {"0v": {"euler": [0.2869242495046385, 0.5429961383117815, 0.7417078919524106, 0.887624003363654, 1.0271680457620809, 1.1288857036716402, 1.2196696580607032, 1.304331033471048, 1.393534888929508, 1.4916145217758543]}}, "walkingtogether": {"0v": {"euler": [0.16896638261964958, 0.3338925006845155, 0.5050471333508614, 0.6611481759036979, 0.772326220869715, 0.8515733140803614, 0.9028536158250402, 0.9425036849518401, 0.9732124538191227, 0.9948907182489449]}}, "phoning": {"0v": {"euler": [0.16940268091291585, 0.6365538625655622, 1.10068057449636, 1.2106948492266456, 1.3218076691474892, 1.4539862209732324, 1.56306571467305, 1.6544894540869513, 1.7465893335458662, 1.8270900837135264]}}, "posing": {"0v": {"euler": [0.14595199182767107, 0.28174669591112544, 0.4271709072694943, 0.5699094647840585, 0.6879579860767124, 0.8194826831754536, 0.9709449780728722, 1.1295276687668052, 1.261690351867238, 1.3667991841291696]}}, "directions": {"0v": {"euler": [0.22681919345901075, 0.394270667190819, 0.5055821751488567, 0.5945397830925221, 0.6113573893887386, 0.6479698202818436, 0.7225699874801104, 0.7888203628645288, 0.8388386029070842, 0.8875693266164562]}}, "smoking": {"0v": {"euler": [0.15109545801206176, 0.25848250488138874, 0.36590228006305037, 0.4832200080362956, 0.6267879272210108, 0.7403559290539822, 0.7993939907059864, 0.969564508639067, 0.911292457107198, 0.9485160445875929]}}, "sittingdown": {"0v": {"euler": [0.17441604199784144, 0.392868335829148, 0.5840967620845797, 0.7396120014550909, 0.8190356819043236, 0.9079530625435539, 0.9966515096697293, 1.0710851406690045, 1.1294299445469091, 1.1919132514785944]}}}