{"count": 49, "poses_seq": {"0": {"h": [[-0.0, -0.06304024124145508, 0.1382464714050293, 0.3852651481628418], [0.0, 0.8265, 0.6878238067626953, 0.6534798126220703], [0.0, -0.19520117187500002, -0.36712646484375006, -0.45781530761718764]], "r": [1.0103748582000696, 1.39218792578408, -0.670055091670577, 1.466063670259374, -4.812706209870282, 5.292520199659301, 4.968944505183123]}, "1": {"h": [[-0.0, -0.05189209270477295, 0.13132006549835204, 0.3944921922683716], [0.0, 0.8265, 0.778058292388916, 0.8384450759887696], [0.0, -0.21359326171874998, -0.37444152832031247, -0.40878198242187486]], "r": [0.885851840134896, 1.7514132686101587, -0.804773586858444, 1.74336626199599, 1.6710654335492399, 5.353997256126105, 1.7872585546805415]}, "2": {"h": [[-0.0, -0.07551106452941894, 0.0639820384979248, 0.2865157604217529], [0.0, 0.8265, 0.8037252082824706, 0.8853286552429199], [0.0, -0.19113488769531234, -0.41796337890624985, -0.5217388916015624]], "r": [0.948700379781388, 1.8145341386400775, -1.1780616638519428, 1.9744670408740734, 1.6789876025260055, 5.303109777266829, 4.016318483498211]}, "3": {"h": [[-0.0, -0.07543903160095214, 0.03440023231506348, 0.20751456642150878], [0.0, 0.8265, 0.7021694183349609, 0.6742298431396485], [0.0, -0.1663107910156248, -0.42511767578124987, -0.6245140380859375]], "r": [0.9278828626222241, 1.5329174102345293, -1.5002268115901347, 1.8944763834692209, 1.4014069400412636, 5.337323558838958, -4.424164742618952]}, "4": {"h": [[-0.0, -0.07428339385986327, -0.054254295349121094, 0.056515548706054686], [0.0, 0.8265, 0.7516582794189453, 0.7799778633117675], [0.0, -0.15760766601562498, -0.4319488525390625, -0.66409619140625]], "r": [1.25578659972034, 1.4688004108752828, -1.1129471692518456, 1.5626627400885216, 1.6577456369999575, 4.98883758326506, -0.09411380869889202]}, "5": {"h": [[-0.0, -0.06694908142089842, -0.11628057861328125, -0.05907888793945312], [0.0, 0.8265, 0.8891083908081054, 1.0237813873291015], [0.0, -0.16023583984374984, -0.44909289550781245, -0.6601175537109374]], "r": [1.3477568148065557, 1.6889057906480176, -0.9943078701071737, 1.6802105451214246, 1.7469955800070904, 4.6032367842874224, 2.5030850224208367]}, "6": {"h": [[-0.0, -0.06471973419189453, -0.18810016632080076, -0.1989469680786133], [0.0, 0.8265, 0.8226208658218384, 0.8748845596313477], [0.0, -0.1641367187500003, -0.4524291992187502, -0.7048750000000001]], "r": [1.5151483005058777, 1.4410605990624197, -1.021985808147367, 1.620184724514811, 1.5982095586613567, 4.574184105597248, 3.383723357598757]}, "7": {"h": [[-0.0, -0.06571762847900392, -0.22416819000244143, -0.3264253921508789], [0.0, 0.8265, 0.7173723526000977, 0.6882583465576172], [0.0, -0.16085974121093766, -0.41913623046874987, -0.6900743408203125]], "r": [1.701372203560599, 1.297436811826005, -1.196009098801201, 1.9019782893801558, 1.2756996763951944, 4.933268085412914, -4.741497459845354]}, "8": {"h": [[-0.0, -0.054675926208496095, -0.26069806671142576, -0.422991584777832], [0.0, 0.8265, 0.7646678924560547, 0.8279010314941406], [0.0, -0.15700463867187492, -0.37713745117187486, -0.6078017578124999]], "r": [1.6766558323745626, 1.603382424256849, -1.281117505630223, 2.243995914760951, 0.9061787304879483, 4.862706532188912, 0.2197802104652587]}, "9": {"h": [[-0.0, -0.04789212036132812, -0.3060553436279297, -0.4945804901123047], [0.0, 0.8265, 0.8373947629928589, 0.9915060882568358], [0.0, -0.1550218505859376, -0.327724853515625, -0.4892335205078125]], "r": [1.9561408637287425, 1.6817361327473273, -1.1323241266071034, 2.073956925361328, 1.2088966553996967, 4.712818851014992, -1.6588335239184406]}, "10": {"h": [[-0.0, -0.04908675384521485, -0.33694875335693364, -0.609697380065918], [0.0, 0.8265, 0.7982496299743653, 0.8346004981994629], [0.0, -0.15428906250000002, -0.31370434570312505, -0.4279127197265627]], "r": [2.232427779232902, 1.6042256259300562, -1.3581728803527735, 1.9910710536871474, 1.5230692084452917, 5.092121025362656, -1.6232311851544572]}, "11": {"h": [[-0.0, -0.0422546157836914, -0.26943944549560545, -0.5020844650268554], [0.0, 0.8265, 0.7903055496215821, 0.8281745567321777], [0.0, -0.15300573730468764, -0.3708216552734374, -0.5464493408203124]], "r": [2.004950884198013, 1.7015581607837067, -1.5153696139230497, 1.8016581130844025, 1.8401209477816605, 5.207022345786244, 1.3168128751367214]}, "12": {"h": [[-0.0, -0.04254669189453124, -0.2271278839111328, -0.39223069763183593], [0.0, 0.8265, 0.7928999786376953, 0.8661219711303711], [0.0, -0.15373352050781214, -0.3971170654296872, -0.6263309326171873]], "r": [1.7381884961066487, 1.7059344095468458, -1.5114825229037003, 2.069577773078715, 1.504398743425374, 5.027283259639478, 2.1094996301792657]}, "13": {"h": [[-0.0, -0.04822401428222657, -0.19916329956054685, -0.2903273010253906], [0.0, 0.8265, 0.8153445768356324, 0.8716949844360352], [0.0, -0.1601177978515625, -0.4328756103515626, -0.6908157958984376]], "r": [1.7795177103065702, 1.707155440487538, -1.3381295317327007, 2.0400187117888082, 1.7803203099483929, 5.152479881066477, 3.3306282680476804]}, "14": {"h": [[-0.0, -0.05648231506347656, -0.20814884948730472, -0.21240333557128904], [0.0, 0.8265, 0.7841636924743653, 0.8794779701232911], [0.0, -0.15631982421874985, -0.41070996093749984, -0.6463388671874997]], "r": [1.8560468715321203, 1.881957608622722, -1.3089537414841819, 2.1955831657636975, 2.0147284459771413, 5.413639345318105, -0.6220812695792247]}, "15": {"h": [[-0.0, -0.04895894622802735, -0.1878332290649414, -0.10441608428955079], [0.0, 0.8265, 0.6720036163330079, 0.8244622802734375], [0.0, -0.15153930664062526, -0.3235322265625001, -0.5125068359375002]], "r": [1.607332256925066, 1.985237028323897, -1.4831739052194357, 1.996917272831266, 1.7194601671208374, 5.684810309879463, 0.2288462489631677]}, "16": {"h": [[-0.0, -0.04315861511230469, -0.11773545837402345, 0.07776197814941406], [0.0, 0.8265, 0.6357043151855468, 0.7517074508666992], [0.0, -0.16207080078124997, -0.29525390625, -0.420485107421875]], "r": [1.3262493036091683, 1.898619498432221, -1.1019457550761655, 1.636975408762963, 1.3573373714745527, 5.694133211721608, -0.21192089317047663]}, "17": {"h": [[-0.0, -0.050270393371582026, 0.015562294006347656, 0.2557937469482422], [0.0, 0.8265, 0.7138281097412109, 0.7937814865112305], [0.0, -0.1677355957031253, -0.3815205078125002, -0.43198388671875004]], "r": [1.0106748592418366, 1.8145223314221963, -1.008616432048476, 1.9834285388660078, 1.3700693150391168, 5.532173971646373, -0.3287816241761434]}, "18": {"h": [[-0.0, -0.0781251449584961, -0.07559664154052734, 0.13378928375244142], [0.0, 0.8265, 0.7261374359130859, 0.8019139251708984], [0.0, -0.1562083740234373, -0.37981750488281235, -0.5072137451171874]], "r": [1.0476214093779634, 1.7762768747520052, -1.1724358651471927, 2.2500247378262928, 1.0639993441418294, 5.3625544964117, 0.8341659019739895]}, "19": {"h": [[-0.0, -0.06255545806884764, -0.14109366607666013, -0.010843086242675784], [0.0, 0.8265, 0.6269914398193359, 0.739868293762207], [0.0, -0.1420819091796875, -0.2622327880859375, -0.4479869384765625]], "r": [1.357479151240457, 1.866606674739377, -1.0191406859312495, 2.262545070113508, 0.7517843355259921, 5.63093409423743, -1.7567682173458654]}, "20": {"h": [[-0.0, -0.06236958312988282, -0.1424492645263672, -0.0978751678466797], [0.0, 0.8265, 0.5989486999511718, 0.7246112442016601], [0.0, -0.14472705078124976, -0.181007080078125, -0.398901611328125]], "r": [1.3206791096841415, 2.013480395258798, -1.2979110309311739, 2.1643870764522624, 0.541725431719117, 5.592412193186607, -0.9785061884538444]}, "21": {"h": [[-0.0, -0.052536399841308576, -0.1968776168823242, -0.2432571029663086], [0.0, 0.8265, 0.6402400512695312, 0.7542847061157226], [0.0, -0.14364404296875027, -0.22956079101562504, -0.453143310546875]], "r": [1.592778825425277, 1.8803955566641422, -1.3969705950497564, 2.3333297276721514, 0.7835422896084782, 5.430042701233704, -3.5951479354708886]},