{"count": 9, "poses_seq": {"0": {"h": [[-0.0, -0.03871695709228516, -0.11241547393798827, 0.15011226654052734], [0.0, 0.8265, 0.6919597625732422, 0.7710999450683594], [0.0, -0.18101403808593758, -0.3841926269531249, -0.509183349609375]], "r": [-4.5403492949122, 2.078369902743089, 0.1976621293971974, 1.434343275413024, -1.4016332394457158, 0.6479934367077977, -1.516055598628456]}, "1": {"h": [[-0.0, -0.055535598754882814, -0.10598501586914061, 0.06622938537597656], [0.0, 0.8265, 0.7596986923217773, 0.9964999237060548], [0.0, -0.11754345703124996, -0.341119873046875, -0.45240454101562505]], "r": [2.1058125037022473, 2.265593533291132, 0.009034270323555523, 1.5392214302280254, -1.27492033140678, 1.0025079379282171, -0.7991896614217061]}, "2": {"h": [[-0.0, -0.05158754730224609, -0.11542130279541014, 0.045863319396972656], [0.0, 0.8265, 0.7953465843200684, 0.989180892944336], [0.0, -0.14462292480468758, -0.3333087158203126, -0.36268395996093755]], "r": [2.4063148102515073, 2.468176595627181, 0.06720217880031487, 1.5859632654736706, -1.3174187676678604, 1.0851517225764875, 0.7747287479012955]}, "3": {"h": [[-0.0, -0.05795167541503907, -0.12628057861328126, -0.010402076721191408], [0.0, 0.8265, 0.773770751953125, 1.0312923278808594], [0.0, -0.1291943359374999, -0.33797680664062485, -0.4621323242187499]], "r": [2.601304213301754, 2.565331531374901, 0.37889601980684534, 1.6119134806136672, -1.2883409809414919, 1.1523736453697733, -1.0639113407332528]}, "4": {"h": [[-0.0, -0.05419660949707031, -0.15415692138671877, -0.08393112182617188], [0.0, 0.8265, 0.744841682434082, 1.0204266815185548], [0.0, -0.12085070800781234, -0.30328149414062505, -0.45161535644531253]], "r": [2.6260063840821464, 2.2291423080495214, 0.10026447602337293, 1.3358813077948064, -1.2019839303814404, 1.2893531968094172, -2.1254769741914696]}, "5": {"h": [[-0.0, -0.05502023315429688, -0.1632174072265625, -0.145858642578125], [0.0, 0.8265, 0.7433443832397462, 1.0261894073486328], [0.0, -0.12280065917968735, -0.30507275390624994, -0.4607918701171874]], "r": [2.7393848853867597, 2.2811339356214804, 0.22825791314024674, 1.2925772519467176, -1.0666761587861093, 1.2459365373948468, -4.375699871724426]}, "6": {"h": [[-0.0, -0.04842124938964844, -0.18332116699218748, -0.22800546264648436], [0.0, 0.8265, 0.7532023620605468, 1.0200868835449217], [0.0, -0.12312609863281249, -0.29782104492187483, -0.4546273193359374]], "r": [2.6793391620863187, 2.0763038753491956, 0.2506690299095319, 1.0760917496386426, -0.6749967971129862, 1.278841343716481, -1.0300920269827347]}, "7": {"h": [[-0.0, -0.03868099975585937, -0.20975965881347655, -0.3256255340576172], [0.0, 0.8265, 0.7533949203491211, 0.9827728576660156], [0.0, -0.13691503906249985, -0.28853820800781255, -0.45504321289062505]], "r": [2.8721192926034336, 1.9392466385671918, 0.45139795037459457, 0.9503283977708732, -0.4397068391622516, 1.4463666653652956, -2.1180283999118337]}, "8": {"h": [[-0.0, -0.0339332275390625, -0.20854893493652346, -0.39243415832519524], [0.0, 0.8265, 0.6795483398437501, 0.7308248519897461], [0.0, -0.15980578613281243, -0.25741320800781226, -0.4800123291015624]], "r": [2.8968644456306976, 1.6313795953976966, 0.6935282899950195, 0.6569821936377759, -0.2701636976281675, 1.3078186795230191, -2.2457192102022567]}}, "id": 0}