{"count": 48, "poses_seq": {"0": {"h": [[-0.0, -0.05336598205566408, -0.014295303344726562, 0.07223216247558593], [0.0, 0.8265, 0.5904196014404297, 0.603597152709961], [0.0, -0.13882458496093736, -0.3514439697265624, -0.5919654541015624]], "r": [0.19616873236579488, 3.763011511639757, 4.3509517976357115, 0.9409117823527594, -0.8197841654395689, 3.294980617232216, -0.04592278480153811]}, "1": {"h": [[-0.0, -0.06188195037841797, -0.0033326339721679726, 0.14280388641357422], [0.0, 0.8265, 0.6439440307617188, 0.7127715911865234], [0.0, -0.1430313720703123, -0.3767908935546876, -0.5783905029296874]], "r": [0.5176828852746373, 3.5268314302458097, -2.2706432239500853, 1.1749495554901637, -0.5127661454873056, 3.6318207187095606, -1.2839329550406828]}, "2": {"h": [[-0.0, -0.06376441192626954, -0.07454697418212893, -0.0002499618530273501], [0.0, 0.8265, 0.715735466003418, 0.9062378463745118], [0.0, -0.1500874023437498, -0.41096276855468733, -0.5648430175781247]], "r": [0.3222144967152913, 3.8302972743964103, -2.0391384210598877, 1.366130227688548, -0.8317381667607392, 3.769618762050642, -0.45293247814299087]}, "3": {"h": [[-0.0, -0.05919451904296877, -0.09631886291503908, -0.08145559692382814], [0.0, 0.8265, 0.6906123809814453, 0.8742037811279297], [0.0, -0.1460794677734379, -0.40566992187500023, -0.5822515869140625]], "r": [0.5540558521877363, 3.7303995132894787, -1.978119199220603, 1.2696165607239545, -1.1363955363080287, 3.7683638460556197, -2.4428506970343884]}, "4": {"h": [[-0.0, -0.05362828063964843, -0.0779225311279297, -0.06066569519042968], [0.0, 0.8265, 0.5962860107421875, 0.6155071868896484], [0.0, -0.151169677734375, -0.3846966552734375, -0.6421269531249998]], "r": [0.6791765416911755, 3.389914588012938, -1.9774221067796613, 1.0167110111555238, -1.1699046412328584, 3.5382110092542662, 0.03874962122848957]}, "5": {"h": [[-0.0, -0.049057434082031254, -0.014348709106445312, 0.07579312133789062], [0.0, 0.8265, 0.5968614044189453, 0.610541763305664], [0.0, -0.1459113769531249, -0.3642393798828126, -0.6043532714843751]], "r": [0.3590320408469375, 3.5881883423471272, -2.082580076565017, 0.9126810343770081, -0.8956599854173841, 3.2140321308478366, 2.908799605016686]}, "6": {"h": [[-0.0, -0.047015663146972655, 0.01086705780029297, 0.16325331878662108], [0.0, 0.8265, 0.6378774566650391, 0.6819680480957031], [0.0, -0.1469364013671875, -0.3846000976562503, -0.5847091064453127]], "r": [0.32337450445881327, 3.5475785599813885, -2.041521198466895, 1.0762806846956146, -0.9589667548381636, 3.593153300271513, 1.2476355816879474]}, "7": {"h": [[-0.0, -0.0665589599609375, -0.0707821273803711, 0.06474924468994141], [0.0, 0.8265, 0.7386876373291016, 0.9062961578369141], [0.0, -0.1672615966796876, -0.41315148925781237, -0.5509166259765623]], "r": [0.23430721910072308, 3.820313176325495, -2.06917762083299, 1.37806842936943, -0.8246975977208151, 3.7546038887742093, 3.7188254331952244]}, "8": {"h": [[-0.0, -0.059700531005859384, -0.1382037811279297, -0.0756585693359375], [0.0, 0.8265, 0.745072883605957, 0.9488556442260743], [0.0, -0.1387227783203125, -0.4013712158203127, -0.5458988037109376]], "r": [0.08218090399110595, 4.118709181114736, -1.9049172202396316, 1.4204997737129073, -1.0371252242934337, 3.933938077813618, -1.648203164380792]}, "9": {"h": [[-0.0, -0.054565025329589845, -0.15918859100341798, -0.14773741912841795], [0.0, 0.8265, 0.7516559295654297, 0.9544872894287111], [0.0, -0.13987634277343758, -0.39375341796875013, -0.5518013916015625]], "r": [0.28622896456645147, 3.7984760249198053, -1.719843128106108, 1.7067844747817464, -0.8620840053474841, 4.266179065488746, 1.3268318008456315]}, "10": {"h": [[-0.0, -0.05821704864501953, -0.22336289215087893, -0.28466648101806635], [0.0, 0.8265, 0.74889697265625, 0.9322756652832032], [0.0, -0.14065258789062512, -0.37848559570312507, -0.5455053710937499]], "r": [0.4031559443156039, 3.6771405621419198, -1.423511699503109, 1.72825639366187, -1.0423417979205516, 4.4073023972139325, 4.293821137409517]}, "11": {"h": [[-0.0, -0.06446305847167967, -0.27948191833496094, -0.4314560394287109], [0.0, 0.8265, 0.7019133071899415, 0.8387299880981446], [0.0, -0.13773583984374965, -0.33024487304687483, -0.5018146972656248]], "r": [0.3875022091827702, 4.0087774471623945, -1.3452774697684569, 1.6085924013615867, -1.090510604504827, 4.409370253257477, -4.4914325184289225]}, "12": {"h": [[-0.0, -0.06294646453857423, -0.2643814468383789, -0.42882416534423823], [0.0, 0.8265, 0.6202493133544922, 0.5986605834960937], [0.0, -0.14621923828125, -0.2766682128906249, -0.5178044433593749]], "r": [0.41905241595751846, 4.224179452938163, -1.2807139935528278, 1.354077965233883, -0.8684627295940186, 4.167206495129056, 3.861291556285834]}, "13": {"h": [[-0.0, -0.05955033111572265, -0.2457270431518555, -0.3173012619018555], [0.0, 0.8265, 0.6129146728515625, 0.5790314788818359], [0.0, -0.15647070312499994, -0.2936274414062499, -0.5783079833984373]], "r": [0.26783392294733777, 3.854753809147402, -1.022476705551332, 1.1431292510307796, -1.2310114480589516, 4.179676074697035, -5.053536485031432]}, "14": {"h": [[-0.0, -0.06079617309570312, -0.24010470581054685, -0.22125521850585936], [0.0, 0.8265, 0.6401896209716796, 0.671866943359375], [0.0, -0.15000231933593772, -0.3025875244140626, -0.5888843994140625]], "r": [0.020892577411091184, 3.7395892050603785, -0.9619684937572417, 1.5033730513133032, -0.951133139404969, 4.543684114062664, -1.3480142552587078]}, "15": {"h": [[-0.0, -0.05664192962646483, -0.2801675491333008, -0.29772449493408204], [0.0, 0.8265, 0.7549121475219727, 0.9219858016967774], [0.0, -0.15174145507812514, -0.3202620849609375, -0.514348876953125]], "r": [-0.003600170170878211, 4.012738669940306, -1.275765145728629, 1.8921545097001684, -1.1587301147148812, 4.791028791115691, -1.77586203133402]}, "16": {"h": [[-0.0, -0.055759559631347655, -0.3024208297729492, -0.380713249206543], [0.0, 0.8265, 0.7652602348327637, 0.9460890502929687], [0.0, -0.14372656249999977, -0.30956921386718733, -0.4782844238281248]], "r": [0.22945569929636364, 3.798961399552952, -1.0489004273638614, 1.617307285047767, -1.5538466889148708, 4.786515017642507, -1.877823142853271]}, "17": {"h": [[-0.0, -0.055751113891601575, -0.3219974670410156, -0.46008432006835936], [0.0, 0.8265, 0.7693475952148439, 0.9409188537597657], [0.0, -0.14500952148437501, -0.30220410156250016, -0.45141796875]], "r": [0.19927287060110815, 3.956867741130312, -1.1153047810418444, 1.9988252625512948, -1.2104648764571202, 4.850335415310516, -3.8603047718648393]}, "18": {"h": [[-0.0, -0.05722676849365235, -0.33742429351806646, -0.5766022720336914], [0.0, 0.8265, 0.7443315048217773, 0.8310257797241212], [0.0, -0.14655859374999985, -0.27520471191406265, -0.42221142578125]], "r": [0.0648161890511598, 4.339280468761882, -1.1090742655787686, 1.7611475406826804, -1.5609793783997412, 5.052620460950189, 2.236998235539516]}, "19": {"h": [[-0.0, -0.057041328430175786, -0.3197710342407226, -0.517976173400879], [0.0, 0.8265, 0.6705133361816407, 0.6245767211914063], [0.0, -0.1455466308593752, -0.2636557617187501, -0.47652050781249994]], "r": [-0.19442932301362476, 4.564063888635414, -0.9660246147387923, 1.9841830390535016, -1.318982361118746, 5.381474313126215, 3.439838826787732]}, "20": {"h": [[-0.0, -0.05292360687255859, -0.28423616790771483, -0.4013899154663086], [0.0, 0.8265, 0.654865234375, 0.6011791534423828], [0.0, -0.13774499511718769, -0.24173730468750004, -0.5024735107421876]], "r": [-0.24371089022949596, 4.50649574953602, -0.9399264395641116, 1.8687829623880488, -1.1437935895720048, 5.31547766229088, -0.24041843740954721]}, "21": {"h": [[-0.0, -0.053520217895507816, -0.2806661071777344, -0.303528076171875], [0.0, 0.8265, 0.6619896240234375, 0.6434587860107422], [0.0, -0.1373519287109371, -0.25735485839843736, -0.5435531005859373]], "r": [-0.3240430825340487, 4.174719593797918, -0.5718206344619776, 1.5179602277472388, -1.3788562744132786, 5.254072295248433, 2.2217046955094637]},