{"count": 40, "poses_seq": {"0": {"h": [[-0.0, -0.055115699768066406, -0.2860192642211914, -0.3759897537231446], [0.0, 0.8265, 0.6437145233154298, 0.5507066802978515], [0.0, -0.1365350341796872, -0.2258848876953124, -0.48757067871093734]], "r": [-0.6454910422023464, 3.698307843273169, -2.7148260403672073, 4.825757111366492, -1.228372152835803, 1.2599527963528547, 1.8222310014449372]}, "1": {"h": [[-0.0, -0.05450996398925782, -0.2756715393066406, -0.29508462524414064], [0.0, 0.8265, 0.6363998107910156, 0.6003616943359376], [0.0, -0.13759069824218734, -0.23182165527343718, -0.5080400390624997]], "r": [-0.8081482591952022, 3.403643148734519, -2.76533179601983, 4.850410162283218, -1.045718796490522, 1.5541032758269002, 4.32561172791383]}, "2": {"h": [[-0.0, -0.053605789184570304, -0.2668312530517578, -0.2417915802001953], [0.0, 0.8265, 0.7137254638671875, 0.8022457122802734], [0.0, -0.1386459960937499, -0.22388525390624975, -0.48116320800781237]], "r": [-1.0837856179849945, 3.1170435521120083, -2.7273418970958416, 4.501543689130689, -0.7494815374087656, 1.6230114502551982, -2.5310395452572867]}, "3": {"h": [[-0.0, -0.04943151855468751, -0.2952230224609375, -0.320363525390625], [0.0, 0.8265, 0.7854887084960938, 0.9729610137939454], [0.0, -0.1387037353515626, -0.2720427246093751, -0.4501507568359376]], "r": [-1.2518665717951805, 3.0645767182908448, -2.584578085576869, 4.174849052881013, -0.5176470332688533, 1.6692419719531046, -1.5117601134858023]}, "4": {"h": [[-0.0, -0.04959337615966797, -0.31800423431396485, -0.39852944183349615], [0.0, 0.8265, 0.8189865498542785, 1.0188612365722656], [0.0, -0.13820983886718735, -0.2770039062499999, -0.42326257324218736]], "r": [-1.1270677288631212, 3.091197023061006, -2.418829009218319, 4.211255068609282, -0.8198995922555514, 1.7019462078141816, -2.501336650500472]}, "5": {"h": [[-0.0, -0.04993869018554686, -0.3317374114990234, -0.4897524261474609], [0.0, 0.8265, 0.8318956074714661, 1.0246813507080077], [0.0, -0.13878405761718754, -0.26578137207031244, -0.3938099365234374]], "r": [-0.901262319258223, 3.000613217619386, -2.6870481612923975, 4.3923243081666525, -0.6312965280182018, 2.053659375438434, -2.8692213307587418]}, "6": {"h": [[-0.0, -0.047347572326660176, -0.3533179244995117, -0.6118244552612304], [0.0, 0.8265, 0.8242000079154967, 0.9350291366577148], [0.0, -0.13794274902343756, -0.2567946777343751, -0.35405554199218764]], "r": [-0.5473855609397279, 3.2562588011758713, -2.9727061995087634, 4.095075347946774, -0.29433919652716817, 1.7013952621298591, -5.750407224386289]}, "7": {"h": [[-0.0, -0.04734294128417969, -0.3471521301269531, -0.6271041564941405], [0.0, 0.8265, 0.7019407653808594, 0.6367017669677735], [0.0, -0.13541809082031248, -0.2487312011718748, -0.33887438964843747]], "r": [-0.7377569188669592, 3.515534977073638, -2.7046922461114837, 4.283622373021526, -0.2612597740399077, 1.5591350893554288, 1.9012007880103883]}, "8": {"h": [[-0.0, -0.05240684509277342, -0.2983078765869141, -0.5128367462158203], [0.0, 0.8265, 0.6266585845947266, 0.4992938995361328], [0.0, -0.13089990234374965, -0.2431398925781248, -0.40769213867187487]], "r": [-1.02001068283689, 3.740562239861203, -2.5614007459798835, 4.305465253126333, -0.2161766907848163, 1.3731980171636897, -0.6765408205462788]}, "9": {"h": [[-0.0, -0.05175447082519531, -0.26836773681640624, -0.42655224609375003], [0.0, 0.8265, 0.6187588653564453, 0.5047382354736328], [0.0, -0.12727429199218748, -0.23044030761718776, -0.45001428222656253]], "r": [-1.0325649050083374, 3.6490139948853013, -2.655487822887659, 4.396843643411395, -0.32783278780375585, 1.4064310883472493, 0.5907878292339312]}, "10": {"h": [[-0.0, -0.051920845031738286, -0.25543689727783203, -0.35429920196533204], [0.0, 0.8265, 0.6228193054199219, 0.5496969146728516], [0.0, -0.13042749023437522, -0.23357067871093734, -0.49929150390625004]], "r": [-1.178646270904205, 3.651425592008272, -2.8226640602034796, 4.25486129987513, -0.08046378062923579, 1.274549144734122, -2.3911650727855394]}, "11": {"h": [[-0.0, -0.051550827026367194, -0.26076803588867187, -0.27008529663085934], [0.0, 0.8265, 0.6463923797607422, 0.6684468231201172], [0.0, -0.1298541259765627, -0.23655627441406263, -0.5229381103515625]], "r": [-1.429966243843532, 3.5167730360744835, -2.465113321330513, 4.213503249474925, -0.3614882300229039, 1.2441218279026423, -1.9523222425406836]}, "12": {"h": [[-0.0, -0.04812401580810548, -0.26144319915771486, -0.24045131683349608], [0.0, 0.8265, 0.7427258682250977, 0.8993376235961914], [0.0, -0.12756237792968755, -0.2705861816406248, -0.4759324951171873]], "r": [-1.4694122032287562, 3.14569602088852, -2.753448533570548, 4.0589365760710026, -0.07881026298965763, 1.4581715887764575, -1.2922095450008595]}, "13": {"h": [[-0.0, -0.04573609924316406, -0.28841586303710937, -0.3139486083984375], [0.0, 0.8265, 0.8098860149383544, 1.016504119873047], [0.0, -0.13201098632812497, -0.28751123046874977, -0.43993164062499984]], "r": [-1.6554890288525528, 3.158096007090097, -2.6274645598013033, 3.85292832977074, 0.24457370817680363, 1.4275274629302142, -0.12757600564706023]}, "14": {"h": [[-0.0, -0.04508893585205079, -0.3099522476196289, -0.4018668899536133], [0.0, 0.8265, 0.8407639684677124, 1.0522157287597655], [0.0, -0.13565075683593736, -0.2800416259765624, -0.40686669921875]], "r": [-1.6356488788585328, 3.2013982702125023, -2.2670910099882278, 3.792860186989864, -0.012922647969947573, 1.4726623512840684, 0.6389408986079779]}, "15": {"h": [[-0.0, -0.046060142517089855, -0.32626786041259764, -0.4903862075805664], [0.0, 0.8265, 0.8437773571014404, 1.0422293243408203], [0.0, -0.13729687499999993, -0.2663422851562501, -0.3738952636718749]], "r": [-1.635732267117873, 3.5299479041245845, -1.8797452868755686, 3.6861341470276177, 0.18781921060602252, 1.3722603337590038, -0.4762582639337894]}, "16": {"h": [[-0.0, -0.04659576416015623, -0.35325424194335936, -0.606689422607422], [0.0, 0.8265, 0.8365046701431275, 0.9693004760742188], [0.0, -0.13572961425781244, -0.24798327636718748, -0.3244266357421875]], "r": [-1.2658558942664642, 3.549868444395082, -1.9746032331953447, 3.7390988331043817, -0.10193009948281537, 1.3660390706194692, -0.7096695103739297]}, "17": {"h": [[-0.0, -0.04804900360107421, -0.37152457427978514, -0.670869728088379], [0.0, 0.8265, 0.7613093566894531, 0.7350099945068359], [0.0, -0.13994763183593745, -0.23582482910156238, -0.2758907470703125]], "r": [-0.9179111626124963, 3.7371334506358593, -2.0632606289031976, 3.9152051428533636, -0.39774055653473067, 1.2232771124749413, -1.3551493350644936]}, "18": {"h": [[-0.0, -0.05271123504638674, -0.3090073165893555, -0.5614564437866211], [0.0, 0.8265, 0.6206941680908203, 0.46950042724609375], [0.0, -0.1392653808593754, -0.2522180175781253, -0.32114624023437527]], "r": [-0.8282745614296879, 3.910154017012092, -2.37602068897741, 4.243006514175307, -0.4474441230444902, 1.1622760280617768, -4.435175345453992]}, "19": {"h": [[-0.0, -0.05598410034179689, -0.2816924133300781, -0.5117137756347657], [0.0, 0.8265, 0.5900151519775391, 0.4156488800048828], [0.0, -0.14736730957031235, -0.2671234130859373, -0.3619383544921873]], "r": [-0.7500219614678449, 4.0637514241011035, -2.3139273206087947, 4.351633666760205, -0.8042394007309653, 0.9825319285223636, 4.862297792008929]}, "20": {"h": [[-0.0, -0.052390686035156245, -0.15978245544433595, -0.2545916900634766], [0.0, 0.8265, 0.5586377410888672, 0.4047260894775391], [0.0, -0.14586108398437486, -0.3157167968749999, -0.5516895751953124]], "r": [-1.0445231892682212, 3.95336837210821, -2.522819142075352, 4.695298628243924, -1.033732796296924, 1.155100464895633, 0.06640120779824987]}, "21": {"h": [[-0.0, -0.048744384765624996, -0.11734741210937501, -0.1499397888183594], [0.0, 0.8265, 0.5603338012695314, 0.43487994384765627], [0.0, -0.13687902832031257, -0.3270510253906252, -0.5939656982421877]], "r": [-1.345641967580262, 3.6922557433877365, -2.5142839675400075, 4.773844441188594, -0.8951515515875403, 1.49777114515857, -1.5532352146542119]},