{"count": 16, "poses_seq": {"0": {"h": [[-0.0, -0.04315861511230469, -0.11773545837402345, 0.07776197814941406], [0.0, 0.8265, 0.6357043151855468, 0.7517074508666992], [0.0, -0.16207080078124997, -0.29525390625, -0.420485107421875]], "r": [0.8655083954831727, 1.5869844274724452, -1.3793501867773255, 0.7376376008790096, 1.8207690601942368, 4.965574092752232, 4.683321611366316]}, "1": {"h": [[-0.0, -0.0493745574951172, -0.014471343994140615, 0.22177469635009767], [0.0, 0.8265, 0.6954019927978516, 0.7816100463867188], [0.0, -0.16433850097656238, -0.374607421875, -0.43325146484375004]], "r": [0.47484104295160323, 1.8484856224389927, -1.5639491238009895, 0.8406275226119732, 2.0105108329676833, 5.175225198527741, 0.3900955132269471]}, "2": {"h": [[-0.0, -0.076869140625, -0.08332136535644533, 0.11555709838867187], [0.0, 0.8265, 0.7169082107543945, 0.7948411102294921], [0.0, -0.15481445312500003, -0.37552099609375006, -0.5153292236328124]], "r": [0.374023927643297, 2.186328887783353, -1.864101448035636, 0.9014992517906706, 2.0768823940339316, 4.95536466449619, -1.5567311209189314]}, "3": {"h": [[-0.0, -0.06235182189941407, -0.13501657104492187, 0.0025287933349609354], [0.0, 0.8265, 0.6335028381347656, 0.7468997497558594], [0.0, -0.13733996582031277, -0.2759816894531251, -0.4553868408203126]], "r": [0.12927711231954356, 2.317068355232352, -1.6058101231868382, 0.5517820690568254, 2.3182880194476376, 4.625633933516728, 0.2911010253643346]}, "4": {"h": [[-0.0, -0.06197772216796876, -0.14280355834960937, -0.08297833251953124], [0.0, 0.8265, 0.5983732452392578, 0.7250716934204102], [0.0, -0.14808703613281243, -0.18878723144531256, -0.4013140869140624]], "r": [0.10335273083199918, 2.572543022148529, -1.8238729312574002, 0.571185130120085, 1.9511783162371423, 4.71028712434187, -1.4753953805591706]}, "5": {"h": [[-0.0, -0.053937034606933595, -0.18573358917236327, -0.20797699737548825], [0.0, 0.8265, 0.63335498046875, 0.7481635131835938], [0.0, -0.14547216796875012, -0.2241534423828127, -0.44786560058593766]], "r": [0.22787916642889938, 2.889496831735124, -1.7938464735324362, 0.7066864914479066, 2.109950728763473, 4.6428034411867545, 0.35750494328325355]}, "6": {"h": [[-0.0, -0.0550396194458008, -0.2543859786987305, -0.3746088790893555], [0.0, 0.8265, 0.6763910827636719, 0.7941773452758789], [0.0, -0.1416162109374997, -0.26857336425781236, -0.4635117187499998]], "r": [0.13756188850140796, 3.256647935873399, -1.7167466520906711, 1.0365105594219077, 1.919804944891425, 4.613818482173716, 1.9725586131865498]}, "7": {"h": [[-0.0, -0.05841507720947264, -0.2997562789916992, -0.47890294647216797], [0.0, 0.8265, 0.7202085494995117, 0.8210576934814453], [0.0, -0.1448154296875, -0.29745385742187486, -0.4577363281249998]], "r": [0.048542845525105925, 3.622750892034846, -1.7419966005982404, 1.0657025983270996, 2.195329312102094, 4.874604617440044, 4.782555673642716]}, "8": {"h": [[-0.0, -0.05444016265869141, -0.32791316986083985, -0.5980645980834961], [0.0, 0.8265, 0.7916852416992188, 0.8299736595153808], [0.0, -0.14225012207031257, -0.3083084716796874, -0.41329187011718754]], "r": [0.3063088975904539, 3.501377387340085, -1.6536332217540188, 1.1133783828377595, 2.1077098226182267, 4.557369449816718, 0.3672864064391164]}, "9": {"h": [[-0.0, -0.05041294860839844, -0.2650768280029297, -0.44220423889160154], [0.0, 0.8265, 0.6675889129638672, 0.7840452041625976], [0.0, -0.16018652343749978, -0.2214479980468747, -0.4156694335937499]], "r": [0.3323600153137923, 3.2754036221847747, -1.8098845923890656, 1.0906864068081845, 1.775437930135394, 4.587318519111682, 0.22047488817808775]}, "10": {"h": [[-0.0, -0.04715187072753907, -0.1999828338623047, -0.2997186737060547], [0.0, 0.8265, 0.6331138305664062, 0.7528313293457032], [0.0, -0.16385681152343762, -0.16879455566406226, -0.3995338134765623]], "r": [0.5572529644099079, 3.077453634796931, -2.1415139112753514, 0.7804871882398112, 1.9343679692351883, 4.759279716813033, 3.090528453332443]}, "11": {"h": [[-0.0, -0.04100969696044923, -0.28175519561767576, -0.431095832824707], [0.0, 0.8265, 0.6957735443115234, 0.8394106140136719], [0.0, -0.1622955322265625, -0.24451794433593782, -0.4068518066406253]], "r": [0.4800497940211288, 3.4317295660056777, -2.0877204767988102, 1.0612046903211427, 1.9657169475956324, 4.692517426795402, 0.19415843069425726]}, "12": {"h": [[-0.0, -0.036757919311523446, -0.32364723205566404, -0.5583986358642579], [0.0, 0.8265, 0.7727806777954102, 0.8578891067504884], [0.0, -0.15026489257812498, -0.28323791503906254, -0.4084682617187501]], "r": [0.3188179435126267, 3.7107869957307624, -2.0103206319140927, 1.1717544081016311, 2.0662117580871735, 4.764174372473703, 0.15718450085591867]}, "13": {"h": [[-0.0, -0.03588641357421876, -0.24979113769531253, -0.4193051147460937], [0.0, 0.8265, 0.6663524017333984, 0.8051909484863281], [0.0, -0.15909289550781242, -0.23466625976562466, -0.4177946777343749]], "r": [0.4303936983475771, 3.7679610250768842, -2.230893888612536, 0.8422517821845887, 2.217482472561991, 4.701693425660234, -1.9791856943684432]}, "14": {"h": [[-0.0, -0.035359680175781255, -0.1924762725830078, -0.27154533386230467], [0.0, 0.8265, 0.6334761505126953, 0.7723963928222657], [0.0, -0.15646850585937494, -0.20135595703125003, -0.41337854003906266]], "r": [0.4704138204677867, 3.530014542532375, -2.262944965760715, 0.6118008961836015, 2.358273539177707, 4.784291413819344, 1.042972545628708]}, "15": {"h": [[-0.0, -0.03586761474609375, -0.1564752044677734, -0.16969047546386717], [0.0, 0.8265, 0.621766586303711, 0.767461181640625], [0.0, -0.15693994140624962, -0.21618457031249988, -0.42260791015624993]], "r": [0.24328838069299946, 3.293974019510973, -2.1050346628794583, 0.5584786553340461, 2.346867838019326, 4.9414636735837725, 4.110051520419743]}}, "id": 11}