{"count": 28, "poses_seq": {"0": {"h": [[-0.0, -0.0481209487915039, -0.15274604034423828, -0.03126674652099609], [0.0, 0.8265, 0.6029768371582032, 0.7228678512573242], [0.0, -0.15947644042968784, -0.19531958007812494, -0.39133227539062504]], "r": [0.667116192664633, 1.211852653115728, 2.4169934381818168, 5.036407519684842, -3.1312033597570093, 4.073913550345083, 0.4480410872740871]}, "1": {"h": [[-0.0, -0.04384284210205078, -0.1351601333618164, 0.04797377777099609], [0.0, 0.8265, 0.6259565734863282, 0.7435130157470704], [0.0, -0.1627462158203124, -0.2725225830078127, -0.41297741699218765]], "r": [0.463068692906705, 1.254594628540832, 2.3376801434538574, 5.018444053771856, -2.988958375383145, 4.021838545501148, 2.1869488986101175]}, "2": {"h": [[-0.0, -0.0493745574951172, -0.014471343994140615, 0.22177469635009767], [0.0, 0.8265, 0.6954019927978516, 0.7816100463867188], [0.0, -0.16433850097656238, -0.374607421875, -0.43325146484375004]], "r": [0.6382955622602401, 1.068611839991467, 2.5924427820389546, 4.879968061194506, -2.814744209982305, 4.053932233100299, 4.142647604631587]}, "3": {"h": [[-0.0, -0.076869140625, -0.08332136535644533, 0.11555709838867187], [0.0, 0.8265, 0.7169082107543945, 0.7948411102294921], [0.0, -0.15481445312500003, -0.37552099609375006, -0.5153292236328124]], "r": [0.6129729865540242, 1.2522227806516484, 2.2216582560313722, 4.866246375301329, -2.4609012237464034, 4.070681100592051, 0.39045000467503943]}, "4": {"h": [[-0.0, -0.06255545806884764, -0.14109366607666013, -0.010843086242675784], [0.0, 0.8265, 0.6269914398193359, 0.739868293762207], [0.0, -0.1420819091796875, -0.2622327880859375, -0.4479869384765625]], "r": [0.4442642508790795, 1.4665075707857587, 1.8921836820608768, 5.0822178626144305, -2.3172335298802063, 4.111850839715312, -1.304443300842392]}, "5": {"h": [[-0.0, -0.06236958312988282, -0.1424492645263672, -0.0978751678466797], [0.0, 0.8265, 0.5989486999511718, 0.7246112442016601], [0.0, -0.14472705078124976, -0.181007080078125, -0.398901611328125]], "r": [0.6370456961382689, 1.572201644409735, 1.6652723529162692, 5.204709334050154, -2.0568895285547484, 4.346432656308632, 1.5248580594338135]}, "6": {"h": [[-0.0, -0.052536399841308576, -0.1968776168823242, -0.2432571029663086], [0.0, 0.8265, 0.6402400512695312, 0.7542847061157226], [0.0, -0.14364404296875027, -0.22956079101562504, -0.453143310546875]], "r": [0.9831109080972229, 1.7284632243926454, 1.583208752520094, 4.922664421583421, -2.042498301284288, 4.4928740678506465, -0.055645241425177266]}, "7": {"h": [[-0.0, -0.0550396194458008, -0.2543859786987305, -0.3746088790893555], [0.0, 0.8265, 0.6763910827636719, 0.7941773452758789], [0.0, -0.1416162109374997, -0.26857336425781236, -0.4635117187499998]], "r": [1.096531390728749, 1.7789715551633676, 1.7375882969607124, 4.76280394900301, -2.321509233455695, 4.224524562866601, -2.484261256405646]}, "8": {"h": [[-0.0, -0.05687445831298828, -0.316865119934082, -0.5207766494750977], [0.0, 0.8265, 0.7404992523193359, 0.8307154998779297], [0.0, -0.14558630371093734, -0.3093983154296876, -0.4556036376953126]], "r": [1.277506290357116, 1.8804760728727687, 1.6765034814426045, 4.671268557922512, -2.3090992317109102, 4.148683080643203, -0.7464714444819458]}, "9": {"h": [[-0.0, -0.0531608123779297, -0.33287121582031254, -0.6135477294921875], [0.0, 0.8265, 0.8105610733032227, 0.8344021015167236], [0.0, -0.143385498046875, -0.29978015136718766, -0.39427233886718765]], "r": [1.5302134675471069, 1.5369914655212091, 1.8641595544567193, 4.908564022826862, -2.004420902798557, 3.820458313469143, -1.3345612405851466]}, "10": {"h": [[-0.0, -0.05171467590332031, -0.2982639465332031, -0.5025566406249999], [0.0, 0.8265, 0.6929723968505859, 0.7979244842529296], [0.0, -0.1516607666015622, -0.24023669433593736, -0.4139686279296873]], "r": [1.403848578888289, 1.4230174680745438, 1.8962836719034557, 5.075952266248605, -1.8652829862723628, 3.795981502256468, -2.2152443234556776]}, "11": {"h": [[-0.0, -0.050921859741210954, -0.23771038818359375, -0.37874670410156247], [0.0, 0.8265, 0.6460382843017578, 0.7729720306396484], [0.0, -0.16189074707031265, -0.19494787597656266, -0.4106878662109375]], "r": [1.4697758354081116, 1.1636540412401706, 2.0527456085446265, 5.1399958822583685, -2.0008656164186025, 3.8885385370136656, -3.419204064695816]}, "12": {"h": [[-0.0, -0.03645343780517579, -0.16300568389892578, -0.22274274444580078], [0.0, 0.8265, 0.6279760437011719, 0.7381597137451172], [0.0, -0.15962609863281269, -0.17487854003906272, -0.39639270019531253]], "r": [1.2770488118656895, 1.0087142117190295, 2.2067423214604225, 5.375694998353421, -1.810123756600885, 3.6577554669250354, 4.431092736504785]}, "13": {"h": [[-0.0, -0.04581581115722655, -0.23492594909667966, -0.3468199920654297], [0.0, 0.8265, 0.6617876586914062, 0.8062249298095703], [0.0, -0.15927551269531276, -0.26605273437500015, -0.4497359619140627]], "r": [1.3525814744970968, 1.2499612599992256, 2.0754939867370656, 5.17684663871108, -1.74569275676954, 3.8055803498041496, -2.5269868518026315]}, "14": {"h": [[-0.0, -0.04072750091552735, -0.2885611801147461, -0.4935986251831055], [0.0, 0.8265, 0.7148420639038087, 0.7953041763305664], [0.0, -0.16810583496093728, -0.3317242431640624, -0.4915836181640623]], "r": [1.498864634318444, 1.3156448742001787, 1.926928187975788, 4.9220735812779, -1.9689140069874216, 3.987715681822978, -4.359445851230978]}, "15": {"h": [[-0.0, -0.05224273681640626, -0.22476710510253906, -0.38858168029785156], [0.0, 0.8265, 0.7692995109558105, 0.8214760093688964], [0.0, -0.1623507080078122, -0.4088323974609374, -0.6389722900390622]], "r": [1.3690243939521194, 1.3274236844282308, 1.9600528487858397, 4.823288148422511, -1.8805879841131807, 4.044255887321529, 2.13002182893388]}, "16": {"h": [[-0.0, -0.053589538574218734, -0.19657374572753905, -0.29504225158691405], [0.0, 0.8265, 0.7723411254882813, 0.8120395050048829], [0.0, -0.16841552734375026, -0.43881762695312504, -0.7075593261718751]], "r": [1.4178342126844408, 1.2660141589509941, 2.0173014734163357, 4.715694101101403, -1.8584388468038553, 4.282015137393625, 2.083810655760345]}, "17": {"h": [[-0.0, -0.057665130615234386, -0.1450099105834961, -0.16636954498291018], [0.0, 0.8265, 0.7357153472900391, 0.7426409835815431], [0.0, -0.17058300781249996, -0.4751715087890625, -0.7401828613281249]], "r": [1.2471341664936249, 1.0437419851031116, 2.1285641823276915, 4.984382748017246, -1.6516983733799115, 4.032933775066319, 0.5322748785639484]}, "18": {"h": [[-0.0, -0.06726853942871093, -0.27898860168457035, -0.35203596496582035], [0.0, 0.8265, 0.7806232719421387, 0.8438761672973634], [0.0, -0.14215588378906246, -0.36845129394531223, -0.6096009521484373]], "r": [1.605855313628779, 1.1262206014155824, 2.324911220810498, 4.989663108944667, -1.6422646694040979, 3.854357512040678, -0.13758946856788987]}, "19": {"h": [[-0.0, -0.06498931884765625, -0.29227174377441406, -0.4393553619384766], [0.0, 0.8265, 0.7192463989257812, 0.7949635391235352], [0.0, -0.14946374511718769, -0.33393103027343757, -0.5451422119140625]], "r": [1.7629856714743877, 1.0741024296836865, 2.2403262299650475, 5.002929804694227, -1.7039711411458658, 4.001203683011955, -1.5817134734722544]}, "20": {"h": [[-0.0, -0.05217508697509765, -0.21896265411376953, -0.2877199172973633], [0.0, 0.8265, 0.6447891082763673, 0.699482894897461], [0.0, -0.16409643554687509, -0.34907910156250016, -0.6137022705078126]], "r": [1.8945886981713553, 0.9259703511242772, 2.400045191994643, 5.07335282784583, -1.6707591570888627, 4.366585457429851, -3.192045291945304]}, "21": {"h": [[-0.0, -0.041512641906738285, -0.11810649871826173, -0.09410619354248048], [0.0, 0.8265, 0.620608139038086, 0.6578418579101563], [0.0, -0.1634949951171874, -0.37852966308593744, -0.6286850585937498]], "r": [1.5711519199689703, 0.9417370393822629, 2.358246234852308, 4.827948084483911, -2.062357582596519, 4.545022130324332, 0.7196453526429974]},