{"count": 28, "poses_seq": {"0": {"h": [[-0.0, -0.0609298400878906, -0.14795379638671874, 0.08680433654785158], [0.0, 0.8265, 0.7099610214233398, 0.7408202228546142], [0.0, -0.24577734375, -0.44242309570312505, -0.6234029541015627]], "r": [-1.5565424389112072, 3.2721665056540896, 0.5105012192212427, 0.931158877518217, -1.9475727731591037, 4.68640442310105, -1.768614634515626]}, "1": {"h": [[-0.0, -0.055975738525390645, -0.13521585083007812, 0.15236407470703123], [0.0, 0.8265, 0.7009952926635742, 0.7630297813415527], [0.0, -0.23988244628906258, -0.42881243896484383, -0.5031178588867187]], "r": [-1.5477740117365995, 2.989637995831556, 0.3648870269755176, 0.7073082572678917, -2.00143217481294, 4.508486103944829, -4.288656171919171]}, "2": {"h": [[-0.0, -0.04382112121582031, -0.0940581512451172, 0.050455886840820315], [0.0, 0.8265, 0.748734130859375, 0.8973793334960938], [0.0, -0.1119976806640624, -0.3338740234375, -0.41004772949218743]], "r": [-1.4844652466011998, 2.954153622664923, 0.3670222168789671, 0.7849675262455346, -2.350021289523889, 4.829407618062664, 0.16686208787994003]}, "3": {"h": [[-0.0, -0.057698883056640615, -0.12111805725097655, 0.0029751052856445415], [0.0, 0.8265, 0.7810421295166016, 1.0341566467285157], [0.0, -0.13011340332031246, -0.3407934570312499, -0.4601376953124999]], "r": [-1.5929443884684995, 3.0041638932804378, 0.5254967422969165, 1.007948419352498, -2.3735486115510445, 4.816079182554864, -1.03449403859373]}, "4": {"h": [[-0.0, -0.05385572052001952, -0.1511049575805664, -0.0731059341430664], [0.0, 0.8265, 0.7495003128051758, 1.0295262145996094], [0.0, -0.12118115234374988, -0.3070441894531249, -0.45245910644531234]], "r": [-1.5153474566162006, 2.8990787420399844, 0.621389708588133, 1.0002068673565254, -2.21872278239249, 4.640237988654417, 1.9110533396162528]}, "5": {"h": [[-0.0, -0.054413558959960945, -0.1682583923339844, -0.1567242431640625], [0.0, 0.8265, 0.7427834777832031, 1.028716339111328], [0.0, -0.12551892089843736, -0.30658947753906257, -0.45857287597656243]], "r": [-1.7766039795790134, 2.905968836666912, 1.0048152440970308, 1.0866737239596898, -2.096238083942427, 4.626996487412232, -0.6513353674460678]}, "6": {"h": [[-0.0, -0.047984085083007805, -0.18656320190429687, -0.23602508544921874], [0.0, 0.8265, 0.7532583923339844, 1.0244491882324218], [0.0, -0.12393103027343738, -0.29770715332031245, -0.4577591552734375]], "r": [-1.7480640324018004, 2.936345787137226, 1.1553249195798738, 1.2205379263128115, -1.9386626849588222, 4.6033534138202965, -0.3567808435818064]}, "7": {"h": [[-0.0, -0.03862631988525389, -0.21338188934326172, -0.3305240707397461], [0.0, 0.8265, 0.7559559860229492, 0.970222381591797], [0.0, -0.13950183105468766, -0.28831628417968763, -0.4511226806640625]], "r": [-1.6428584280901322, 3.0684076434953576, 1.3479236691120127, 1.3839683409391956, -1.754513149101375, 4.668989063364674, 0.7764157085958512]}, "8": {"h": [[-0.0, -0.034941635131835944, -0.20828631591796876, -0.3924222412109375], [0.0, 0.8265, 0.6826175537109376, 0.7230575256347657], [0.0, -0.15924218750000013, -0.2546922607421876, -0.4842135009765625]], "r": [-1.6580793093954607, 3.088252675260774, 1.3266004992535503, 0.9974042416387116, -1.7710611628251387, 4.292632587278494, 2.2836592572576193]}, "9": {"h": [[-0.0, -0.03504978179931641, -0.1648423843383789, -0.2905161514282227], [0.0, 0.8265, 0.6400665893554688, 0.5596402740478515], [0.0, -0.15063085937499993, -0.23263635253906273, -0.5124144287109376]], "r": [-1.6137628718377346, 3.1450922046784755, 1.1663632704143212, 0.7977493877299457, -1.702306522801522, 4.179551758675807, 0.709918685230307]}, "10": {"h": [[-0.0, -0.046322013854980484, -0.11634122467041015, -0.1304579544067383], [0.0, 0.8265, 0.5731419372558594, 0.44061625671386717], [0.0, -0.1316914062499997, -0.3322104492187499, -0.5969078369140624]], "r": [-1.6260598328063847, 3.4270534935833035, 0.9862765983665823, 0.648975922319547, -1.862050069300555, 4.367280629647622, 0.27938016337704785]}, "11": {"h": [[-0.0, -0.048359359741210944, -0.09716355895996093, -0.07223452758789062], [0.0, 0.8265, 0.5717575073242187, 0.4334530181884766], [0.0, -0.1273360595703122, -0.33338134765624977, -0.5934002685546873]], "r": [-1.5123095337125279, 3.432511962369931, 0.8138500839356202, 0.6967516501829827, -1.7066665433159245, 4.397378071798661, 2.309675465153517]}, "12": {"h": [[-0.0, -0.05262040710449217, -0.04725724792480468, 0.08672499084472657], [0.0, 0.8265, 0.5871519622802734, 0.4595389556884765], [0.0, -0.1350428466796874, -0.3511055908203125, -0.5776802978515625]], "r": [-1.848315098409877, 3.211912763456918, 0.6845909865147032, 0.6390232181816394, -1.8687595864214426, 4.0327874242777755, 4.763448727368325]}, "13": {"h": [[-0.0, -0.05438903045654296, -0.04198926544189453, 0.11752855682373047], [0.0, 0.8265, 0.586899887084961, 0.4647198028564453], [0.0, -0.12723352050781261, -0.3491114501953126, -0.5620802001953125]], "r": [-1.5065771273612552, 3.31545689273896, 0.394804648244323, 0.5478241828117674, -1.9531071351849056, 4.306356619236911, 0.7338697668948465]}, "14": {"h": [[-0.0, -0.05492945098876953, -0.03167087554931641, 0.14439202117919922], [0.0, 0.8265, 0.5912312316894531, 0.4780545043945313], [0.0, -0.12361535644531269, -0.3490101318359374, -0.5522821044921875]], "r": [-1.8850855002972866, 3.2533092832674377, 0.7218366607289778, 0.5707074220644719, -1.9074114196842078, 4.245968702940088, -1.1085793731419373]}, "15": {"h": [[-0.0, -0.05362736511230469, 0.006593811035156258, 0.2464620056152344], [0.0, 0.8265, 0.6252730712890625, 0.5526401672363281], [0.0, -0.1335489501953125, -0.35431237792968756, -0.5008829345703125]], "r": [-1.8918583391822534, 3.0581157466644706, 0.39622443644840094, 0.567387030786151, -2.0714625237603523, 4.082421159965149, 1.3208699156917456]}, "16": {"h": [[-0.0, -0.05612030792236329, 0.054874420166015625, 0.3219973220825195], [0.0, 0.8265, 0.7005418090820312, 0.7166780319213868], [0.0, -0.14145874023437505, -0.3789027099609375, -0.46338220214843756]], "r": [-2.1308426806357943, 2.9320493130439007, 0.5155890358562096, 0.8570632375348274, -1.7180244539463791, 4.1321904039330395, -0.7465552555095752]}, "17": {"h": [[-0.0, -0.07101810836791991, 0.0257501335144043, 0.2423652458190918], [0.0, 0.8265, 0.84498832321167, 0.9999086608886718], [0.0, -0.14659082031249976, -0.3925251464843749, -0.47305798339843746]], "r": [-2.2152573188930975, 2.742303230481318, 0.5030622405490377, 1.2417462282362708, -1.6225848190021, 3.8973615953100187, 2.3378693415525524]}, "18": {"h": [[-0.0, 0.002162185668945313, -0.024589523315429684, 0.11058354187011718], [0.0, 0.8265, 0.9042004013061524, 1.106844482421875], [0.0, -0.13727734374999995, -0.4059378662109377, -0.51008935546875]], "r": [-2.2872305286008157, 2.7323983639446316, 0.7067093017504448, 1.3693488219909808, -1.7433564367775267, 3.9068302598984657, 4.425027868597761]}, "19": {"h": [[-0.0, -0.0039744338989257805, -0.0685707550048828, 0.007618881225585947], [0.0, 0.8265, 0.9368221969604492, 1.1563503875732422], [0.0, -0.1529570312500002, -0.40234252929687503, -0.5213651123046874]], "r": [-2.208564883904579, 2.872370263398425, 0.9972533271986046, 1.5972841468902272, -1.6846715001808428, 4.292244860899392, -4.063197971347614]}, "20": {"h": [[-0.0, -0.06138204193115235, -0.15771448516845704, -0.13594501495361327], [0.0, 0.8265, 0.8896868133544922, 1.1141337280273438], [0.0, -0.1342304687499996, -0.4009211425781248, -0.5285590820312498]], "r": [-2.2334217852365397, 2.852827475186927, 1.2065121515713406, 1.4019199357423844, -1.9292354892972199, 4.333787625747564, 3.63220577587316]}, "21": {"h": [[-0.0, -0.05805496215820313, -0.18180804443359375, -0.20746856689453122], [0.0, 0.8265, 0.8709208068847656, 1.094521469116211], [0.0, -0.13205639648437534, -0.39804882812500014, -0.5311142578125001]], "r": [-2.2742541271979957, 2.6700189402135224, 1.0614325970026006, 1.2668293638951513, -2.1116212667383967, 3.948776127663245, -1.7197813782452493]},