{"count": 45, "poses_seq": {"0": {"h": [[-0.0, -0.0679203987121582, 0.13551205062866212, 0.42293547439575196], [0.0, 0.8265, 0.6870724487304687, 0.6615162200927734], [0.0, -0.16822583007812503, -0.3075329589843752, -0.28264343261718766]], "r": [0.17994879862260313, 1.335041574982007, -3.455845959491567, 4.341946234866799, -3.4108000703613284, 5.069058478466199, 0.18917703147691411]}, "1": {"h": [[-0.0, -0.05359594917297363, 0.12659728050231933, 0.3774428310394287], [0.0, 0.8265, 0.8185052008628846, 0.9123974151611328], [0.0, -0.20574182128906254, -0.35398962402343753, -0.3205989990234375]], "r": [0.08191673737298703, 1.7226750717537007, 2.6020401960529416, 4.148109995641397, 3.0621836396838917, 4.76288807881638, 0.014011735940919813]}, "2": {"h": [[-0.0, -0.0734341926574707, 0.080282527923584, 0.3032624473571777], [0.0, 0.8265, 0.86755322265625, 1.011193161010742], [0.0, -0.19379272460937497, -0.40290832519531256, -0.4532932128906249]], "r": [0.16821843220533556, 1.866003196989856, 2.548407099272492, 4.165650255744038, 2.939817233260472, 4.501228710570577, 1.789527926036617]}, "3": {"h": [[-0.0, -0.07720919036865236, 0.04427035522460938, 0.23610852813720704], [0.0, 0.8265, 0.8661106719970704, 1.010109161376953], [0.0, -0.18932788085937508, -0.4382979736328126, -0.5584492187500001]], "r": [0.3436238377198333, 1.852421392157287, 2.4543269181466836, 4.166036521664718, 2.981245992940037, 4.415927349733007, -0.3083499048655105]}, "4": {"h": [[-0.0, -0.07795327758789063, 0.02478460693359375, 0.17032275390624999], [0.0, 0.8265, 0.8585660095214844, 0.9675528564453124], [0.0, -0.17664465332031237, -0.4576534423828123, -0.6459315185546874]], "r": [0.4751856791353479, 1.9872134995937414, 2.2854558766597046, 3.970910717714005, 2.9169052101418576, 4.623301315096392, 2.50895575544449]}, "5": {"h": [[-0.0, -0.0730654296875, 0.029178504943847654, 0.11614400482177734], [0.0, 0.8265, 0.8075757808685303, 0.8337516975402832], [0.0, -0.18419750976562527, -0.4838531494140626, -0.7255483398437501]], "r": [0.7381777594342398, 1.8058189554535964, 2.4546663553458035, 3.9012269312703953, 2.6196561570465415, 4.834266109615278, 5.247135444570835]}, "6": {"h": [[-0.0, -0.06945333099365235, 0.02919061279296875, 0.1595319290161133], [0.0, 0.8265, 0.6731064147949218, 0.590215576171875], [0.0, -0.17844885253906245, -0.44592431640625013, -0.662913818359375]], "r": [0.5407455413490629, 1.607262518995382, 2.1907519542956626, 4.204201052942946, 2.700673073526261, 4.908177417103014, -0.891221173685644]}, "7": {"h": [[-0.0, -0.0717562255859375, 0.06088272094726563, 0.2547830276489258], [0.0, 0.8265, 0.6347184906005859, 0.4974896087646484], [0.0, -0.1653074951171874, -0.377295166015625, -0.5462103271484375]], "r": [0.3531921836911779, 1.334651499614389, 2.398062302230448, 4.446604299601851, 2.5690711056726805, 4.9691000723542045, 0.45626535106442545]}, "8": {"h": [[-0.0, -0.06797274017333985, 0.08930908966064453, 0.3239284057617188], [0.0, 0.8265, 0.6267400512695313, 0.4945884857177735], [0.0, -0.16363940429687523, -0.345285400390625, -0.46008508300781253]], "r": [0.4797180312424329, 1.0972943022402728, 2.6642624140295608, 4.333334443394612, 2.8219015759189947, 5.1529406373084505, 0.16368861751902747]}, "9": {"h": [[-0.0, -0.06665523529052736, 0.11587181854248046, 0.387099983215332], [0.0, 0.8265, 0.6382070007324219, 0.5425460968017578], [0.0, -0.16403771972656261, -0.32434313964843736, -0.37550451660156253]], "r": [0.305675117153956, 1.4321801980220843, 2.656348237769838, 4.260529084430947, 2.6501260891539697, 5.429096215997316, 0.7100580745418928]}, "10": {"h": [[-0.0, -0.05696795272827149, 0.1546930274963379, 0.44397131729125977], [0.0, 0.8265, 0.6818994445800781, 0.66777685546875], [0.0, -0.17012573242187506, -0.3176043701171876, -0.302982666015625]], "r": [0.05801649469037301, 1.5441127881306695, 2.964956823875808, 4.414187793554745, 2.3315458715739674, 5.2161857789059125, -1.7096049940487381]}, "11": {"h": [[-0.0, -0.051810462951660155, 0.13577520751953126, 0.3856280822753906], [0.0, 0.8265, 0.830169843673706, 0.9434034347534179], [0.0, -0.21055712890625006, -0.35749389648437485, -0.324641357421875]], "r": [0.034612757643966645, 1.934143719863383, 2.9928016934305295, 4.122169765447133, 2.2828916265507786, 4.950054481672204, -0.9946205810254798]}, "12": {"h": [[-0.0, -0.07138396453857422, 0.07764635467529296, 0.28017369842529294], [0.0, 0.8265, 0.886805435180664, 1.0537669525146485], [0.0, -0.20153308105468742, -0.41136987304687495, -0.4558577880859374]], "r": [0.14090762933495038, 2.1829740113288283, 2.7686687995935695, 3.982626916669572, 2.312139570452147, 4.786676812144847, -0.8099561621700968]}, "13": {"h": [[-0.0, -0.0714171600341797, 0.03730081176757813, 0.1974175033569336], [0.0, 0.8265, 0.8781970787048341, 1.0536289062500002], [0.0, -0.17903295898437516, -0.435283935546875, -0.5501657714843751]], "r": [0.17887541811980523, 2.241378976016449, 2.7286680213297907, 4.33608389674227, 1.933168595060047, 4.556950654031238, -1.0996104758735805]}, "14": {"h": [[-0.0, -0.08036894607543946, 0.0061432762145996085, 0.1316017265319824], [0.0, 0.8265, 0.8516887855529786, 1.0033858032226561], [0.0, -0.17619860839843754, -0.4625504150390625, -0.6296517333984375]], "r": [0.40115558792214584, 2.458166792703844, 2.446340294488994, 4.172515814191596, 1.872661213555832, 4.7806382184639995, -2.6153218171912456]}, "15": {"h": [[-0.0, -0.0731465072631836, -0.020555011749267584, 0.06828346633911132], [0.0, 0.8265, 0.8166729583740235, 0.889674659729004], [0.0, -0.17058996582031255, -0.4776865234374999, -0.707589111328125]], "r": [0.5593811642805784, 2.1502146027817988, 2.4395239986361954, 4.264704866130981, 2.0568608635245007, 4.653852911252316, -5.0827900635406795]}, "16": {"h": [[-0.0, -0.06710557556152344, 0.011205932617187504, 0.15689080810546874], [0.0, 0.8265, 0.6820108489990234, 0.6279009246826173], [0.0, -0.1755483398437499, -0.45172387695312494, -0.6706145019531249]], "r": [0.5784389952716411, 2.145789633253077, 2.182421973720815, 4.62621699528342, 1.8092919083130834, 5.01283882404577, -0.5394667240661186]}, "17": {"h": [[-0.0, -0.052966453552246086, 0.06882437133789063, 0.28517498779296874], [0.0, 0.8265, 0.6538229370117188, 0.5510140991210938], [0.0, -0.17638793945312498, -0.3984553222656249, -0.5595943603515625]], "r": [0.18876866955032287, 1.9177513738773813, 2.3564117106314533, 4.916845658674328, 1.8673643087572256, 4.884685009136874, 1.3403172786409585]}, "18": {"h": [[-0.0, -0.05766082000732422, 0.08501619720458985, 0.34266466522216793], [0.0, 0.8265, 0.6612273712158203, 0.5737033843994142], [0.0, -0.1832257080078124, -0.3754105224609375, -0.467082275390625]], "r": [0.05241116352650071, 1.7646621670700988, 2.5796356166576073, 4.900623944573308, 1.946632055906279, 4.958667354777847, -1.344377439400388]}, "19": {"h": [[-0.0, -0.06076921844482421, 0.10423885345458986, 0.38918508911132815], [0.0, 0.8265, 0.6798155212402344, 0.6416754455566407], [0.0, -0.18255163574218752, -0.3633892822265626, -0.38283312988281254]], "r": [-0.014990145670667188, 1.7983169136567605, 2.6600660837418486, 4.621452720997352, 2.149621478437256, 5.117779847459507, -4.128940824279239]}, "20": {"h": [[-0.0, -0.06529449844360351, 0.10102108383178711, 0.3819995994567871], [0.0, 0.8265, 0.7208942565917968, 0.7649916839599609], [0.0, -0.18281774902343778, -0.35856494140625, -0.30941845703125]], "r": [-0.2792519261422994, 1.9626660785690133, 2.814472428726502, 4.765362076167391, 2.032560063186915, 4.934576392638361, 2.366405199486206]}, "21": {"h": [[-0.0, -0.07569077301025391, 0.047846351623535156, 0.26603443908691404], [0.0, 0.8265, 0.7775362548828125, 0.9575195922851563], [0.0, -0.169471435546875, -0.3805582275390625, -0.3742989501953125]], "r": [-0.01777066321790602, 2.009777525214496, 2.883669625469382, 4.40610538125703, 2.2773286065011495, 4.706455679351985, 3.2813134357319176]},