{"count": 18, "poses_seq": {"0": {"h": [[-0.0, -0.0481209487915039, -0.15274604034423828, -0.03126674652099609], [0.0, 0.8265, 0.6029768371582032, 0.7228678512573242], [0.0, -0.15947644042968784, -0.19531958007812494, -0.39133227539062504]], "r": [4.639899925849041, 5.157675457856337, 0.053987847006552, 4.760709609762116, -3.405639574267906, 4.511575071596963, 2.7461788049736664]}, "1": {"h": [[-0.0, -0.04315861511230469, -0.11773545837402345, 0.07776197814941406], [0.0, 0.8265, 0.6357043151855468, 0.7517074508666992], [0.0, -0.16207080078124997, -0.29525390625, -0.420485107421875]], "r": [-1.6860169711166468, 5.210546984432477, 0.2332279056337116, 4.799906459663577, 2.808214758095171, 4.345170819655991, 1.0964192958125178]}, "2": {"h": [[-0.0, -0.050270393371582026, 0.015562294006347656, 0.2557937469482422], [0.0, 0.8265, 0.7138281097412109, 0.7937814865112305], [0.0, -0.1677355957031253, -0.3815205078125002, -0.43198388671875004]], "r": [-2.0548270983106884, 5.071728911771434, 0.4278142776564319, 4.657623898166343, 2.439190182412632, 4.486744136863002, 1.4547568171237633]}, "3": {"h": [[-0.0, -0.07800394821166992, -0.06442022323608398, 0.15220396804809572], [0.0, 0.8265, 0.7357442626953126, 0.8036979522705079], [0.0, -0.15847851562499998, -0.3856661376953124, -0.5051129150390623]], "r": [-1.663678815439259, 5.047329032943544, 0.4257461813005815, 4.530087556777788, 2.688455125056875, 4.451218372850479, 0.7225691661104658]}, "4": {"h": [[-0.0, -0.06352029418945312, -0.13431373596191407, 0.01733427429199219], [0.0, 0.8265, 0.63743310546875, 0.7544032897949219], [0.0, -0.13914868164062516, -0.2869257812500002, -0.4551300048828127]], "r": [-1.395400729729609, 5.206271679042904, 0.5207179569720719, 4.867077903121572, 2.4901691117020333, 4.303613421127773, -0.8519941188690835]}, "5": {"h": [[-0.0, -0.06273375701904295, -0.15526509857177734, -0.058631919860839835], [0.0, 0.8265, 0.6068998260498046, 0.729125099182129], [0.0, -0.15341955566406257, -0.21292932128906267, -0.4185115966796878]], "r": [-1.3252390645648326, 5.398967979612053, 0.3871555843097305, 5.125582589670986, 2.4524010402864893, 4.01107523972927, 2.122493048666048]}, "6": {"h": [[-0.0, -0.05799375915527344, -0.14013618469238281, -0.1215245819091797], [0.0, 0.8265, 0.6087921142578125, 0.7308684692382813], [0.0, -0.1419605712890622, -0.19526245117187485, -0.42223303222656244]], "r": [-1.4476162785445483, 5.231813897775967, 0.41233237526279415, 5.077655645306821, 2.1110337142819713, 4.34182469897407, 0.7401999290185367]}, "7": {"h": [[-0.0, -0.0492514419555664, -0.22775138092041014, -0.3258536148071289], [0.0, 0.8265, 0.6574599914550782, 0.7755257415771484], [0.0, -0.14263635253906265, -0.26069909667968766, -0.46674719238281265]], "r": [-1.2336443939427255, 5.109444399094052, 0.339822324111809, 5.009082749708659, 1.7534355941112678, 4.435386954445159, -0.4401595938969015]}, "8": {"h": [[-0.0, -0.05634438323974608, -0.3246141128540039, -0.5498483047485352], [0.0, 0.8265, 0.7568577499389648, 0.8335300598144532], [0.0, -0.1464335937499997, -0.31221679687499987, -0.449909423828125]], "r": [-1.0969507877619762, 4.83294539097519, 0.18559931178729946, 4.718718661290794, 1.575391653681006, 4.73487776458649, -0.4337214723145145]}, "9": {"h": [[-0.0, -0.054029029846191415, -0.33789424896240233, -0.6234697494506836], [0.0, 0.8265, 0.8083357601165772, 0.8273255844116211], [0.0, -0.14628198242187535, -0.29419091796875013, -0.37458740234375015]], "r": [-1.092116156952852, 4.550062617813386, -0.07309934927955924, 4.621232661436708, 1.4606696498289893, 5.011099227391192, 0.6567817019215612]}, "10": {"h": [[-0.0, -0.05275448608398438, -0.31256527709960935, -0.5334515075683594], [0.0, 0.8265, 0.7055345611572266, 0.8005278091430664], [0.0, -0.1549930419921875, -0.2540786132812501, -0.41620300292968754]], "r": [-1.1802061297735578, 4.4668517482442125, -0.09704346864384708, 4.7852345469793365, 1.3030069926093235, 5.210692991909206, 0.6930507241497309]}, "11": {"h": [[-0.0, -0.05075784301757813, -0.2525050354003906, -0.4087044677734375], [0.0, 0.8265, 0.6576921997070313, 0.7781343154907227], [0.0, -0.16072924804687477, -0.20874206542968726, -0.417405029296875]], "r": [-1.3252162703045816, 4.138607750597729, -0.4396737444801239, 4.6379931001433325, 1.4223351578753745, 5.50629007698232, -0.18665410563836282]}, "12": {"h": [[-0.0, -0.043841194152832025, -0.18503502655029294, -0.27496706390380854], [0.0, 0.8265, 0.6336885681152344, 0.748632827758789], [0.0, -0.16292529296874997, -0.16788525390625014, -0.39850671386718767]], "r": [-1.6739415090004055, 3.903018745737196, -0.6547806350240102, 4.986990524953498, 1.539206029444511, 5.43768088223412, 1.309838430673936]}, "13": {"h": [[-0.0, -0.04100969696044923, -0.28175519561767576, -0.431095832824707], [0.0, 0.8265, 0.6957735443115234, 0.8394106140136719], [0.0, -0.1622955322265625, -0.24451794433593782, -0.4068518066406253]], "r": [-1.4441732890541052, 4.064902043171214, -0.5386610979081196, 4.951391719963712, 1.1958092474796094, 5.282739889880376, 1.7193902693176935]}, "14": {"h": [[-0.0, -0.03707679748535156, -0.32334075927734374, -0.5775172119140625], [0.0, 0.8265, 0.784155948638916, 0.8527610511779786], [0.0, -0.1526203613281248, -0.2891604003906248, -0.4042080078124997]], "r": [-1.4102455646388061, 4.066834658652069, -0.6618183686454107, 4.630371094528067, 1.4928897278732154, 4.964306759966977, 4.357929544521347]}, "15": {"h": [[-0.0, -0.03588641357421876, -0.24979113769531253, -0.4193051147460937], [0.0, 0.8265, 0.6663524017333984, 0.8051909484863281], [0.0, -0.15909289550781242, -0.23466625976562466, -0.4177946777343749]], "r": [-1.7735976663046125, 3.867090362764728, -0.724299925641925, 4.929673953631792, 1.5276762145342555, 4.948666800403812, -4.729518022162551]}, "16": {"h": [[-0.0, -0.03515308380126954, -0.20319657135009767, -0.3017683792114258], [0.0, 0.8265, 0.6367228393554687, 0.7772249298095704], [0.0, -0.1577292480468751, -0.2047022705078126, -0.4178664550781251]], "r": [-1.6707310878244734, 3.6744411457680526, -1.0513150214297131, 4.6590275226221065, 1.7343292706788387, 5.308840030405531, -1.1278796443911105]}, "17": {"h": [[-0.0, -0.036983818054199216, -0.15018152618408204, -0.1769213638305664], [0.0, 0.8265, 0.6206387634277344, 0.7638565368652344], [0.0, -0.15586413574218733, -0.19918542480468765, -0.4104791259765624]], "r": [-1.6913940358925976, 3.6341929483213584, -1.2547258405878456, 4.5462516734978, 1.8122937129353756, 5.546648822191014, 0.024827489170981154]}}, "id": 6}