{"count": 20, "poses_seq": {"0": {"h": [[-0.0, -0.05680802917480468, -0.22434895324707033, -0.3111182098388672], [0.0, 0.8265, 0.8590890350341798, 1.0943938903808594], [0.0, -0.13100585937499992, -0.3708925781249999, -0.4664908447265626]], "r": [1.867027919533537, 2.8952040842811066, 3.7253261115067153, 3.008916373615279, -0.13724173487269964, 5.154185480282421, -3.2120915799919096]}, "1": {"h": [[-0.0, -0.058860801696777335, -0.20516323089599608, -0.19790904998779296], [0.0, 0.8265, 0.7396872711181641, 0.744170654296875], [0.0, -0.18683068847656276, -0.49538073730468773, -0.7569495849609376]], "r": [1.6391761608617346, 2.5035074126848103, -2.400199502915392, 2.6934196583123424, -0.44974477842639216, 5.181505516370944, 0.9266417166097121]}, "2": {"h": [[-0.0, -0.05610023498535158, -0.25556626892089845, -0.45492259216308595], [0.0, 0.8265, 0.7730813369750977, 0.9109836044311523], [0.0, -0.1289750976562501, -0.36339990234375, -0.517117919921875]], "r": [1.9453384926079837, 2.741029146466495, -2.3860165509603486, 2.6723615189321746, -0.24290005656804167, 5.086626923300587, 0.39639632511223255]}, "3": {"h": [[-0.0, -0.05741513061523437, -0.21106976318359377, -0.20488427734374998], [0.0, 0.8265, 0.7324775085449219, 0.7378007736206055], [0.0, -0.1858118896484376, -0.4842451171875, -0.7480748291015624]], "r": [1.7473609290762266, 2.54682051674672, -2.6247002312278127, 2.6188595078594297, -0.41710782583882194, 5.138629838703329, -1.535869193348693]}, "4": {"h": [[-0.0, -0.05440673828124999, -0.24962020874023438, -0.45973580932617186], [0.0, 0.8265, 0.7486968688964843, 0.8644260711669922], [0.0, -0.12959912109374977, -0.36009289550781226, -0.5225321044921873]], "r": [2.0880484096555674, 2.6795329683098923, -2.4565006381089862, 2.7052322285969566, -0.3918365594249845, 5.191795599371598, 1.100700887304964]}, "5": {"h": [[-0.0, -0.057868682861328125, -0.23581582641601564, -0.23237106323242188], [0.0, 0.8265, 0.7265735778808593, 0.7330581054687499], [0.0, -0.18240258789062508, -0.45966284179687517, -0.7267551269531252]], "r": [1.9460054003193141, 2.57036495665892, -2.80764193855041, 2.5482946531549278, -0.5291031149954086, 5.134077719870044, -0.2306322141776385]}, "6": {"h": [[-0.0, -0.05417823791503906, -0.24857740783691407, -0.4627114410400391], [0.0, 0.8265, 0.7412640838623047, 0.8445627670288086], [0.0, -0.1290456542968748, -0.3573215332031248, -0.5244882812499998]], "r": [2.3214750292951942, 2.841978469350911, -2.6555534701148535, 2.2669864626653213, -0.7412440002188129, 4.920937273829465, 1.5856300256151745]}, "7": {"h": [[-0.0, -0.05787493896484375, -0.2562933197021484, -0.24427674865722654], [0.0, 0.8265, 0.7083582992553711, 0.7213382720947266], [0.0, -0.18052465820312485, -0.4165004882812498, -0.6875725097656247]], "r": [1.9761753104069786, 2.593453713172743, -2.6164598545518287, 2.397995739721897, -0.7963517263099205, 5.168199732511201, -1.2528174432978822]}, "8": {"h": [[-0.0, -0.04897634124755858, -0.20862136077880855, -0.4179021835327148], [0.0, 0.8265, 0.6522960510253907, 0.5952521820068359], [0.0, -0.13242980957031253, -0.36189367675781275, -0.5635015869140627]], "r": [2.232877384890227, 2.4193195189455254, -2.3651061405966165, 2.1253593380958473, -1.0860390396086188, 5.347074959263586, -0.6704216758203031]}, "9": {"h": [[-0.0, -0.05896575164794922, -0.26459786224365234, -0.2364782638549805], [0.0, 0.8265, 0.6940203094482422, 0.7159783630371094], [0.0, -0.18035449218749983, -0.37889697265624994, -0.6535551757812499]], "r": [1.8955934925627496, 2.6375122214983926, -2.2293613795902254, 1.913029559558799, -1.3000111469070612, 5.173502063510889, -1.567646107579569]}, "10": {"h": [[-0.0, -0.049794555664062504, -0.19131202697753907, -0.3842009429931641], [0.0, 0.8265, 0.6374132843017578, 0.5616652069091796], [0.0, -0.13327465820312484, -0.3598786621093751, -0.5704490966796876]], "r": [2.122575232760685, 2.3048486384321136, -2.1489578229447215, 2.1118307302165737, -1.17775196886871, 5.4925727400460165, -0.6596957804299749]}, "11": {"h": [[-0.0, -0.05976026916503906, -0.24687211608886722, -0.20870240783691407], [0.0, 0.8265, 0.6741258697509765, 0.6922229919433593], [0.0, -0.1789116210937503, -0.35066540527343754, -0.6219578857421875]], "r": [1.7285334241261194, 2.503816662741773, -1.9581230840311212, 2.256441841769548, -1.1248497830020874, 5.420498609303511, 0.06927129423921899]}, "12": {"h": [[-0.0, -0.052571640014648424, -0.16395046997070314, -0.32567993164062503], [0.0, 0.8265, 0.623377700805664, 0.5278115997314453], [0.0, -0.1331625976562501, -0.3593101806640627, -0.58625244140625]], "r": [1.9887319640611991, 2.238690300508267, -2.132786587364102, 2.2324942268203607, -0.9981342905062446, 5.547755032128534, 3.0093103488349975]}, "13": {"h": [[-0.0, -0.05521949768066406, -0.20304345703124999, -0.09289010620117188], [0.0, 0.8265, 0.6595897674560547, 0.6755916748046875], [0.0, -0.17784985351562527, -0.3303492431640627, -0.5658359375000002]], "r": [1.6090700892123924, 2.5642515686180447, -2.049334901658556, 2.0780652548585667, -1.0942211903422574, 5.493285211530623, 6.105553169218094]}, "14": {"h": [[-0.0, -0.04458708190917969, -0.11337222290039063, -0.20623837280273438], [0.0, 0.8265, 0.6022813873291015, 0.4695661773681641], [0.0, -0.13193688964843747, -0.3645274658203124, -0.6139857177734374]], "r": [1.5151615322023608, 2.30439818484723, -1.7737573516784477, 1.8073417760194264, -0.9800585533297096, 5.221175383016101, 2.1701300235592385]}, "15": {"h": [[-0.0, -0.053069534301757815, -0.1779363098144531, 0.004104980468750005], [0.0, 0.8265, 0.6532760925292969, 0.6706172027587891], [0.0, -0.1777957763671874, -0.3486490478515623, -0.5259124755859372]], "r": [1.1879393599384336, 2.4910392227929536, -1.5891124926925315, 2.044410838031985, -0.9680499507082736, 5.566314282329651, 3.6210857508184167]}, "16": {"h": [[-0.0, -0.04588672637939453, -0.1044794692993164, -0.17471479034423829], [0.0, 0.8265, 0.5971662902832031, 0.46138967895507815], [0.0, -0.1338568115234378, -0.3655543212890627, -0.6215731201171877]], "r": [1.2107066168755105, 2.095385866646587, -1.3100587932698442, 1.7641084474378859, -0.9850145091417164, 5.186229466877729, -1.099149684484429]}, "17": {"h": [[-0.0, -0.04425989532470703, -0.08863312530517578, 0.13596273040771484], [0.0, 0.8265, 0.6507738800048828, 0.6764477996826171], [0.0, -0.17348266601562506, -0.3816268310546876, -0.5072596435546874]], "r": [0.8362946487648305, 2.4247672391054955, -1.4059394371245433, 2.1292442686252815, -0.8739480187003323, 5.5801514888129775, 1.9108823520406208]}, "18": {"h": [[-0.0, -0.04738131713867187, -0.09877038574218751, -0.13802427673339845], [0.0, 0.8265, 0.593817642211914, 0.4556942138671875], [0.0, -0.1356562500000001, -0.3720679931640625, -0.631017578125]], "r": [1.1693208595979914, 2.0935547383329673, -1.3242972650327927, 1.7685344472224134, -0.9965441585338952, 5.213924951608114, 4.433354436658294]}, "19": {"h": [[-0.0, -0.04101598358154297, -0.060574134826660145, -0.03325093841552733], [0.0, 0.8265, 0.5900906524658203, 0.43600126647949217], [0.0, -0.1303505859375001, -0.3607589111328127, -0.61341650390625]], "r": [1.1419980995213723, 1.9298324955637165, -1.3122723675421863, 1.94847565972348, -0.9014503078687363, 5.496522973327519, -4.406315083064327]}}, "id": 36}