{"count": 9, "poses_seq": {"0": {"h": [[-0.0, -0.038344100952148436, -0.1025028076171875, 0.16533755493164062], [0.0, 0.8265, 0.7072639770507814, 0.7909437561035156], [0.0, -0.14580761718750007, -0.34680725097656234, -0.47342541503906227]], "r": [-4.525183303745516, 2.5813605702820026, 1.250183105301997, 1.1444430995361081, -1.2917100520167093, 0.7680833198144444, -2.418069495730577]}, "1": {"h": [[-0.0, -0.050078933715820326, -0.11230392456054687, 0.060333236694335934], [0.0, 0.8265, 0.7863990058898926, 1.0294744720458984], [0.0, -0.138569091796875, -0.3248551025390625, -0.4419733886718749]], "r": [2.0167196008931083, 2.9455989836161076, 1.609048857788041, 1.413896570136844, -0.9500325226131263, 0.9877309317063621, -4.090756191267759]}, "2": {"h": [[-0.0, -0.052314422607421876, -0.11610113525390624, 0.037436584472656256], [0.0, 0.8265, 0.794967529296875, 0.9930725250244141], [0.0, -0.13920983886718746, -0.3335416259765625, -0.3722265624999999]], "r": [1.7464554076228322, 2.9016889957298373, 1.9176458895837023, 1.522152735289015, -0.8048500152005582, 0.744893350374193, 4.066047961360027]}, "3": {"h": [[-0.0, -0.057698883056640615, -0.12111805725097655, 0.0029751052856445415], [0.0, 0.8265, 0.7810421295166016, 1.0341566467285157], [0.0, -0.13011340332031246, -0.3407934570312499, -0.4601376953124999]], "r": [1.9723078689135514, 2.864366233691366, 1.5815056067337796, 1.6812319415798902, -1.0118165081932262, 0.8862866553647037, -1.9930397089953769]}, "4": {"h": [[-0.0, -0.05385572052001952, -0.1511049575805664, -0.0731059341430664], [0.0, 0.8265, 0.7495003128051758, 1.0295262145996094], [0.0, -0.12118115234374988, -0.3070441894531249, -0.45245910644531234]], "r": [1.8186279645462162, 2.791664086866964, 1.8553136010483577, 1.9680973463189402, -1.0011361012186797, 0.7189141374534878, -4.548086646600926]}, "5": {"h": [[-0.0, -0.05502023315429688, -0.1632174072265625, -0.145858642578125], [0.0, 0.8265, 0.7433443832397462, 1.0261894073486328], [0.0, -0.12280065917968735, -0.30507275390624994, -0.4607918701171874]], "r": [1.9651400613238243, 2.7317194122736117, 2.1052201468436804, 1.6969818108148895, -0.7129768546972629, 0.699570941992476, 4.394351881981743]}, "6": {"h": [[-0.0, -0.049468795776367175, -0.18269825744628906, -0.21816926574707032], [0.0, 0.8265, 0.7523725509643555, 1.0242942657470704], [0.0, -0.12429589843750005, -0.29846081542968755, -0.457973876953125]], "r": [2.1504127743297623, 2.7411520950754324, 2.374716698063319, 1.4362881215096865, -0.47017575789459615, 0.769985788974932, -4.974703618723865]}, "7": {"h": [[-0.0, -0.03944583892822265, -0.21056475067138675, -0.3179982223510742], [0.0, 0.8265, 0.7520592422485352, 0.9825973663330079], [0.0, -0.13312707519531247, -0.28422436523437483, -0.44972900390624987]], "r": [2.3254521864847013, 2.6470816783421727, 2.6850131896480196, 1.368529481491282, -0.1397386990971568, 0.7386481695476617, 0.8118336169167774]}, "8": {"h": [[-0.0, -0.0339332275390625, -0.20854893493652346, -0.39243415832519524], [0.0, 0.8265, 0.6795483398437501, 0.7308248519897461], [0.0, -0.15980578613281243, -0.25741320800781226, -0.4800123291015624]], "r": [2.3808227332667964, 2.3805259062950936, 2.6407017000368143, 0.9988056246167493, -0.24054074581796947, 0.591455383877977, 1.3489902135750538]}}, "id": 0}