{"count": 9, "poses_seq": {"0": {"h": [[-0.0, -0.05535209274291992, 0.050417469024658206, 0.2407536735534668], [0.0, 0.8265, 0.6551047973632813, 0.5621115417480469], [0.0, -0.17302929687500007, -0.42082373046875016, -0.6042724609375001]], "r": [0.6588886014092381, 0.6446336039886782, -4.205170515924055, 5.503543802425384, -1.1939057929874675, 4.13734067455292, 1.0630215949631336]}, "1": {"h": [[-0.0, -0.0579998779296875, 0.0748848876953125, 0.3172016677856445], [0.0, 0.8265, 0.6587212982177735, 0.5601958618164062], [0.0, -0.17802600097656246, -0.3812264404296875, -0.5021905517578125]], "r": [0.5756872955339952, 0.5442085038175137, 2.1485511597526408, 5.540141317227137, -1.3508842848444529, 4.083026396540185, -1.2217252037535828]}, "2": {"h": [[-0.0, -0.06076921844482421, 0.10423885345458986, 0.38918508911132815], [0.0, 0.8265, 0.6798155212402344, 0.6416754455566407], [0.0, -0.18255163574218752, -0.3633892822265626, -0.38283312988281254]], "r": [0.25560226463384716, 0.62476583358877, 2.283823506684615, 5.646722084504213, -0.9612087083626456, 3.84112878474043, -3.612482776151318]}, "3": {"h": [[-0.0, -0.06653118515014649, 0.10392547988891603, 0.3798408241271972], [0.0, 0.8265, 0.7301139755249024, 0.7899840888977051], [0.0, -0.18062219238281269, -0.3563854980468751, -0.29853979492187493]], "r": [0.38038332052600493, 0.9581018983054042, 2.4598758058096117, 5.5939980666986155, -1.0331851057509356, 4.022472827098317, 5.511897468163272]}, "4": {"h": [[-0.0, -0.07932160186767578, 0.02172046661376953, 0.22083052825927735], [0.0, 0.8265, 0.7822083282470704, 0.9778499603271484], [0.0, -0.16702587890625004, -0.3890150146484375, -0.421664306640625]], "r": [0.6272728941245179, 1.3232232883928134, 2.6231725167014788, 5.317811103027054, -0.7472363896690949, 3.7108634783881964, -2.0181095764901658]}, "5": {"h": [[-0.0, -0.08334888076782226, -0.013199703216552734, 0.1413262825012207], [0.0, 0.8265, 0.7739406356811523, 0.9690490417480468], [0.0, -0.16569470214843768, -0.4091798095703126, -0.50843701171875]], "r": [0.8849330525681357, 1.305079612818984, 2.606160764670684, 5.258946573448253, -0.8167855331018888, 3.749714946513927, 0.7066119505783145]}, "6": {"h": [[-0.0, -0.08018952178955079, -0.049146255493164065, 0.07698065185546875], [0.0, 0.8265, 0.7355348968505859, 0.8942908630371094], [0.0, -0.16598022460937517, -0.4249078369140627, -0.5842222900390626]], "r": [1.2145825142945896, 1.0895904460827661, 2.743511254270522, 5.215932188021626, -1.0508761969067772, 3.590454332572614, -1.9895009758244093]}, "7": {"h": [[-0.0, -0.06781725311279298, -0.09391280364990233, 0.002255622863769527], [0.0, 0.8265, 0.6328760833740235, 0.6986512298583984], [0.0, -0.148231201171875, -0.3680859375000001, -0.592828125]], "r": [1.0773500160080915, 0.742843290330057, 2.4883324310980472, 5.349478426201808, -1.4251454595352602, 3.487698620716784, -2.595228707548176]}, "8": {"h": [[-0.0, -0.06071502685546876, -0.06759703063964845, 0.10316006469726563], [0.0, 0.8265, 0.5787010650634765, 0.5984510803222657], [0.0, -0.1343597412109377, -0.30133288574218736, -0.49316967773437487]], "r": [0.8513006996791179, 0.5257034509695765, 2.211275069012228, 5.686209275312626, -1.1439104323403895, 3.854277353841802, -5.405713323790763]}}, "id": 7}