{"count": 43, "poses_seq": {"0": {"h": [[-0.0, -0.06171002960205077, -0.03545358276367187, 0.06646588134765626], [0.0, 0.8265, 0.5957580108642578, 0.5820261840820313], [0.0, -0.13966125488281228, -0.370373046875, -0.6081861572265623]], "r": [-2.7975796063793945, 3.869964648637766, -1.9386093466846783, 4.548356975678468, 3.4163940343761694, 4.612727207014386, 3.121468042766115]}, "1": {"h": [[-0.0, -0.06853270721435546, -0.024893791198730475, 0.11831964874267578], [0.0, 0.8265, 0.6872538757324218, 0.7748693542480469], [0.0, -0.1476754150390625, -0.4114678955078122, -0.6034166259765623]], "r": [-3.0066964188991805, 3.8986050720851786, -1.8034961643138265, 4.477844360798127, -2.4682378196462085, 4.601450143632048, 2.3326938806982684]}, "2": {"h": [[-0.0, -0.06882087707519532, -0.09217631530761719, -0.023736679077148437], [0.0, 0.8265, 0.7202552642822265, 0.891210678100586], [0.0, -0.161231689453125, -0.43054919433593747, -0.6076210937499997]], "r": [-2.961616508917089, 3.554622098157312, -1.7637585616793463, 4.3147968857235535, -2.5058256997661172, 4.5803119350628325, 0.19066201761842144]}, "3": {"h": [[-0.0, -0.07054537200927734, -0.12635501861572263, -0.1198079147338867], [0.0, 0.8265, 0.7096191711425781, 0.8540744018554688], [0.0, -0.14964941406249982, -0.41741296386718757, -0.62652587890625]], "r": [-2.620056324593206, 3.9162964046103785, -1.6434594583402948, 4.344145101172822, -2.5575451942993803, 4.525995570907608, 2.0825275834768786]}, "4": {"h": [[-0.0, -0.06583899688720703, -0.07484366607666014, -0.054144691467285164], [0.0, 0.8265, 0.5931134796142579, 0.5939133758544922], [0.0, -0.14606420898437494, -0.3717468261718749, -0.6413031005859373]], "r": [-2.750725580233619, 3.758277533916284, -1.8612547868376865, 4.692377728460833, -2.8147119583622273, 4.342393180377473, 0.44341806983252424]}, "5": {"h": [[-0.0, -0.05994718170166016, -0.011170234680175792, 0.09969525909423828], [0.0, 0.8265, 0.622600570678711, 0.652174560546875], [0.0, -0.1345123291015627, -0.3678492431640626, -0.5974476318359376]], "r": [-2.8580800690086487, 3.798728540797271, -1.9858532132330489, 4.464172850915169, -2.712493785267116, 4.706570233800464, -1.6986771528535984]}, "6": {"h": [[-0.0, -0.06965126800537111, -0.03697959136962892, 0.08905592346191406], [0.0, 0.8265, 0.7095701828002929, 0.8570458145141602], [0.0, -0.14874804687500004, -0.40802722167968747, -0.5755053710937499]], "r": [-2.9282863766006564, 3.6975973138766216, -1.6042357271649834, 4.114906483683454, -2.95396688247575, 4.797885592288499, -1.9922658262470474]}, "7": {"h": [[-0.0, -0.0692806396484375, -0.08044818115234376, -0.02545603942871094], [0.0, 0.8265, 0.7194942092895508, 0.915624168395996], [0.0, -0.14833715820312526, -0.41256762695312515, -0.5673916015625]], "r": [-2.6112251202014343, 3.6655848498520798, -1.7679598106590197, 3.9047038938247587, -2.8126242710868157, 4.964341353706459, 0.317768565281604]}, "8": {"h": [[-0.0, -0.061858047485351564, -0.09096208190917968, -0.0988546600341797], [0.0, 0.8265, 0.6908341979980469, 0.8737250213623047], [0.0, -0.14745153808593764, -0.40994238281250023, -0.5882410888671876]], "r": [-2.2699060839726855, 4.001803569758422, -1.6336396716289177, 3.828641774643863, -2.7669147569821595, 5.087851718054996, 1.4604111624269052]}, "9": {"h": [[-0.0, -0.06449348449707032, -0.07056130981445313, -0.04785977172851562], [0.0, 0.8265, 0.5986227569580078, 0.6249618682861329], [0.0, -0.1443704833984379, -0.3664077148437502, -0.6222520751953127]], "r": [-2.2007782687547297, 4.329206103635109, -1.8093014141026142, 3.9926227892731285, -2.7768354253559697, 5.271789023741227, 0.5066436791001754]}, "10": {"h": [[-0.0, -0.05424922180175783, -0.014413467407226571, 0.08393997955322265], [0.0, 0.8265, 0.6091172027587891, 0.6551416931152344], [0.0, -0.13877380371093723, -0.3616599121093747, -0.5941691894531247]], "r": [-2.440525198424865, 4.095292489773534, -1.8438008002842263, 3.98279580963327, -2.9955156050919043, 5.264123943988885, -0.9737569181355468]}, "11": {"h": [[-0.0, -0.06576018524169921, -0.03435300445556641, 0.10504544830322265], [0.0, 0.8265, 0.6784244689941406, 0.7972648773193359], [0.0, -0.14658178710937514, -0.39883789062500014, -0.5769456787109377]], "r": [-2.7743262814792424, 3.8288713653271165, -1.6764261152584283, 4.058202646334403, -2.9785528323623556, 4.95932108220633, -2.5381460324288794]}, "12": {"h": [[-0.0, -0.06395384216308593, -0.08470295715332031, -0.023507766723632806], [0.0, 0.8265, 0.6999272918701173, 0.8892165985107422], [0.0, -0.14839868164062492, -0.40836242675781237, -0.5683869628906248]], "r": [-2.67397590058258, 3.508302737170572, -1.6903715695511403, 3.979881584507208, -3.1284311391957083, 4.904831241377675, 0.2389927226027213]}, "13": {"h": [[-0.0, -0.06728384399414063, -0.10637875366210937, -0.09624751281738282], [0.0, 0.8265, 0.664279571533203, 0.8127174835205078], [0.0, -0.1437701416015627, -0.3908822021484378, -0.5975552978515626]], "r": [-2.5083938171300537, 3.557489995594324, -1.8800761441880203, 4.125273080753174, -2.954273131506872, 4.81929021420532, 0.7308685403390702]}, "14": {"h": [[-0.0, -0.05882665252685547, -0.04463694000244141, 0.004261482238769543], [0.0, 0.8265, 0.5824005126953125, 0.602340560913086], [0.0, -0.14092248535156254, -0.3466309814453124, -0.6042187499999998]], "r": [-2.546443868944687, 3.730797918979052, -2.0022753908348085, 4.396119681212387, -3.032981430156532, 4.774145373299851, 1.044739049588004]}, "15": {"h": [[-0.0, -0.05311603546142578, 0.0060609893798828085, 0.12764794921875], [0.0, 0.8265, 0.6105564422607421, 0.6414890136718749], [0.0, -0.1348312988281249, -0.3605468749999999, -0.5859960937499997]], "r": [-2.7893249609929125, 3.467086736959074, -2.217598791263334, 4.496339140852461, -2.8565090041747796, 4.647196929270303, -1.6046618156806507]}, "16": {"h": [[-0.0, -0.060803916931152335, -0.027965812683105468, 0.1063697738647461], [0.0, 0.8265, 0.6952849884033203, 0.8395511016845704], [0.0, -0.1499815673828125, -0.4068023681640625, -0.5717916259765623]], "r": [-2.804804962989825, 3.463210417367245, -2.321024900664843, 4.183889033975318, -2.461034617132508, 4.911854207982525, -2.624327991540635]}, "17": {"h": [[-0.0, -0.06252131652832031, -0.07393630981445314, -0.01033171081542969], [0.0, 0.8265, 0.7168192138671876, 0.908623764038086], [0.0, -0.15031591796875016, -0.41484912109375, -0.5719407958984375]], "r": [-3.1082024155747785, 3.095312578992302, -2.2620475538400995, 4.424857375913424, -2.091623788006484, 4.745035081476438, -1.2268476773994907]}, "18": {"h": [[-0.0, -0.05919451904296877, -0.09631886291503908, -0.08145559692382814], [0.0, 0.8265, 0.6906123809814453, 0.8742037811279297], [0.0, -0.1460794677734379, -0.40566992187500023, -0.5822515869140625]], "r": [-2.982515820384814, 3.1533873138298874, -2.068863560201394, 4.352942736462635, -2.380945867595066, 4.679916460474268, -1.1707622462263203]}, "19": {"h": [[-0.0, -0.05294034576416015, -0.07012574005126954, -0.04478585052490233], [0.0, 0.8265, 0.5943406829833984, 0.6125403137207031], [0.0, -0.15055603027343728, -0.38415856933593734, -0.6387271728515622]], "r": [-2.6185063636096992, 3.3735348952700233, -2.205100682443938, 4.706623222186165, -2.7265447635115447, 4.333202325292114, -2.2559227582679218]}, "20": {"h": [[-0.0, -0.049057434082031254, -0.014348709106445312, 0.07579312133789062], [0.0, 0.8265, 0.5968614044189453, 0.610541763305664], [0.0, -0.1459113769531249, -0.3642393798828126, -0.6043532714843751]], "r": [-2.848163080070177, 3.619056858431102, -2.109518794394313, 4.617403675763539, -2.684698864808431, 4.550133123736012, -0.017476698184492157]}, "21": {"h": [[-0.0, -0.0461995162963867, 0.012675163269042972, 0.1758772964477539], [0.0, 0.8265, 0.6518675689697265, 0.7106394958496094], [0.0, -0.14712792968749994, -0.3898884277343749, -0.5776318359374999]], "r": [-2.943723402373443, 3.469106911625927, -2.2929288166915263, 4.45574589498034, -2.5551770243072256, 4.70881472313391, -1.4590295501018782]},