{"count": 46, "poses_seq": {"0": {"h": [[-0.0, -0.047429771423339845, -0.09804363250732423, -0.08338858795166015], [0.0, 0.8265, 0.5706519165039062, 0.4304510955810547], [0.0, -0.12994177246093735, -0.3351820068359373, -0.5949147949218747]], "r": [-0.8250211841978887, 4.526766056122286, -3.5504932248773007, 4.909483287472486, -1.3431002253969382, 0.9282912762267516, -3.653397798769263]}, "1": {"h": [[-0.0, -0.05473289489746093, -0.037588516235351574, 0.13089933776855467], [0.0, 0.8265, 0.5883310241699219, 0.4724752960205078], [0.0, -0.12574597167968743, -0.34984423828124994, -0.558638427734375]], "r": [-1.1597844806592021, 4.615581034141338, 2.393765258031218, 4.754537673614227, -1.1333381667677223, 0.925299814851431, -0.3959081116804279]}, "2": {"h": [[-0.0, -0.05362736511230469, 0.006593811035156258, 0.2464620056152344], [0.0, 0.8265, 0.6252730712890625, 0.5526401672363281], [0.0, -0.1335489501953125, -0.35431237792968756, -0.5008829345703125]], "r": [-1.5247449724938062, 4.7501674320526455, 2.0063528532810033, 5.028417800754285, -1.3838516081643062, 0.8560269591957282, 2.232699643748899]}, "3": {"h": [[-0.0, -0.05591271972656249, 0.05071074676513672, 0.3173320159912109], [0.0, 0.8265, 0.6952341918945313, 0.7069570236206055], [0.0, -0.13888000488281255, -0.373202392578125, -0.45926562499999984]], "r": [-1.7008455118851427, 4.520324946282415, 1.8193172118534606, 5.060701011639717, -1.6765626418309558, 0.8598236920407398, -0.8411932582460055]}, "4": {"h": [[-0.0, -0.07048673248291015, 0.034191108703613284, 0.26439192962646485], [0.0, 0.8265, 0.8328353099822998, 0.9738372039794922], [0.0, -0.1500078125, -0.393663330078125, -0.4685192871093749]], "r": [-1.6673444853217398, 4.1768147077016655, 1.573972390580661, 4.689639142558984, -2.0465471514444897, 0.951617806283228, 1.416528022033194]}, "5": {"h": [[-0.0, 0.02192076110839844, -0.0018365249633789105, 0.1504352798461914], [0.0, 0.8265, 0.8824043540954589, 1.0774784240722657], [0.0, -0.14134533691406254, -0.404832763671875, -0.5069018554687499]], "r": [-1.3589407839089938, 4.054197950730906, 1.599902779921596, 4.548969889613319, -2.1136869789249846, 1.1400385197738463, 2.2483414800221757]}, "6": {"h": [[-0.0, -0.0017806091308593813, -0.06675235748291017, 0.025031929016113286], [0.0, 0.8265, 0.9276018447875977, 1.1433715972900391], [0.0, -0.13953991699218765, -0.4000196533203125, -0.5160120849609375]], "r": [-0.9726260233166252, 4.055406351211406, 1.5547401273189514, 4.334659711451481, -1.7845165455301648, 1.3990196275560796, 4.949942239828142]}, "7": {"h": [[-0.0, -0.06214059448242186, -0.14394537353515624, -0.10639889526367187], [0.0, 0.8265, 0.8933624801635742, 1.1204740905761719], [0.0, -0.13467858886718737, -0.4041680908203125, -0.5229858398437499]], "r": [-0.6442478918440147, 3.984641198971459, 1.7411435979579588, 4.326705526086914, -1.7828815489775611, 1.3584678874689982, -0.8092188827781499]}, "8": {"h": [[-0.0, -0.05996888732910155, -0.17144200134277346, -0.17384584045410154], [0.0, 0.8265, 0.8874469680786132, 1.112749740600586], [0.0, -0.1329566650390624, -0.40367895507812507, -0.5353363037109375]], "r": [-0.2963316310067675, 3.7257995527232555, 2.1182214052378194, 4.272551997235791, -1.674551177204901, 1.4083151555149396, -3.8687891081037007]}, "9": {"h": [[-0.0, -0.058033409118652346, -0.20024877166748048, -0.251170768737793], [0.0, 0.8265, 0.8692082595825196, 1.0839976654052734], [0.0, -0.13051123046874996, -0.39769189453125003, -0.542751708984375]], "r": [-0.12219708478328893, 3.6232777846092445, 2.2405684721199686, 4.480435944023064, -1.7875589031331516, 1.4619870772470913, 3.1495970955893444]}, "10": {"h": [[-0.0, -0.05593125915527343, -0.2243545532226563, -0.34351931762695315], [0.0, 0.8265, 0.8075704841613769, 0.9890584106445313], [0.0, -0.13260876464843757, -0.3878992919921876, -0.5547752685546876]], "r": [-0.2671047188594435, 4.01617739991869, 2.073173534237085, 4.428839541468531, -1.7348673883096066, 1.3109665897736194, -1.033724874583695]}, "11": {"h": [[-0.0, -0.06002445983886717, -0.2095982666015625, -0.38797769165039064], [0.0, 0.8265, 0.6662352447509766, 0.695522933959961], [0.0, -0.13706140136718742, -0.35950476074218757, -0.5870903320312499]], "r": [-0.24984188828869247, 4.256647219530349, 2.314449805547533, 4.762840439025307, -1.6071923715543595, 1.2296759093197447, -2.294300349357867]}, "12": {"h": [[-0.0, -0.05451488494873047, -0.1522765426635742, -0.27725701141357423], [0.0, 0.8265, 0.5983037261962891, 0.503513442993164], [0.0, -0.140512451171875, -0.35203173828124995, -0.6023171386718749]], "r": [-0.18042692997689044, 4.210910642504444, 2.4391652919715137, 4.928284533306315, -1.2288408077624997, 1.5853794737353324, -4.887386506722422]}, "13": {"h": [[-0.0, -0.053257781982421884, -0.09667004394531249, -0.14056344604492188], [0.0, 0.8265, 0.5779700317382812, 0.43669349670410157], [0.0, -0.13831823730468767, -0.3499525146484375, -0.6078536376953125]], "r": [-0.3415622076404842, 3.836491631878579, 2.5685305002167125, 5.086916396482453, -1.0965194393736102, 1.905577549060501, 1.5250180767049915]}, "14": {"h": [[-0.0, -0.05545716094970704, -0.06614167022705078, -0.03527077484130858], [0.0, 0.8265, 0.5801527862548828, 0.4322604522705078], [0.0, -0.13909228515624977, -0.34890380859374975, -0.5986589355468748]], "r": [-0.3765530994027929, 3.8135282236350045, 2.4426193870711757, 5.21109796264998, -1.1517929462144145, 2.041046870311581, 0.0722554119030914]}, "15": {"h": [[-0.0, -0.05512455749511719, -0.06287120056152343, -0.01671742248535156], [0.0, 0.8265, 0.5786417083740234, 0.43050758361816405], [0.0, -0.1400982666015625, -0.3509805908203126, -0.6004245605468752]], "r": [-0.414491580242644, 3.876735574263308, 2.3181055878492063, 5.012444079600081, -0.8100596648622569, 1.9890489888866143, -2.1842403462981452]}, "16": {"h": [[-0.0, -0.05332629394531249, 0.022941711425781247, 0.24283647155761717], [0.0, 0.8265, 0.6014818420410156, 0.4900317077636719], [0.0, -0.134075439453125, -0.359253662109375, -0.5179414062499998]], "r": [-0.7357404908936358, 4.039028387857294, 2.2051112283662824, 5.135482855674983, -1.0061363492570616, 1.9353162309731342, 0.725799493234985]}, "17": {"h": [[-0.0, -0.05870479583740236, 0.03670096588134765, 0.308589485168457], [0.0, 0.8265, 0.6449495544433594, 0.5838123626708984], [0.0, -0.13637561035156237, -0.3529438476562499, -0.43040783691406254]], "r": [-0.9206607788984305, 4.2493942289102735, 2.0217290975219946, 5.096997893225458, -1.043066837894535, 1.767672943606273, 3.6496355775426292]}, "18": {"h": [[-0.0, -0.057203613281249996, 0.061193969726562505, 0.34832450866699216], [0.0, 0.8265, 0.6998324203491211, 0.6931704711914062], [0.0, -0.15018859863281248, -0.3625410156249998, -0.3718833007812497]], "r": [-1.217835718250247, 4.453436870896495, 1.784031880846275, 5.0006214574696966, -1.1269188162765975, 1.6247396018669436, -1.890210821320801]}, "19": {"h": [[-0.0, -0.07290395355224608, 0.05912281036376953, 0.312594841003418], [0.0, 0.8265, 0.8116534576416016, 0.9025060501098633], [0.0, -0.14998083496093734, -0.35904479980468734, -0.3253482666015624]], "r": [-0.9800457168043488, 4.093131275672321, 1.5075953777136883, 4.987679195119942, -1.4231157763265152, 1.7604079241001755, -1.2780998762683322]}, "20": {"h": [[-0.0, -0.07598343658447267, -0.021846961975097653, 0.1628027572631836], [0.0, 0.8265, 0.9222198944091797, 1.1039418029785155], [0.0, -0.12913574218749996, -0.36341809082031246, -0.3620866699218748]], "r": [-1.2396336439381521, 4.095052501366696, 1.3170592163942245, 4.618283804924304, -1.7208476669211852, 1.4327287269447297, 0.4431321704601722]}, "21": {"h": [[-0.0, -0.054275329589843754, -0.09337898254394532, 0.021633911132812503], [0.0, 0.8265, 0.922297836303711, 1.1567088012695312], [0.0, -0.13619262695312467, -0.3725148925781248, -0.4094444580078123]], "r": [-0.8674047349171174, 3.973267472174735, 1.453510668164185, 4.392720897065873, -1.7537546450694148, 1.3904940529386067, -1.9290563072747362]},