{"count": 23, "poses_seq": {"0": {"h": [[-0.0, -0.04833507537841798, -0.08097246551513672, -0.0322847671508789], [0.0, 0.8265, 0.5772638244628906, 0.432010009765625], [0.0, -0.12833129882812494, -0.3374271240234375, -0.5870869140624999]], "r": [1.8062095185775862, 1.005523801434748, -0.5943988960314932, 1.495880230057736, 1.1938181793827116, 5.3498076654522855, 1.4222835085970116]}, "1": {"h": [[-0.0, -0.07197911834716797, 0.0023628311157226564, 0.12726464843750002], [0.0, 0.8265, 0.6952046203613281, 0.6662868804931641], [0.0, -0.1726748046874998, -0.4594205322265624, -0.6877896728515625]], "r": [1.510802931216178, 1.3526095569976415, -0.676149091770788, 1.7374337149539865, 1.5084769424215383, 5.219044077762273, 0.33207479696333847]}, "2": {"h": [[-0.0, -0.044961585998535156, -0.0658938980102539, 0.015760055541992196], [0.0, 0.8265, 0.5772203674316406, 0.4394678192138672], [0.0, -0.12588574218749998, -0.3348496093749998, -0.5821562499999997]], "r": [1.6992175605802515, 1.1752094648747053, -0.5506643375559841, 1.6755454787616848, 1.1302082777170461, 5.59920043464183, -2.7235732057970132]}, "3": {"h": [[-0.0, -0.06710557556152344, 0.011205932617187504, 0.15689080810546874], [0.0, 0.8265, 0.6820108489990234, 0.6279009246826173], [0.0, -0.1755483398437499, -0.45172387695312494, -0.6706145019531249]], "r": [1.595633410711646, 1.3716355311637436, -0.42565594326430256, 1.8419326651836665, 1.3926079073963824, 5.2880027678185435, -1.2850821963852]}, "4": {"h": [[-0.0, -0.05111358642578126, -0.05597087097167969, 0.06223565673828125], [0.0, 0.8265, 0.5804146118164063, 0.4492593994140625], [0.0, -0.13169519042968753, -0.3468499755859376, -0.5774663085937499]], "r": [1.6616237899295054, 1.1606479507633953, -0.4783252569822061, 1.6607426726620151, 1.121577705902215, 5.522573755138236, -0.049146213425355426]}, "5": {"h": [[-0.0, -0.05262040710449217, -0.04725724792480468, 0.08672499084472657], [0.0, 0.8265, 0.5871519622802734, 0.4595389556884765], [0.0, -0.1350428466796874, -0.3511055908203125, -0.5776802978515625]], "r": [1.669521946272604, 1.268102292681386, -0.23287536972932807, 1.8420667430976791, 1.0185606560103964, 5.61853798261189, 1.2824812111906636]}, "6": {"h": [[-0.0, -0.05400019836425782, -0.04499304199218751, 0.10661882019042969], [0.0, 0.8265, 0.5877440948486328, 0.4628870239257813], [0.0, -0.1297038574218748, -0.3472858886718749, -0.5635439453124997]], "r": [1.6088518854945033, 1.1188758467257314, -0.5252982722302133, 1.4730732761637222, 1.1969369145109983, 5.4285540590110815, -0.18181422529007904]}, "7": {"h": [[-0.0, -0.05377814483642578, 0.060461296081542965, 0.26921849060058595], [0.0, 0.8265, 0.6525994873046875, 0.5532668151855469], [0.0, -0.1713913574218749, -0.40268383789062506, -0.5743162841796876]], "r": [1.3092052668942888, 1.1986190887560182, -0.5519653229488468, 1.7190902930889929, 1.219042403351535, 5.303496180646314, -1.5954258050352719]}, "8": {"h": [[-0.0, -0.058030719757080074, 0.08031986618041992, 0.33011352157592777], [0.0, 0.8265, 0.6590211181640625, 0.5645147705078125], [0.0, -0.18093823242187518, -0.3790584716796875, -0.48525793457031235]], "r": [1.170328500899008, 1.4614270987691482, -0.407746391273187, 1.8835515555682607, 1.170160228950621, 5.649215230863213, -2.880825078806915]}, "9": {"h": [[-0.0, -0.06287128829956054, 0.1015898323059082, 0.3878994789123535], [0.0, 0.8265, 0.6851116638183594, 0.6583601379394531], [0.0, -0.18079589843750005, -0.35942187499999984, -0.3675170898437499]], "r": [1.098976053126309, 1.7623746312490023, -0.13056716761578852, 1.5846976371701529, 1.3515171765189793, 5.675328913416727, -5.065164411537319]}, "10": {"h": [[-0.0, -0.05892945861816408, 0.054322456359863276, 0.32455199432373044], [0.0, 0.8265, 0.7087168807983399, 0.7390322418212891], [0.0, -0.14503466796875003, -0.38297766113281245, -0.46303576660156237]], "r": [1.3339859675060484, 1.8189322963914476, -0.17206162771979727, 1.6099818014884761, 1.567198100635191, 5.549311582519474, 1.646034970626537]}, "11": {"h": [[-0.0, -0.06486427307128906, 0.10028962707519531, 0.3857030792236328], [0.0, 0.8265, 0.7154460830688476, 0.7416385879516602], [0.0, -0.18586547851562513, -0.36106542968750005, -0.3233575439453125]], "r": [1.2393331664041538, 1.8745163482540772, -0.05483875495936383, 1.3893070843774549, 1.4587012836139965, 5.421847657520928, 3.1214155391103993]}, "12": {"h": [[-0.0, -0.062190948486328126, 0.04566546630859375, 0.31348921203613284], [0.0, 0.8265, 0.7318153305053712, 0.780073585510254], [0.0, -0.15028356933593728, -0.383859619140625, -0.4628785400390623]], "r": [1.5196060606697541, 1.946913704269719, 0.08255363403703686, 1.4029272704704394, 1.7039701111486278, 5.3964123471772, 5.691346169759187]}, "13": {"h": [[-0.0, -0.06305750274658203, 0.08499724578857422, 0.3309010391235352], [0.0, 0.8265, 0.7568775100708007, 0.896372184753418], [0.0, -0.17650280761718734, -0.3622795410156248, -0.31574084472656244]], "r": [1.4825576484761636, 1.9977882476642654, -0.05486358437073417, 1.6770437816498787, 1.3263112461146027, 5.096141322131048, 1.4715939103115878]}, "14": {"h": [[-0.0, -0.06124355316162109, 0.048516136169433594, 0.31574790954589843], [0.0, 0.8265, 0.7367156677246094, 0.7917023162841796], [0.0, -0.15142590332031253, -0.3856949462890625, -0.4633248291015624]], "r": [1.565004385971942, 1.9482434628281453, 0.12216150796088782, 1.8440046432767518, 1.350512999840527, 5.319848478358194, -0.8021411232680925]}, "15": {"h": [[-0.0, -0.06684286880493165, 0.07676119613647461, 0.31514620590209963], [0.0, 0.8265, 0.7660181694030762, 0.9195114440917969], [0.0, -0.17573815917968721, -0.3660554199218749, -0.3261232910156249]], "r": [1.4415021084049466, 2.249586651942773, 0.04615162280081346, 2.064113498640201, 1.3736224644453354, 5.420716890213855, 0.9954528543937344]}, "16": {"h": [[-0.0, -0.06160533142089844, 0.04967131805419922, 0.31526109313964845], [0.0, 0.8265, 0.7453485336303711, 0.8084094123840332], [0.0, -0.15178576660156257, -0.3845582275390627, -0.4581236572265626]], "r": [1.3276513912636438, 2.0511898683019036, -0.025983007999327706, 2.448951044668184, 1.3356497651463126, 5.656438770802826, -0.23568223683285033]}, "17": {"h": [[-0.0, -0.07670973205566406, 0.0398665771484375, 0.25113796997070315], [0.0, 0.8265, 0.7805535736083984, 0.9684042053222657], [0.0, -0.16855798339843747, -0.38473132324218745, -0.38737768554687496]], "r": [1.41907953306782, 2.1942342643276973, -0.3294385690446192, 2.376977275290456, 1.4392812406837356, 5.466512766753432, 0.3981224469470539]}, "18": {"h": [[-0.0, -0.06435737228393554, 0.04864496231079101, 0.30093568801879883], [0.0, 0.8265, 0.7879725532531738, 0.8901632690429688], [0.0, -0.1558557128906251, -0.386254150390625, -0.46108190917968767]], "r": [1.4433225477039782, 1.9712036827546402, -0.18090548575437504, 2.1757533021954423, 1.3566177459340891, 5.316991333067551, 3.0036155976197163]}, "19": {"h": [[-0.0, -0.08334888076782226, -0.013199703216552734, 0.1413262825012207], [0.0, 0.8265, 0.7739406356811523, 0.9690490417480468], [0.0, -0.16569470214843768, -0.4091798095703126, -0.50843701171875]], "r": [1.751572139803081, 2.134362811123447, -0.2446195887223906, 2.061338920584507, 1.7057418972494636, 5.325755165539946, 1.4596871683994357]}, "20": {"h": [[-0.0, -0.00976816558837891, -0.04690308380126952, 0.057331733703613275], [0.0, 0.8265, 0.9207946014404297, 1.1312729797363281], [0.0, -0.1414929199218749, -0.40703808593750007, -0.518480712890625]], "r": [2.0565970529988515, 2.3389641573091637, -0.16991261027008134, 2.3475217444412957, 1.7198309990619745, 5.072566663498458, 0.4157690117878608]}, "21": {"h": [[-0.0, -0.07643495178222656, -0.06810557556152344, 0.05184781646728515], [0.0, 0.8265, 0.6984422454833984, 0.8406372222900391], [0.0, -0.1535653076171875, -0.4122264404296874, -0.5863504638671873]], "r": [2.002266343172594, 2.0315060928236575, 0.06063642361000303, 2.094706013754191, 1.4762702205528415, 5.362075534203819, 2.342622168116305]},