{"count": 6, "poses_seq": {"0": {"h": [[-0.0, -0.047825080871582035, -0.23750739288330075, -0.06791715240478517], [0.0, 0.8265, 0.8709900283813476, 1.0272814483642578], [0.0, -0.16218420410156248, -0.29901159667968763, -0.4190518798828125]], "r": [1.143028104749926, 2.741227257595187, -0.5658138200624669, 2.214406636291583, -2.0039286400015777, 5.529166265723722, 1.7812039323626065]}, "1": {"h": [[-0.0, -0.03032035446166992, -0.016694362640380864, 0.10373521041870117], [0.0, 0.8265, 1.0477668151855468, 1.2767220458984376], [0.0, -0.1726751708984376, -0.3479245605468749, -0.44263842773437495]], "r": [1.5324958924640406, 2.9037537778951923, -1.8429794883869932, 2.457818775997574, -2.4151603710143723, 5.155381872172484, 2.6666425676718175]}, "2": {"h": [[-0.0, -0.01882640838623046, -0.05756189727783203, 0.013789985656738286], [0.0, 0.8265, 1.0421642303466796, 1.2814335174560547], [0.0, -0.1647266845703122, -0.3450736083984374, -0.4519558105468749]], "r": [1.5845122400870737, 2.845499840942168, -2.1495485598824113, 2.106925121093342, -2.7165733294140213, 5.179446930613469, -0.2665666487857713]}, "3": {"h": [[-0.0, -0.014380104064941404, -0.09969906616210936, -0.06964064025878905], [0.0, 0.8265, 1.028117446899414, 1.2809414825439454], [0.0, -0.15387622070312484, -0.3438364257812499, -0.4559938964843749]], "r": [1.5639406204804385, 2.8596143082261904, -2.361002900006454, 1.8244652385081275, -2.948496755576402, 5.164925331717047, -1.900638763959097]}, "4": {"h": [[-0.0, -0.01434391021728515, -0.1330252685546875, -0.14620037841796873], [0.0, 0.8265, 1.0153286743164063, 1.2753890533447265], [0.0, -0.14816943359374984, -0.3378277587890624, -0.45773107910156235]], "r": [1.2984820603890699, 3.112375168905963, -2.141950813682456, 1.4674138058078399, -2.7130592723813676, 4.857599590049086, -0.25883020762150966]}, "5": {"h": [[-0.0, -0.017004898071289062, -0.15575524139404295, -0.21327220916748046], [0.0, 0.8265, 1.0266632843017578, 1.2869117431640624], [0.0, -0.15125219726562494, -0.3399855957031251, -0.4532160644531252]], "r": [1.435011103877674, 2.941941446141293, -1.7457138219704373, 1.6487206550266178, -2.665723102389729, 5.018024579508709, -1.7532983454863438]}}, "id": 59}