{"count": 6, "poses_seq": {"0": {"h": [[-0.0, -0.06721417236328125, -0.01742798614501953, 0.12149549102783203], [0.0, 0.8265, 0.6793824157714844, 0.7828921508789063], [0.0, -0.14303686523437503, -0.4011931152343751, -0.5908206787109376]], "r": [-0.34121735276700094, 3.1170116829009444, 2.9580054357700902, 3.795161045189856, 1.8500878252085393, 4.717758687869993, 1.8147662743692674]}, "1": {"h": [[-0.0, -0.08424741744995118, -0.13370541000366212, -0.10839599227905275], [0.0, 0.8265, 1.0443506622314453, 1.2823893585205077], [0.0, -0.15704040527343738, -0.3531008300781249, -0.45835290527343747]], "r": [-0.34121735276700094, 3.1170116829009444, 2.9580054357700902, 3.795161045189856, 1.8500878252085393, 4.717758687869993, 1.8147662743692674]}, "2": {"h": [[-0.0, -0.08378781127929687, -0.18503955078125, -0.20330862426757812], [0.0, 0.8265, 1.033072280883789, 1.2729491424560546], [0.0, -0.15099426269531274, -0.3451104736328126, -0.45343383789062514]], "r": [0.012412503290635701, 3.2279547906197674, 2.687756373234523, 4.008646491840498, 1.4830903836124927, 4.742556509949905, 0.8930151038572156]}, "3": {"h": [[-0.0, -0.08827584838867189, -0.21824978637695314, -0.284890625], [0.0, 0.8265, 1.0207078552246094, 1.256597442626953], [0.0, -0.14361376953124988, -0.33260009765625004, -0.440364013671875]], "r": [-0.1690043273192776, 3.6196233590691356, 2.4762126021309956, 3.6699483895957288, 1.5172834543750888, 4.879701945203711, 1.8235789156093862]}, "4": {"h": [[-0.0, -0.08922147369384764, -0.2585722122192383, -0.3782213821411133], [0.0, 0.8265, 0.9963084106445312, 1.2206217498779297], [0.0, -0.140610595703125, -0.31691125488281263, -0.42043603515625]], "r": [-0.3617907902320008, 3.9530498500418156, 2.1086565481792916, 3.4104091657626974, 1.5732471607349372, 4.954408993952939, 3.3651999084628255]}, "5": {"h": [[-0.0, -0.08510234832763672, -0.31138713836669923, -0.5172067794799805], [0.0, 0.8265, 0.9435454788208009, 1.124871856689453], [0.0, -0.1289152832031249, -0.2950758056640624, -0.393504150390625]], "r": [-0.4206528496861969, 4.181123453947536, 1.9121959038652607, 3.4165293415198987, 1.441761360381321, 5.0870685830951095, -5.605237114652104]}}, "id": 89}