{"count": 15, "poses_seq": {"0": {"h": [[-0.0, -0.044572418212890624, 0.05879326629638672, 0.2094711685180664], [0.0, 0.8265, 0.5897439727783204, 0.43584503173828126], [0.0, -0.14251391601562508, -0.35553356933593744, -0.5605419921874999]], "r": [2.646014962798823, 1.177404301456437, -4.377505676784156, 0.9778808487647241, -4.1475078173389806, 2.402182953410084, 1.0286023502364228]}, "1": {"h": [[-0.0, -0.05660340881347657, 0.05682510375976561, 0.24131954956054685], [0.0, 0.8265, 0.6031115875244141, 0.46681745910644534], [0.0, -0.1448715820312499, -0.3624471435546875, -0.5517572021484374]], "r": [2.413435562788614, 0.871726298750335, 1.782672788764394, 1.031086394076854, 2.129293143286286, 2.236669884123232, 1.1266419030613923]}, "2": {"h": [[-0.0, -0.0638211441040039, 0.07660916900634766, 0.31433471679687497], [0.0, 0.8265, 0.6455496520996094, 0.5547373504638672], [0.0, -0.1434787597656249, -0.35708288574218755, -0.501748046875]], "r": [2.315536794730578, 1.2048543991059653, 1.59467663716161, 1.0866358237744804, 2.3464925451975875, 2.37416734177056, -1.918392257893649]}, "3": {"h": [[-0.0, -0.07838134384155274, 0.08690346145629883, 0.3595042915344238], [0.0, 0.8265, 0.7373174438476563, 0.7216979217529298], [0.0, -0.1782882080078126, -0.36883703613281243, -0.4475018310546875]], "r": [2.2258335641117326, 1.515827509061638, 1.2653314979480204, 1.0559020720128467, 2.1716458053057868, 2.6805755023028515, -1.193141593150812]}, "4": {"h": [[-0.0, -0.0715932788848877, 0.09611079216003418, 0.35502584648132324], [0.0, 0.8265, 0.8655084953308105, 0.9428547668457031], [0.0, -0.18343139648437506, -0.36315698242187505, -0.38638842773437504]], "r": [2.213749713006064, 1.9012466116965467, 0.9884033417802479, 1.3631499366341924, 2.470876862335365, 2.6089764283165535, -2.7341096540089893]}, "5": {"h": [[-0.0, -0.06898825263977051, 0.01566389274597168, 0.20845971488952636], [0.0, 0.8265, 1.0136599273681641, 1.19553662109375], [0.0, -0.17439367675781253, -0.3518614501953126, -0.3977640380859376]], "r": [2.0319956847373715, 1.853755608335651, 0.6242542399009579, 1.5818355568606133, 2.403163028917915, 2.7329898855070267, -1.2804855765873786]}, "6": {"h": [[-0.0, -0.04293777847290039, -0.009596282958984376, 0.13102604293823242], [0.0, 0.8265, 1.0498363952636718, 1.2664162445068359], [0.0, -0.17928540039062485, -0.3495006103515624, -0.4350903320312501]], "r": [2.3355110509074604, 1.9990179616858976, 0.6135495554960132, 1.6956309610718499, 2.632767584989696, 2.7727254744082264, -1.6781252334164571]}, "7": {"h": [[-0.0, -0.024715530395507807, -0.05301847839355468, 0.0309068603515625], [0.0, 0.8265, 1.0467290649414063, 1.2849202270507813], [0.0, -0.16991833496093728, -0.3479525146484375, -0.4505072021484376]], "r": [2.260988075350346, 1.8720371724317453, 0.45905855939101886, 1.6128974009537014, 2.3322692914522882, 2.9866101832092298, -4.688163816420253]}, "8": {"h": [[-0.0, -0.014380104064941404, -0.09969906616210936, -0.06964064025878905], [0.0, 0.8265, 1.028117446899414, 1.2809414825439454], [0.0, -0.15387622070312484, -0.3438364257812499, -0.4559938964843749]], "r": [1.948372307917192, 1.7516503469009734, 0.23798015629853614, 1.7888972372517549, 2.7170454459543714, 2.6607335679533803, 1.3302517552088413]}, "9": {"h": [[-0.0, -0.011155883789062501, -0.13904922485351562, -0.16217979431152346], [0.0, 0.8265, 1.0145703582763672, 1.2756775970458984], [0.0, -0.1448781738281249, -0.33507910156250015, -0.456647216796875]], "r": [2.1338367722931824, 1.6998715017633401, 0.1636667329825809, 1.730512370945618, 3.0695815919705987, 2.759085704793804, 1.8756286564521623]}, "10": {"h": [[-0.0, -0.0416320343017578, -0.1790102844238281, -0.25661721801757814], [0.0, 0.8265, 1.043310302734375, 1.3005960998535158], [0.0, -0.14717675781250011, -0.32082592773437507, -0.4335526123046876]], "r": [2.366200830810779, 1.7507003961434158, 0.2406237731188743, 1.8809011129309607, 2.9143130692338883, 2.5556234816393917, 4.374210702948662]}, "11": {"h": [[-0.0, -0.06367232513427734, -0.2567878036499024, -0.401176139831543], [0.0, 0.8265, 1.0232529602050782, 1.2565930633544922], [0.0, -0.14724389648437503, -0.29348486328124995, -0.39298779296875]], "r": [2.2895820046470714, 1.661765795591035, 0.03554462996389622, 1.8977049850069114, 2.910678393951036, 2.4961274724283156, -1.8995933777406875]}, "12": {"h": [[-0.0, -0.06538025665283205, -0.3220893325805664, -0.5420803298950195], [0.0, 0.8265, 0.9882013397216798, 1.174438690185547], [0.0, -0.1454383544921874, -0.2504072265625, -0.31935217285156253]], "r": [2.3110878145740013, 1.5047963672055817, -0.11732672237663616, 1.7016440356811313, 2.7287682697692883, 2.6622600987999747, -2.0223700371806776]}, "13": {"h": [[-0.0, -0.06020153045654297, -0.373933952331543, -0.657567497253418], [0.0, 0.8265, 0.8909773101806642, 0.983364715576172], [0.0, -0.13651489257812505, -0.22414086914062487, -0.2575430908203125]], "r": [2.409140934170036, 1.181549083252797, -0.23536781189825645, 1.4584167549382485, 2.798554837480197, 2.7977551115318025, -1.0141299080669703]}, "14": {"h": [[-0.0, -0.05644606781005859, -0.362831413269043, -0.6529221115112305], [0.0, 0.8265, 0.7192290115356446, 0.6564656372070312], [0.0, -0.13015380859374998, -0.23928833007812483, -0.29160595703124975]], "r": [2.0543710008510865, 0.7866603726590491, -0.5534043842765165, 1.360266039536293, 2.8784401540259807, 2.490498400626495, -1.6954835254355016]}}, "id": 3}