{"count": 9, "poses_seq": {"0": {"h": [[-0.0, -0.03597843170166015, -0.2953212203979493, -0.542613151550293], [0.0, 0.8265, 0.9588340911865234, 1.105196044921875], [0.0, -0.1641608886718749, -0.30222229003906237, -0.3745900878906248]], "r": [2.519915553421258, 1.957569751738718, 0.19519056702939344, 3.027357735345596, -0.21010927921178435, 5.10936510021452, -1.9622304632878127]}, "1": {"h": [[-0.0, -0.043435791015625, -0.2308737106323242, -0.37542220306396484], [0.0, 0.8265, 1.0231969909667968, 1.259543685913086], [0.0, -0.1612441406250001, -0.3081679687499999, -0.39699780273437507]], "r": [2.342407774618847, 2.206420397285477, 0.5655101705682597, 3.1797777683231754, -0.4940639794778112, 5.030136437225186, -2.0935429533693934]}, "2": {"h": [[-0.0, -0.04240645599365235, -0.1701302490234375, -0.24384271240234376], [0.0, 0.8265, 1.0539051818847656, 1.322066909790039], [0.0, -0.1656192626953124, -0.32750439453124996, -0.4188839111328125]], "r": [2.135198571792445, 2.421190112196585, 0.7449761635843449, 3.5332711185785155, -0.39075092314674753, 5.11013604153784, -3.3348485856151826]}, "3": {"h": [[-0.0, -0.041601692199707024, -0.14295978546142576, -0.1752619400024414], [0.0, 0.8265, 1.0624872589111327, 1.336943878173828], [0.0, -0.16801013183593733, -0.33224768066406246, -0.4257830810546875]], "r": [2.0565382961461105, 2.6289267253062794, 0.8979373938629808, 3.872895269200851, -0.00951197275794756, 5.180355629744467, 0.008293451280699582]}, "4": {"h": [[-0.0, -0.043790199279785155, -0.09821572875976561, -0.08442483520507812], [0.0, 0.8265, 1.0688936004638672, 1.3445606689453125], [0.0, -0.16963940429687524, -0.33866711425781265, -0.4287086181640625]], "r": [1.742705967053921, 2.6229863005347656, 0.7228544868692325, 3.892834762997344, -0.15252656308273968, 5.175384843199986, 0.2846411032438367]}, "5": {"h": [[-0.0, -0.04737757873535156, -0.055406875610351555, 0.005632312774658206], [0.0, 0.8265, 1.0769176940917968, 1.3482555236816407], [0.0, -0.17888830566406227, -0.3418460693359376, -0.42750634765625]], "r": [1.3440023638540672, 2.580440293601911, 0.8017449469202235, 3.8737328205635375, -0.46545205109353743, 5.146696139665328, 2.422604833845607]}, "6": {"h": [[-0.0, -0.01178031158447266, 0.01248220443725586, 0.1348522262573242], [0.0, 0.8265, 1.0452235412597657, 1.2903887023925782], [0.0, -0.1667753906250003, -0.3311610107421877, -0.40478723144531253]], "r": [1.0198617934734737, 2.706230739390158, 1.1770353526246942, 4.261977933353649, -0.07470391657108907, 5.222857947453075, 0.47565419054051017]}, "7": {"h": [[-0.0, -0.06000954246520997, 0.021942796707153323, 0.2075826587677002], [0.0, 0.8265, 1.0126004638671875, 1.211521041870117], [0.0, -0.15762463378906238, -0.3377725830078125, -0.36669763183593745]], "r": [1.0153355505806267, 2.523586399057798, 1.0385680213092434, 3.904920691178187, -0.3864427033259732, 5.378241031791875, -0.946764181181443]}, "8": {"h": [[-0.0, -0.05315672492980957, 0.11235906791687011, 0.3608804912567139], [0.0, 0.8265, 0.9729525451660157, 1.1040096435546876], [0.0, -0.1923372802734376, -0.3332905273437499, -0.30102392578125]], "r": [0.7685991742117603, 2.382227413047158, 0.9075168267773904, 3.6843360993165657, -0.3678699311957192, 5.542993595744211, -0.8751666834521845]}}, "id": 5}