{"count": 33, "poses_seq": {"0": {"h": [[-0.0, -0.061957214355468734, -0.2836610412597656, -0.5348793640136719], [0.0, 0.8265, 0.5966304016113282, 0.43754278564453125], [0.0, -0.13699780273437484, -0.24824462890624993, -0.30410400390625]], "r": [2.415039147546778, 2.454696396133192, 0.690231931510669, 4.428132778474616, -0.6054308681786768, 1.267682540732323, -3.037408112001853]}, "1": {"h": [[-0.0, -0.062403861999511714, -0.2839448928833008, -0.5374961929321289], [0.0, 0.8265, 0.5909276885986328, 0.43039450073242186], [0.0, -0.1367553710937502, -0.24500927734375005, -0.29803344726562503]], "r": [2.6867436715560125, 2.4331189920809657, 0.4617283096448704, 4.502052179808173, -0.7119099990324558, 1.2496597504617375, -5.120669933803035]}, "2": {"h": [[-0.0, -0.0625071563720703, -0.2861505889892578, -0.5402292022705079], [0.0, 0.8265, 0.5931772155761719, 0.438075668334961], [0.0, -0.1315860595703125, -0.23866394042968736, -0.2946529541015624]], "r": [2.9208204105632336, 2.196757950231066, 0.22761602026011962, 4.433488659605967, -0.9114428498689237, 0.947235594813259, 2.47221098441966]}, "3": {"h": [[-0.0, -0.04655325317382811, -0.35759564208984373, -0.6532763366699219], [0.0, 0.8265, 0.747606216430664, 0.7436057434082031], [0.0, -0.15327832031250016, -0.23775354003906274, -0.28283251953125027]], "r": [3.003877133790673, 2.542424300427844, 0.35946587784243844, 4.198770569117362, -1.255946986384806, 1.0675566198635518, 1.8100670188133936]}, "4": {"h": [[-0.0, -0.06101046752929688, -0.3263659973144531, -0.5898808288574219], [0.0, 0.8265, 0.6623689880371093, 0.561026840209961], [0.0, -0.14394702148437527, -0.28486840820312503, -0.3911059570312501]], "r": [2.76531203530245, 2.377280944738851, 0.3904263492132637, 4.244293580050951, -1.0605801104587307, 1.0358861825367793, 1.7616801963701305]}, "5": {"h": [[-0.0, -0.05528851318359375, -0.3070234375, -0.5574607849121094], [0.0, 0.8265, 0.7574328842163087, 0.7819213333129883], [0.0, -0.13929736328125025, -0.32719555664062533, -0.4796765136718753]], "r": [2.732629184936855, 2.655931151676653, 0.3061977360582451, 4.264942508473793, -1.2743746041035147, 1.2800546540722653, -0.45587243653274967]}, "6": {"h": [[-0.0, -0.04483458709716796, -0.25185236358642576, -0.44228800201416013], [0.0, 0.8265, 0.8055832195281982, 0.8966183319091797], [0.0, -0.14480004882812497, -0.36384252929687483, -0.5617934570312497]], "r": [2.6310958846752843, 2.7375947095224404, 0.05715333795759714, 3.903878995371701, -0.9838179917694418, 1.328386737574918, -2.0947715275489136]}, "7": {"h": [[-0.0, -0.04259974670410156, -0.20398048400878904, -0.3358777618408203], [0.0, 0.8265, 0.7417344131469726, 0.7667306900024414], [0.0, -0.1462012939453124, -0.39771606445312485, -0.6542895507812498]], "r": [2.400245000529261, 2.596694347018854, -0.0670811266517494, 3.8472615525681575, -0.7256616474371987, 1.2245924642936648, -2.388596009940257]}, "8": {"h": [[-0.0, -0.04556970214843749, -0.13766757202148439, -0.21932357788085938], [0.0, 0.8265, 0.6570224151611328, 0.5759199676513672], [0.0, -0.14668078613281238, -0.4147722167968751, -0.6861951904296875]], "r": [2.1645403808890813, 2.216256163460782, -0.12267276402589189, 3.7171116499636536, -0.6593104401694045, 0.8449509658058836, -0.9380955107846647]}, "9": {"h": [[-0.0, -0.05854032135009765, -0.1436964645385742, -0.14464461517333985], [0.0, 0.8265, 0.7330355148315431, 0.7524884490966797], [0.0, -0.14985974121093754, -0.4377596435546874, -0.7161011962890624]], "r": [2.264132978170913, 2.438597533171611, -0.21085097385188079, 3.902429792276993, -1.0262044642578259, 1.1311860249445977, 0.845257665670192]}, "10": {"h": [[-0.0, -0.061051132202148445, -0.07342672729492189, -0.02989453125000001], [0.0, 0.8265, 0.8603113212585449, 0.953527587890625], [0.0, -0.15325781249999998, -0.45327172851562497, -0.6847915039062498]], "r": [2.172833852198374, 2.7548909414688523, -0.1858343067087746, 3.839051813794762, -1.0007722491580338, 1.3777171415289415, 2.9764004852770354]}, "11": {"h": [[-0.0, -0.06789698028564453, -0.0029846267700195314, 0.07657623291015625], [0.0, 0.8265, 0.6933253784179687, 0.6781464233398438], [0.0, -0.16414538574218757, -0.45178710937499994, -0.700272705078125]], "r": [1.7964993434825305, 2.4693011979234107, -0.11086201409294535, 3.823542888638138, -0.6627180457179955, 1.0557117820263036, 0.6569310133778102]}, "12": {"h": [[-0.0, -0.061581302642822265, 0.04413194656372071, 0.21630757522583008], [0.0, 0.8265, 0.7165919570922852, 0.7062256774902345], [0.0, -0.1696999511718747, -0.42382055664062485, -0.6454013671874999]], "r": [1.8409444910693147, 2.5544292691402726, -0.38271381882138905, 4.1070791072258475, -0.780674696040202, 1.255928996511163, 2.6064413497825636]}, "13": {"h": [[-0.0, -0.06763804626464844, 0.05859399414062501, 0.26404623413085937], [0.0, 0.8265, 0.8087660713195801, 0.8838776092529297], [0.0, -0.16971838378906262, -0.4147758789062502, -0.5640267333984375]], "r": [1.8458211612957742, 2.550495440074496, -0.6417052787762505, 3.816310241268714, -0.9244017569570866, 1.1454049383858733, 1.448468693277538]}, "14": {"h": [[-0.0, -0.05281262397766113, 0.10297236442565919, 0.3370613918304443], [0.0, 0.8265, 0.8068426342010498, 0.8788463439941407], [0.0, -0.20411120605468752, -0.400108154296875, -0.4872047119140624]], "r": [1.6637968745195741, 2.430161021250539, -0.6658919992660274, 3.932011378316907, -1.2498580018320502, 1.0558850332226073, 3.6694959245325074]}, "15": {"h": [[-0.0, -0.06403359985351563, 0.13897735595703126, 0.38827996826171873], [0.0, 0.8265, 0.6795677490234375, 0.6373120574951172], [0.0, -0.19176428222656267, -0.3608378906250001, -0.4497203369140626]], "r": [1.3883984481493936, 2.07324513979876, -0.7240030445681245, 4.1197198838258675, -0.9778624268630243, 0.7546099589758515, -1.9581168983217911]}, "16": {"h": [[-0.0, -0.05334102249145507, 0.12894995880126953, 0.39353586578369143], [0.0, 0.8265, 0.7639149322509766, 0.8170122337341309], [0.0, -0.20852587890625013, -0.3690068359375001, -0.40509582519531256]], "r": [1.3084015094987658, 2.2064209817166986, -0.8490581585709102, 3.791618702674166, -1.2228546987733708, 0.753137889223368, -2.5711245169498955]}, "17": {"h": [[-0.0, -0.07680447578430176, 0.06919901847839356, 0.29223972129821774], [0.0, 0.8265, 0.8199751992225648, 0.9212419281005859], [0.0, -0.19256652832031246, -0.41160974121093746, -0.49726379394531245]], "r": [1.475581547647497, 2.166149725463834, -0.9599517317634361, 3.8187025318965158, -1.6071726118435556, 0.8636303330028503, -2.493826744551145]}, "18": {"h": [[-0.0, -0.06842859649658203, 0.057927818298339845, 0.2680383377075195], [0.0, 0.8265, 0.7569585800170899, 0.7920497589111328], [0.0, -0.18699157714843745, -0.42518505859375005, -0.571118896484375]], "r": [1.4073790837504343, 1.9414226240344956, -1.1330048351608926, 4.051402988296954, -1.7982150294548516, 0.6891117846714918, -1.816197391743133]}, "19": {"h": [[-0.0, -0.07621981430053712, 0.028372196197509764, 0.19969694900512694], [0.0, 0.8265, 0.6933345642089844, 0.6572277069091796], [0.0, -0.16210388183593755, -0.42174316406249984, -0.6265776367187499]], "r": [1.722329129161335, 1.8366164364305178, -0.9189562714209023, 4.44709042626244, -1.5579530492516471, 0.7775337437209792, -4.8068592845939095]}, "20": {"h": [[-0.0, -0.07526184082031251, -0.01969973754882813, 0.09540910339355468], [0.0, 0.8265, 0.7131279678344726, 0.7095850677490234], [0.0, -0.15779602050781266, -0.4420936279296875, -0.69159130859375]], "r": [1.9408836227367037, 1.743987542950011, -1.2552296133509466, 4.845070579224415, -1.860182000150367, 1.0101908416866154, 0.019544209706634563]}, "21": {"h": [[-0.0, -0.07358980560302734, -0.0841339340209961, -0.008572723388671877], [0.0, 0.8265, 0.8554249267578125, 0.9465196609497071], [0.0, -0.15303686523437504, -0.4519177246093751, -0.6781542968750001]], "r": [2.0966187946588244, 2.044372436884997, -1.3378689399697163, 4.568509377402656, -2.0340824971575917, 1.1729486288929534, -1.7185855043281903]},