{"count": 24, "poses_seq": {"0": {"h": [[-0.0, -0.05498927307128908, -0.12753556823730466, -0.12987742614746095], [0.0, 0.8265, 0.5873597106933593, 0.46935789489746094], [0.0, -0.1452524414062502, -0.36859082031249996, -0.6382073974609375]], "r": [-0.9424159369113146, 4.271144617977995, -0.04700380361271553, 1.9172260950937308, -1.1271272934028818, 5.515147774113155, -1.7995186516311743]}, "1": {"h": [[-0.0, -0.05428721618652342, -0.08053903198242186, 0.00037412261962890825], [0.0, 0.8265, 0.5847113037109375, 0.4750321960449219], [0.0, -0.14269458007812502, -0.3707641601562502, -0.625611572265625]], "r": [-1.1645396316411911, 4.023936182268432, 0.22754153469925426, 1.6334707871913052, -1.1360772617543629, 5.302950827206323, -1.7880102811789134]}, "2": {"h": [[-0.0, -0.0525946044921875, -0.017801666259765633, 0.15686981201171873], [0.0, 0.8265, 0.6058958740234375, 0.5358016357421875], [0.0, -0.14367260742187488, -0.37527136230468755, -0.5935181884765623]], "r": [-1.481862189505204, 3.8148175374112285, 0.4159497861430218, 1.4460944566838463, -1.2446508332099393, 5.208789655444386, -2.2387005018160555]}, "3": {"h": [[-0.0, -0.0539786376953125, 0.022776428222656242, 0.25965109252929686], [0.0, 0.8265, 0.6662885742187501, 0.682254608154297], [0.0, -0.15358764648437512, -0.37928173828124995, -0.5324497070312499]], "r": [-1.4760456850125467, 3.561842810857493, 0.07288607454441884, 1.6694379872700063, -1.1259242627865562, 5.083686582809879, 0.653574615930332]}, "4": {"h": [[-0.0, -0.06424129867553711, 0.004600246429443358, 0.19720190048217773], [0.0, 0.8265, 0.8273990654945373, 0.9608616027832032], [0.0, -0.156776123046875, -0.4172010498046875, -0.527631591796875]], "r": [-1.4575551625917431, 3.3410296920234623, 0.29458931985834685, 2.0005326168502275, -1.470582594086189, 5.084520151549111, -0.10981102646862036]}, "5": {"h": [[-0.0, -0.07088642501831055, -0.07149839401245117, 0.04833748245239257], [0.0, 0.8265, 0.9033326644897461, 1.096585693359375], [0.0, -0.15502758789062493, -0.42324108886718764, -0.5435177001953124]], "r": [-1.50093974890383, 3.210560656164188, 0.6852474161766644, 2.08069388952481, -1.5484310004353357, 4.907398811778052, 1.4524429609597105]}, "6": {"h": [[-0.0, -0.06504592895507812, -0.1304033966064453, -0.06951522827148436], [0.0, 0.8265, 0.9201105117797852, 1.1322704315185548], [0.0, -0.16417138671875003, -0.411664306640625, -0.5477648925781249]], "r": [-1.3479497857785994, 3.0680236594488832, 0.5862382013016454, 1.8551947249675504, -1.5541816788032834, 4.5656037344249185, -0.7526203063325544]}, "7": {"h": [[-0.0, -0.06694333648681641, -0.18649698638916018, -0.18326056671142577], [0.0, 0.8265, 0.8740380249023438, 1.081357666015625], [0.0, -0.15161865234375022, -0.41125378417968755, -0.56757568359375]], "r": [-1.2901389980398534, 3.29071244360217, 0.8966714147063347, 1.8917100103984577, -1.8060412207304553, 4.926312546419738, -2.5879556940751414]}, "8": {"h": [[-0.0, -0.06712338256835937, -0.22407594299316405, -0.2812093048095703], [0.0, 0.8265, 0.8354229259490966, 1.0200265350341797], [0.0, -0.14774731445312544, -0.4073330078125002, -0.5809783935546877]], "r": [-1.1081079358381842, 3.6108072328283156, 1.147079815677752, 2.092335910107336, -2.175700791452603, 5.320914373878956, -4.262986880517999]}, "9": {"h": [[-0.0, -0.0618414764404297, -0.23998606872558595, -0.3692186126708984], [0.0, 0.8265, 0.7317972030639648, 0.8241340484619141], [0.0, -0.14153344726562517, -0.40487500000000015, -0.6181591796875001]], "r": [-1.0929746624439178, 3.8741200667273783, 1.2522213186143119, 1.8658926412878463, -2.2037946517158176, 5.543485842795397, 1.9230565917325488]}, "10": {"h": [[-0.0, -0.057465126037597666, -0.18088932037353517, -0.2928740005493164], [0.0, 0.8265, 0.6332826385498047, 0.5936475372314454], [0.0, -0.14120874023437519, -0.37503808593750004, -0.6408303222656251]], "r": [-1.1746062195289757, 4.054577850630544, 1.1021077361168423, 1.5885076507120122, -1.8407493120870808, 5.640853812656558, 4.5131141075779055]}, "11": {"h": [[-0.0, -0.0539520492553711, -0.13457532501220704, -0.17523819732666018], [0.0, 0.8265, 0.5997033996582031, 0.5165560760498047], [0.0, -0.14848681640624967, -0.3778161621093748, -0.6560214843749999]], "r": [-1.5172173668497142, 4.113494202217361, 1.4689050039942009, 1.7033727604983013, -1.4779877041373148, 5.575575055805455, -4.337181438062692]}, "12": {"h": [[-0.0, -0.05157156372070312, -0.0732207489013672, 0.004898742675781248], [0.0, 0.8265, 0.587633773803711, 0.48395245361328126], [0.0, -0.15038610839843775, -0.36991809082031263, -0.6234737548828126]], "r": [-1.8509576365765175, 4.197043141314234, 1.6641143315970643, 1.5860293383068726, -1.3719097564674556, 5.648988752920019, 0.14996479779595176]}, "13": {"h": [[-0.0, -0.04988799285888672, -0.020968101501464845, 0.1468968734741211], [0.0, 0.8265, 0.6034750518798828, 0.5197740020751953], [0.0, -0.15034667968749998, -0.37489147949218743, -0.5950976562499999]], "r": [-2.208045922270153, 3.997664568604613, 1.7220970764567178, 1.212718909254951, -1.4768836731860886, 5.394703936997224, -2.9151320540097836]}, "14": {"h": [[-0.0, -0.0609298400878906, -0.14795379638671874, 0.08680433654785158], [0.0, 0.8265, 0.7099610214233398, 0.7408202228546142], [0.0, -0.24577734375, -0.44242309570312505, -0.6234029541015627]], "r": [-2.1694899024550356, 3.8268733693504524, 1.8937317332706718, 1.5900595789997385, -1.6930159526806574, 5.439800194422027, -0.6710654437700267]}, "15": {"h": [[-0.0, -0.054223419189453115, -0.13603573608398434, 0.1463701171875], [0.0, 0.8265, 0.694501724243164, 0.7650161819458008], [0.0, -0.240208984375, -0.4343293457031248, -0.4937475585937499]], "r": [-2.4117759554550364, 3.8423739281380223, 2.2418064426266553, 1.7143642238206291, -1.3924749039233972, 5.6189547207365615, -0.15763622584252526]}, "16": {"h": [[-0.0, -0.044492935180664064, -0.09467005920410156, 0.12281481933593749], [0.0, 0.8265, 0.751011474609375, 0.9574294586181641], [0.0, -0.11555261230468755, -0.3387115478515626, -0.431326416015625]], "r": [-2.368884962974269, 3.501490191210004, 2.0398767739426438, 1.9953025838402387, -1.7039905372467434, 5.607149835979159, 1.864236176656432]}, "17": {"h": [[-0.0, -0.057698883056640615, -0.12111805725097655, 0.0029751052856445415], [0.0, 0.8265, 0.7810421295166016, 1.0341566467285157], [0.0, -0.13011340332031246, -0.3407934570312499, -0.4601376953124999]], "r": [-2.0343733296476993, 3.3595973089600433, 1.801229658713914, 2.3195692922449367, -1.644981018705231, 5.385967283999934, -1.2398948259123102]}, "18": {"h": [[-0.0, -0.05419660949707031, -0.15415692138671877, -0.08393112182617188], [0.0, 0.8265, 0.744841682434082, 1.0204266815185548], [0.0, -0.12085070800781234, -0.30328149414062505, -0.45161535644531253]], "r": [-2.1353607124724565, 3.261576490246092, 1.8466515893640778, 1.9319430977705174, -1.5992451831536527, 5.251214900062394, 0.016175845438683195]}, "19": {"h": [[-0.0, -0.054413558959960945, -0.1682583923339844, -0.1567242431640625], [0.0, 0.8265, 0.7427834777832031, 1.028716339111328], [0.0, -0.12551892089843736, -0.30658947753906257, -0.45857287597656243]], "r": [-2.389476222323024, 2.9989454151014505, 1.7652310650262197, 1.9022448303980994, -1.2993179698144275, 4.918623700722979, 1.385132070854718]}, "20": {"h": [[-0.0, -0.047984085083007805, -0.18656320190429687, -0.23602508544921874], [0.0, 0.8265, 0.7532583923339844, 1.0244491882324218], [0.0, -0.12393103027343738, -0.29770715332031245, -0.4577591552734375]], "r": [-2.400825864686233, 2.8395425640885295, 1.7195700314547868, 1.5747339834005296, -1.5348573212722108, 4.704471640509601, 4.371832705348541]}, "21": {"h": [[-0.0, -0.03862631988525389, -0.21338188934326172, -0.3305240707397461], [0.0, 0.8265, 0.7559559860229492, 0.970222381591797], [0.0, -0.13950183105468766, -0.28831628417968763, -0.4511226806640625]], "r": [-2.5496590995678616, 2.775970459870843, 1.9318385439776105, 1.3528858069017475, -1.7984063188574497, 4.6790855524688, -3.552762530342655]},