{"count": 38, "poses_seq": {"0": {"h": [[-0.0, -0.06704119873046875, 0.03344857788085937, 0.22211230468749998], [0.0, 0.8265, 0.5644938507080078, 0.38722090148925786], [0.0, -0.13601745605468724, -0.3248604736328125, -0.4739645996093749]], "r": [-1.3693314867177067, 5.076084300187081, 2.2554249314505537, 5.230693546350813, -1.2518663360610431, 0.9877306590512797, 0.8503002661966692]}, "1": {"h": [[-0.0, -0.06978780364990235, 0.09802469635009765, 0.37663048553466794], [0.0, 0.8265, 0.6315492095947266, 0.5528689575195314], [0.0, -0.1435130615234375, -0.32610046386718766, -0.36660754394531253]], "r": [-1.718184204454218, 4.710920832511558, 2.0887583722883645, 4.9821598827276725, -1.1839596849057599, 0.9991325753394987, -1.7858567693347553]}, "2": {"h": [[-0.0, -0.061067768096923825, 0.13359673690795898, 0.41464345932006835], [0.0, 0.8265, 0.7330413818359376, 0.805437225341797], [0.0, -0.15941198730468759, -0.33923767089843754, -0.34169665527343757]], "r": [-1.769217629618098, 4.378303030409167, 1.8053826043787542, 4.847817464516688, -1.5016267609047018, 1.1136193617757995, -0.6766059072684402]}, "3": {"h": [[-0.0, -0.06885675048828124, 0.07158325195312501, 0.29807371520996095], [0.0, 0.8265, 0.7899906997680664, 0.951810302734375], [0.0, -0.16674255371093777, -0.38327136230468756, -0.4354218750000001]], "r": [-1.7195704252706403, 4.299856957447921, 1.516038917923692, 4.523113496984219, -1.6663740650320833, 1.0791534380623946, 0.3463233988127113]}, "4": {"h": [[-0.0, -0.08025909805297851, -0.0073069496154785155, 0.14145486068725585], [0.0, 0.8265, 0.8148247423171997, 1.0139402618408204], [0.0, -0.1673499755859374, -0.40776379394531254, -0.5071809082031249]], "r": [-1.548344956482442, 4.364458311864586, 1.1435170396566465, 4.672148153375632, -1.8773449992321272, 1.272366071247846, 1.2438258562634303]}, "5": {"h": [[-0.0, -0.049371555328369135, -0.058537624359130846, 0.014285381317138676], [0.0, 0.8265, 0.8136921787261964, 1.0301180267333985], [0.0, -0.1603222656249999, -0.4260753173828125, -0.5453084716796874]], "r": [-1.4418023912844762, 4.484320432430193, 0.9093614353377926, 4.422307751011782, -1.5394845845865552, 1.4695990964947083, -1.009788804099826]}, "6": {"h": [[-0.0, -0.07224648284912108, -0.14163866424560545, -0.1510622329711914], [0.0, 0.8265, 0.7834945259094238, 0.9997938079833985], [0.0, -0.16455798339843747, -0.4223581542968751, -0.5629425048828125]], "r": [-1.192431272981061, 4.5731051878920965, 0.8486653162734701, 4.4248820168847915, -1.483933415361938, 1.5099311898403278, 1.531504578258239]}, "7": {"h": [[-0.0, -0.07428923797607423, -0.16986441802978516, -0.24349683380126955], [0.0, 0.8265, 0.7548623046875, 0.9358111419677735], [0.0, -0.16588977050781245, -0.4253299560546873, -0.5895560302734373]], "r": [-0.9025186253672071, 4.615955757208905, 0.9982217656206932, 4.108076882514649, -1.109377784896567, 1.435459519109521, 1.7165599317871623]}, "8": {"h": [[-0.0, -0.06634725952148436, -0.16932955932617189, -0.28511285400390624], [0.0, 0.8265, 0.6445191955566407, 0.6882850494384766], [0.0, -0.15329443359375033, -0.4007415771484378, -0.6298834228515626]], "r": [-0.7958762303349319, 4.991866795281538, 1.0473942542809738, 4.269195890614216, -0.9017028977396063, 1.36483640671553, 1.2955264914559645]}, "9": {"h": [[-0.0, -0.06400315856933593, -0.1312554931640625, -0.1874386749267578], [0.0, 0.8265, 0.588445297241211, 0.560730697631836], [0.0, -0.1490999755859373, -0.36195703124999984, -0.6315950927734373]], "r": [-0.9170008586235142, 5.1685093630979715, 1.142231162747331, 4.4334967837515205, -0.9324537615481968, 1.2653245256582806, 0.5711438341377147]}, "10": {"h": [[-0.0, -0.06408316802978516, -0.08681218719482421, -0.06308333587646485], [0.0, 0.8265, 0.5795933837890626, 0.540307113647461], [0.0, -0.15148400878906215, -0.3808259277343749, -0.6464583740234373]], "r": [-1.1528988292412274, 4.985129919299281, 1.4788453165215232, 4.512956175790077, -1.2677307000318985, 0.909040097777235, -1.4153154110095953]}, "11": {"h": [[-0.0, -0.06149183654785155, -0.039494522094726564, 0.05308969879150391], [0.0, 0.8265, 0.5951744689941406, 0.5732371215820313], [0.0, -0.13990808105468783, -0.3728094482421876, -0.6145777587890626]], "r": [-1.4325985354280013, 4.84081089764865, 1.2828166067895932, 4.148319576950477, -1.0394124222567707, 0.7124127930607407, -2.530340514857675]}, "12": {"h": [[-0.0, -0.06938654327392578, -0.013297676086425791, 0.13168904876708984], [0.0, 0.8265, 0.6541869049072265, 0.7046555633544922], [0.0, -0.14496630859374965, -0.39889489746093726, -0.6056140136718748]], "r": [-1.4600302623396904, 4.698846891691523, 1.486209324240001, 4.4961593880946324, -1.4242083857070704, 0.929910485231061, -0.7800217833257239]}, "13": {"h": [[-0.0, -0.06770515441894531, -0.08009977722167969, 0.0011679763793945308], [0.0, 0.8265, 0.7255352859497071, 0.8934284133911132], [0.0, -0.16127197265624976, -0.42768701171874995, -0.60475244140625]], "r": [-1.1242712322987367, 4.51387788876055, 1.4080143638290554, 4.442831307428824, -1.4767894867047098, 1.2702942053187658, -0.8222937944726624]}, "14": {"h": [[-0.0, -0.07142285919189453, -0.12216104888916016, -0.10452317047119139], [0.0, 0.8265, 0.7131184768676758, 0.8669392623901367], [0.0, -0.15838122558593765, -0.4234514160156249, -0.6288347167968749]], "r": [-0.9464784007634056, 4.672409524303185, 1.282811785041042, 4.760434583211296, -1.6471699667429371, 1.4685753379001203, 0.8721042029357233]}, "15": {"h": [[-0.0, -0.06196463012695312, -0.09405238342285156, -0.08625120544433594], [0.0, 0.8265, 0.600239227294922, 0.615281723022461], [0.0, -0.14776879882812494, -0.3980040283203126, -0.656942138671875]], "r": [-0.569281940241323, 5.003781567845839, 1.593068499653846, 4.978571323654892, -1.269062133178684, 1.821533615432355, 1.6866757872840166]}, "16": {"h": [[-0.0, -0.06397184753417967, -0.03533975219726562, 0.04314503479003907], [0.0, 0.8265, 0.59646728515625, 0.6025250549316407], [0.0, -0.13646679687500002, -0.3653300781249998, -0.6123244628906248]], "r": [-0.8170095928676946, 4.877739481902857, 1.6514097788900057, 4.73750280718933, -1.0064930359040647, 1.5299872893460453, 3.4346569688062676]}, "17": {"h": [[-0.0, -0.06363822174072267, -0.012928977966308597, 0.12478803253173829], [0.0, 0.8265, 0.65907080078125, 0.7381001586914062], [0.0, -0.14148168945312528, -0.39081237792968776, -0.5922281494140627]], "r": [-0.9601972675317716, 4.532975797730355, 1.6976487178506703, 4.586842560336328, -1.1146968346324846, 1.427006325325838, -3.1181854196801426]}, "18": {"h": [[-0.0, -0.07056045532226561, -0.08203102111816406, -0.01302263641357422], [0.0, 0.8265, 0.7230686492919922, 0.915274398803711], [0.0, -0.14992333984375011, -0.4121304931640624, -0.566771484375]], "r": [-0.8380685916173015, 4.15903947164459, 1.877704322712997, 4.376748860260438, -1.4792109474782746, 1.1791365206952178, -5.813232661402612]}, "19": {"h": [[-0.0, -0.0652694396972656, -0.09504875183105467, -0.08145687866210936], [0.0, 0.8265, 0.7002629013061523, 0.8950053024291993], [0.0, -0.1490283203125003, -0.4124233398437503, -0.5795961914062502]], "r": [-1.0603555343890807, 4.26354213140843, 1.8278822649031197, 4.126319110103647, -1.6589318746166044, 0.8683282891116106, 1.7720312639790574]}, "20": {"h": [[-0.0, -0.06428794860839844, -0.09233419799804689, -0.07860081481933594], [0.0, 0.8265, 0.6016539001464843, 0.635936279296875], [0.0, -0.14703161621093735, -0.3718194580078123, -0.6262735595703122]], "r": [-1.0974648095088384, 4.525309187515504, 2.0317293858734495, 4.469558857305853, -1.5841489815428487, 0.6414477693967355, 1.3595704927334846]}, "21": {"h": [[-0.0, -0.05740296173095703, -0.020363822937011722, 0.07054053497314453], [0.0, 0.8265, 0.605999755859375, 0.6482989196777343], [0.0, -0.1379910888671872, -0.35530822753906227, -0.5914825439453122]], "r": [-1.2193796320017762, 4.456391791775774, 2.136017776648769, 4.634494157141539, -1.4918140959802453, 0.7473081480771449, -0.9192519614771608]},