{"count": 45, "poses_seq": {"0": {"h": [[-0.0, -0.043506126403808604, -0.019057914733886724, 0.1331554641723633], [0.0, 0.8265, 0.9486067733764648, 1.0528975830078124], [0.0, -0.1982674560546876, -0.4581915283203127, -0.6391038818359376]], "r": [1.8211594891662213, 2.7861134968366428, -1.630115882081189, 4.464706556217338, -1.0472035126377373, 5.025990373097242, -2.115185341972335]}, "1": {"h": [[-0.0, -0.05270526504516601, -0.08034350967407226, -0.008797451019287111], [0.0, 0.8265, 1.0051794738769533, 1.1140490417480469], [0.0, -0.22371972656249978, -0.4622856445312498, -0.6832094726562499]], "r": [1.7333235999980166, 2.658480337443549, -1.356429859069815, 4.2845817247239175, -0.6948987879814812, 5.13727809553984, -3.7356383464725473]}, "2": {"h": [[-0.0, -0.050533721923828115, -0.23744966125488282, -0.10636770629882812], [0.0, 0.8265, 0.8905199508666992, 1.0044256896972656], [0.0, -0.15749536132812497, -0.31413146972656253, -0.5004155273437498]], "r": [2.0299540603188904, 2.7546768875641927, -1.5295399103183298, 4.474744908307082, -0.8745389834067672, 5.467142584298465, 4.621756784414883]}, "3": {"h": [[-0.0, -0.05055625152587892, -0.23059325408935546, -0.045454719543457034], [0.0, 0.8265, 0.8768257484436035, 0.9893671112060547], [0.0, -0.15517907714843765, -0.3088892822265628, -0.44968395996093774]], "r": [1.9276267235202504, 2.7987848937479054, -1.3389623213879147, 4.741589885223255, -0.7506486044792655, 5.573941210414158, -1.7818671604600356]}, "4": {"h": [[-0.0, -0.048200370788574226, -0.18894927215576174, 0.0405407943725586], [0.0, 0.8265, 0.8873622283935547, 0.9792756805419922], [0.0, -0.1535451660156249, -0.3231878662109376, -0.4048725585937501]], "r": [2.097126359904242, 2.928541731242179, -1.7208452630722082, 4.927434642872971, -0.9545800977180507, 5.466684521916008, -4.459441431971328]}, "5": {"h": [[-0.0, -0.056268608093261716, -0.09015811920166016, 0.1699087142944336], [0.0, 0.8265, 0.9250983581542969, 0.9900051879882813], [0.0, -0.15204663085937492, -0.34930895996093764, -0.3497282714843751]], "r": [2.14530069360082, 2.9609241846033907, -2.039615615082345, 5.11117434710612, -0.8711624643994574, 5.384756649037645, 1.202187880132548]}, "6": {"h": [[-0.0, -0.057080055236816404, -0.01208552551269531, 0.2193751754760742], [0.0, 0.8265, 1.0058090209960937, 1.0986084289550782], [0.0, -0.17682006835937508, -0.37628491210937504, -0.45536083984375014]], "r": [2.0500386472221814, 2.750219288114917, -2.272726633958099, 4.803502754512007, -0.8367621290821571, 5.1408094864845815, 0.023256504264325767]}, "7": {"h": [[-0.0, -0.05138806915283203, -0.03229597473144531, 0.15200373840332032], [0.0, 0.8265, 1.0188614654541017, 1.136696792602539], [0.0, -0.17933007812500007, -0.39490234375000016, -0.53200537109375]], "r": [2.371036502165606, 2.606677324762526, -2.554051558295187, 4.7642052865975835, -0.9537606389328808, 4.851038716993498, -2.1052896466047026]}, "8": {"h": [[-0.0, -0.05439384078979492, -0.0685184669494629, 0.040169681549072266], [0.0, 0.8265, 1.0168458404541016, 1.1510571899414064], [0.0, -0.18033093261718763, -0.4197084960937501, -0.6168129882812501]], "r": [2.184776064796882, 2.326254817763024, -2.903164002446166, 4.4969730932390375, -0.979931357609204, 4.945964778721887, -3.3468114340814012]}, "9": {"h": [[-0.0, -0.060875122070312496, -0.13092752838134764, -0.1011101760864258], [0.0, 0.8265, 1.0091533813476563, 1.1518004608154297], [0.0, -0.17398889160156267, -0.4180539550781251, -0.6392628173828125]], "r": [2.1915062542228876, 2.3558101255447674, -2.7730308436029123, 4.460865223156992, -0.6391443074093696, 5.113661919793082, 3.507201222770302]}, "10": {"h": [[-0.0, -0.0599302864074707, -0.2193874168395996, -0.26233813095092773], [0.0, 0.8265, 0.9848706817626953, 1.1361259155273438], [0.0, -0.17211425781249973, -0.3786422119140625, -0.6103598632812499]], "r": [2.2453703616208784, 2.237491308653264, -2.8521398478376767, 4.565562068778881, -0.29470265733620526, 5.191633068000896, -2.962591042249644]}, "11": {"h": [[-0.0, -0.05150585174560547, -0.27900707244873046, -0.24783657073974608], [0.0, 0.8265, 0.8925436019897461, 1.0548067626953124], [0.0, -0.17181506347656256, -0.3131656494140627, -0.5198465576171876]], "r": [2.4533345950581467, 2.413269555185891, -2.677555938583685, 4.512491211688849, -0.6496228022164049, 5.381686621288731, -5.412643481602579]}, "12": {"h": [[-0.0, -0.04813874816894531, -0.2647288055419922, -0.16288627624511717], [0.0, 0.8265, 0.8746510696411133, 1.0370545806884766], [0.0, -0.16670373535156263, -0.29626843261718744, -0.4714351806640625]], "r": [2.5280109494230656, 2.4642387631385096, -2.5724724441649562, 4.840329121348496, -0.6569201655496268, 5.36717946210162, 0.5119864550407995]}, "13": {"h": [[-0.0, -0.047825080871582035, -0.23750739288330075, -0.06791715240478517], [0.0, 0.8265, 0.8709900283813476, 1.0272814483642578], [0.0, -0.16218420410156248, -0.29901159667968763, -0.4190518798828125]], "r": [2.306442546786312, 2.241284382411423, -2.9367407915799997, 5.197442990356051, -0.513243931184337, 5.271744232970527, 3.4416909428303146]}, "14": {"h": [[-0.0, -0.044471366882324226, -0.19882831573486326, 0.01207160186767578], [0.0, 0.8265, 0.8804474105834961, 1.0175076446533204], [0.0, -0.16589636230468746, -0.32528308105468723, -0.39337390136718736]], "r": [2.101339306776502, 2.387894540001292, -2.927343457643679, 5.051562325184893, -0.5920087796440229, 5.471636200573464, -4.154653362895688]}, "15": {"h": [[-0.0, -0.02903764343261718, -0.11641256713867186, 0.13182009887695312], [0.0, 0.8265, 0.8708265686035157, 0.9741199493408204], [0.0, -0.08695483398437515, -0.3198745117187501, -0.31907800292968763]], "r": [1.9415314669186332, 2.367675958995553, -3.000701009592437, 5.383004084861302, -0.7509017284150256, 5.442694872737804, 0.7482242586546601]}, "16": {"h": [[-0.0, -0.05817132568359375, 0.0021865730285644466, 0.22924263000488282], [0.0, 0.8265, 1.0070708923339844, 1.1140577392578126], [0.0, -0.1724714355468751, -0.3569626464843752, -0.4299187011718751]], "r": [1.7741028547888922, 2.303732928250482, -2.694867491202443, 5.056139172574799, -0.4062232250986315, 5.062207588005385, -0.35907175609507375]}, "17": {"h": [[-0.0, -0.03785505676269532, 0.0007505493164062446, 0.16850167846679687], [0.0, 0.8265, 1.0371016540527345, 1.175768035888672], [0.0, -0.1896022949218748, -0.39890991210937493, -0.5433669433593749]], "r": [2.0183645211947896, 2.4241291174932047, -2.722988421297385, 4.672320463433841, -0.7696461674623285, 4.967363500559139, -1.2267697906472663]}, "18": {"h": [[-0.0, -0.040308135986328125, -0.037467941284179684, 0.07576229858398437], [0.0, 0.8265, 1.0508207397460938, 1.2120851593017579], [0.0, -0.1981209716796875, -0.41136267089843753, -0.5970472412109373]], "r": [1.9797654507450857, 2.3917533952480863, -3.04442391086631, 4.303790347303811, -0.8409249241455977, 5.0471516790268565, 1.2932686485748766]}, "19": {"h": [[-0.0, -0.05528199768066406, -0.10202091217041018, -0.07252304840087892], [0.0, 0.8265, 1.0193829803466796, 1.1843316345214843], [0.0, -0.180785888671875, -0.39680261230468755, -0.6031282958984376]], "r": [1.9940672836433198, 2.426085572273985, -3.0033976273931606, 4.237041503774005, -0.46512517470296255, 5.185289106987353, 3.6438186591458384]}, "20": {"h": [[-0.0, -0.05357049179077149, -0.15068468856811523, -0.18305930709838866], [0.0, 0.8265, 1.0086657104492187, 1.1713109588623047], [0.0, -0.18014477539062473, -0.40045983886718745, -0.6077299804687499]], "r": [2.308036670692545, 2.3247162667105887, -3.021559235702814, 4.366191128268439, -0.7126974523272493, 5.069280097043855, -3.9092223758089704]}, "21": {"h": [[-0.0, -0.05231611633300781, -0.2827415008544922, -0.2587272491455078], [0.0, 0.8265, 0.8807110633850098, 1.064825668334961], [0.0, -0.1473951416015627, -0.284070556640625, -0.4675130615234376]], "r": [2.6631717079918267, 2.4605718097474716, -2.927610848692381, 4.315522047485907, -1.0029577524248328, 5.32054223657046, 3.100130475552235]},