{"count": 7, "poses_seq": {"0": {"h": [[-0.0, -0.06665523529052736, 0.11587181854248046, 0.387099983215332], [0.0, 0.8265, 0.6382070007324219, 0.5425460968017578], [0.0, -0.16403771972656261, -0.32434313964843736, -0.37550451660156253]], "r": [-1.842821232392528, 4.904963406777922, -1.2065296686282816, 1.1994884936290104, -1.249006819276524, 5.3602770918490155, -0.7506089996146829]}, "1": {"h": [[-0.0, -0.049991687774658206, 0.16841840744018555, 0.45237371444702146], [0.0, 0.8265, 0.7240657806396484, 0.7502702941894531], [0.0, -0.18354101562499997, -0.3210202636718749, -0.27289208984374996]], "r": [-2.130032219198274, 4.679158701224514, -1.5820711799525642, 1.4418851250564557, -1.3439524395886135, 5.239417925901114, -2.3780402669722407]}, "2": {"h": [[-0.0, -0.056038284301757814, 0.12020901107788086, 0.35713254928588867], [0.0, 0.8265, 0.8447371711730958, 0.9755817718505859], [0.0, -0.20909912109375012, -0.368234619140625, -0.35108569335937495]], "r": [-2.1055552318692436, 4.342517871711064, -1.839056580590525, 1.799162674817739, -1.709086326941783, 5.24877056050764, -1.2440371934334842]}, "3": {"h": [[-0.0, -0.07235624694824219, 0.06644078063964844, 0.25983162689208983], [0.0, 0.8265, 0.8816648788452148, 1.053418685913086], [0.0, -0.19812341308593756, -0.41564074707031257, -0.4715446777343751]], "r": [-1.9044388639485197, 4.234964428169172, -1.835421113142891, 1.9570782187261049, -1.949924568601943, 5.252099844197841, -0.4251758409805171]}, "4": {"h": [[-0.0, -0.07163491821289061, 0.030982650756835938, 0.17900629425048828], [0.0, 0.8265, 0.8750405616760254, 1.049237030029297], [0.0, -0.181107421875, -0.43909191894531246, -0.5666768798828123]], "r": [-1.721633367154521, 4.151121868981087, -1.4455568172640185, 2.225764935927791, -2.199447657576156, 5.363997224901357, -1.2386089685897612]}, "5": {"h": [[-0.0, -0.07734107398986817, -0.010258974075317381, 0.09742883110046387], [0.0, 0.8265, 0.8305773468017579, 0.9619007568359375], [0.0, -0.1786158447265625, -0.4791207275390626, -0.6742357177734377]], "r": [-1.747049290000123, 4.26328219266044, -1.6749575418647609, 2.3343391549998955, -2.3372699268732986, 5.461422848223131, -1.2007701516891873]}, "6": {"h": [[-0.0, -0.07206689453125001, 7.81936645507797e-05, 0.08019172668457031], [0.0, 0.8265, 0.7479169998168946, 0.760744972229004], [0.0, -0.16993994140625018, -0.47436962890625006, -0.71901025390625]], "r": [-1.683166407226346, 4.4890736064113845, -1.9209645722724853, 1.9842797854806755, -2.3017419212116366, 5.662518428561488, -0.1478656372760509]}}, "id": 6}