{"count": 49, "poses_seq": {"0": {"h": [[-0.0, -0.047248786926269534, -0.3727789077758789, -0.664418098449707], [0.0, 0.8265, 0.8034232425689698, 0.8557722911834718], [0.0, -0.1582067871093747, -0.23192309570312492, -0.2693098144531248]], "r": [2.741895377018642, 1.5463501249074025, -0.1687671017953944, 0.9184610674207767, 2.9033078508477224, 5.146423877220653, 1.0438337468184469]}, "1": {"h": [[-0.0, -0.052721244812011736, -0.33137413787841796, -0.6055806198120117], [0.0, 0.8265, 0.664601303100586, 0.5707683715820313], [0.0, -0.1458264160156249, -0.2727625732421873, -0.3599443359374999]], "r": [2.770065355190559, 1.3037975862305258, 0.20124781494167732, 0.6359428888188413, 2.9342437510128225, 5.455337987250906, 3.455232323617428]}, "2": {"h": [[-0.0, -0.05679311370849609, -0.3129333572387695, -0.5697646560668945], [0.0, 0.8265, 0.7337632293701172, 0.7358618011474609], [0.0, -0.1395588378906248, -0.31708593749999997, -0.4636131591796873]], "r": [2.746023009982049, 1.5818007961750788, 0.35623594091168903, 0.9215156349566777, 2.8288840116548446, 5.334990213184325, -0.90644882667099]}, "3": {"h": [[-0.0, -0.04571939849853515, -0.2653787918090821, -0.46622870635986324], [0.0, 0.8265, 0.8032547454833985, 0.895293212890625], [0.0, -0.15398388671875002, -0.3640847167968749, -0.5525937499999998]], "r": [2.466616306115074, 1.885377840807501, 0.29698999768616996, 1.3210880624844288, 2.8893949691232095, 5.389244291719643, -2.268109078670804]}, "4": {"h": [[-0.0, -0.04229180145263671, -0.20950484466552732, -0.34789925384521486], [0.0, 0.8265, 0.7480780258178711, 0.7901747055053712], [0.0, -0.1486683349609373, -0.40003820800781226, -0.6503131103515623]], "r": [2.31407139542284, 1.7702121639961523, 0.1100789218958288, 1.3114530461557807, 2.5154975831373823, 5.426375724208802, -0.18929750102719073]}, "5": {"h": [[-0.0, -0.045485885620117184, -0.14294418334960937, -0.22948541259765626], [0.0, 0.8265, 0.6616298370361329, 0.586795654296875], [0.0, -0.14760107421874996, -0.41260131835937514, -0.6830187988281249]], "r": [2.329747466828585, 1.5327259893542613, 0.23551782452297854, 1.0815769345683248, 2.118087301760794, 5.381563730658301, -2.394477288108283]}, "6": {"h": [[-0.0, -0.05523023986816407, -0.13985231018066407, -0.14628941345214846], [0.0, 0.8265, 0.7198962173461914, 0.7299847488403319], [0.0, -0.15340185546875001, -0.4413792724609374, -0.7235104980468747]], "r": [2.3015067744238946, 1.8279241136995632, 0.40170583426339, 1.3800658709458737, 2.036509222988191, 5.23913723784182, -2.6051960475869165]}, "7": {"h": [[-0.0, -0.06133465576171876, -0.07857896423339844, -0.044510482788085934], [0.0, 0.8265, 0.8548441753387451, 0.9408897705078125], [0.0, -0.15143115234375, -0.4518021240234374, -0.6873850097656249]], "r": [2.236417016277399, 2.209764521715747, 0.6478578285039984, 1.4992640583082129, 2.2737917926482654, 5.103805090631667, -1.3757981656404668]}, "8": {"h": [[-0.0, -0.0681365966796875, -0.01936676788330078, 0.06405252838134766], [0.0, 0.8265, 0.7343597640991211, 0.7502962799072266], [0.0, -0.16109570312500027, -0.4428942871093751, -0.6863225097656249]], "r": [2.2299934999021627, 1.9652025875972514, 0.5488487371332251, 1.3040023725689298, 1.8923157086626101, 4.978978130950443, -3.9207008211977907]}, "9": {"h": [[-0.0, -0.060813274383544925, 0.045326015472412114, 0.22433056259155273], [0.0, 0.8265, 0.7290145568847657, 0.7278870162963867], [0.0, -0.17180419921875006, -0.4204063720703127, -0.6352164306640626]], "r": [2.029458787784838, 2.1314739020151583, 0.7076221396493265, 1.4495977862415774, 1.6488612870500245, 5.012456388984583, 1.209098184056201]}, "10": {"h": [[-0.0, -0.0699234676361084, 0.057189966201782225, 0.26232840919494627], [0.0, 0.8265, 0.8206426639556885, 0.9006114807128907], [0.0, -0.17084484863281252, -0.41346081542968754, -0.5520574951171875]], "r": [2.082553550464245, 2.0907435851547604, 0.39672595118078346, 1.5665441220106517, 1.5404129654857623, 4.696670466781046, -1.59845165151428]}, "11": {"h": [[-0.0, -0.054338927268981936, 0.13298588275909426, 0.37542072772979734], [0.0, 0.8265, 0.7387664184570313, 0.7415958099365234], [0.0, -0.2038114013671875, -0.39120263671875005, -0.4887496337890625]], "r": [1.776462946138427, 2.0572632250231506, 0.5284332543816221, 1.5710935278240166, 1.4058283424201123, 4.98036096109754, 1.2755118726928247]}, "12": {"h": [[-0.0, -0.050257056236267084, 0.11778928470611572, 0.37169739627838133], [0.0, 0.8265, 0.796516263961792, 0.8692853469848634], [0.0, -0.21093884277343738, -0.37820373535156243, -0.40996777343749985]], "r": [1.8798268040462005, 2.1210861845306614, 0.3770352692121035, 1.539120375542214, 1.4051844048568058, 4.710899206409158, 2.4964295966432086]}, "13": {"h": [[-0.0, -0.07551106452941894, 0.0639820384979248, 0.2865157604217529], [0.0, 0.8265, 0.8037252082824706, 0.8853286552429199], [0.0, -0.19113488769531234, -0.41796337890624985, -0.5217388916015624]], "r": [2.050206620323334, 2.2585770614540763, 0.49472934103311544, 1.5480107826181069, 1.588474524195217, 4.83275834714254, 1.4418577319306383]}, "14": {"h": [[-0.0, -0.07238114738464356, 0.04359300422668457, 0.23234932899475097], [0.0, 0.8265, 0.7209275588989258, 0.7197265319824219], [0.0, -0.17232775878906242, -0.42431311035156233, -0.6051734619140623]], "r": [2.3144115463595107, 2.094108194143689, 0.7099165787536473, 1.3834650363168515, 1.358064324338153, 4.537636657154266, 2.1210965985455723]}, "15": {"h": [[-0.0, -0.07578493118286134, -0.015621326446533204, 0.12562389755249023], [0.0, 0.8265, 0.6828962860107423, 0.6510984954833985], [0.0, -0.15668994140624998, -0.4238321533203125, -0.6658472900390624]], "r": [2.5109793198804122, 1.8682541723125252, 0.7598490681727534, 1.2860205350371818, 1.3284098493632415, 4.379376754729484, -0.14960554214075214]}, "16": {"h": [[-0.0, -0.07595405578613282, -0.07464051818847656, 0.010744422912597654], [0.0, 0.8265, 0.8046687736511231, 0.8658880081176759], [0.0, -0.15920520019531265, -0.43109387207031263, -0.6661182861328125]], "r": [2.444417801750372, 1.866693160186681, 0.40059196731465563, 1.479857258736472, 1.611070899744826, 4.4991055126650785, 1.459684408028683]}, "17": {"h": [[-0.0, -0.06414988708496093, -0.14417210388183593, -0.12253015136718749], [0.0, 0.8265, 0.879321315765381, 0.9968899383544922], [0.0, -0.15990075683593769, -0.44396374511718767, -0.669546875]], "r": [2.6623143536406007, 2.2095523277072884, 0.5280435069352591, 1.6077201244021833, 1.824658922625337, 4.6145323938736595, 1.4116412459793417]}, "18": {"h": [[-0.0, -0.06747552490234375, -0.20100271606445314, -0.22578527832031248], [0.0, 0.8265, 0.7906399765014649, 0.8270617637634277], [0.0, -0.16055029296875017, -0.4618684082031253, -0.7166059570312502]], "r": [2.6181887838613944, 2.007844998801026, 0.6081009589847076, 1.3885063240602398, 2.0016114659887845, 4.8729331718521545, -1.4233961320232549]}, "19": {"h": [[-0.0, -0.06571762847900392, -0.22416819000244143, -0.3264253921508789], [0.0, 0.8265, 0.7173723526000977, 0.6882583465576172], [0.0, -0.16085974121093766, -0.41913623046874987, -0.6900743408203125]], "r": [2.9690077406590163, 1.9697834223443764, 0.8069731086213396, 1.2868678865888632, 1.7131731431232429, 4.563742402241993, -0.6650951841199162]}, "20": {"h": [[-0.0, -0.054675926208496095, -0.26069806671142576, -0.422991584777832], [0.0, 0.8265, 0.7646678924560547, 0.8279010314941406], [0.0, -0.15700463867187492, -0.37713745117187486, -0.6078017578124999]], "r": [2.9733289626266117, 1.904611345783332, 0.4670090052576458, 1.5376472157561132, 1.6858613628872796, 4.74441408512246, 0.6792970526131583]}, "21": {"h": [[-0.0, -0.0486624984741211, -0.3009974594116211, -0.4790309066772461], [0.0, 0.8265, 0.839018985748291, 0.9982894592285156], [0.0, -0.1539957275390627, -0.32836413574218765, -0.4945533447265625]], "r": [3.0291988901907017, 1.779164385964164, 0.15909973621240783, 1.7412205497148687, 1.4407888099891981, 4.506190332492457, -0.5928871573597767]},