{"count": 13, "poses_seq": {"0": {"h": [[-0.0, -0.0625071563720703, -0.2861505889892578, -0.5402292022705079], [0.0, 0.8265, 0.5931772155761719, 0.438075668334961], [0.0, -0.1315860595703125, -0.23866394042968736, -0.2946529541015624]], "r": [-0.9286384142498127, 5.058428572931564, -2.9487135028295706, 1.2465833729933051, -1.4151585745529147, 5.515185779833912, 0.036129727737901185]}, "1": {"h": [[-0.0, -0.04556147003173827, -0.35235634613037115, -0.6475417709350586], [0.0, 0.8265, 0.7291088180541991, 0.7123111038208008], [0.0, -0.15245458984374977, -0.24113110351562478, -0.2892041015624998]], "r": [-0.6520391675267003, 4.865196728025736, -2.6122185079372255, 1.3535951055572668, -1.8089241810180279, 5.283917773809172, 2.9061628533074795]}, "2": {"h": [[-0.0, -0.06101046752929688, -0.3263659973144531, -0.5898808288574219], [0.0, 0.8265, 0.6623689880371093, 0.561026840209961], [0.0, -0.14394702148437527, -0.28486840820312503, -0.3911059570312501]], "r": [-0.7448299086663489, 4.961620038325237, -2.4600846816867104, 1.6779712399488, -1.584874292866226, 5.540229068712786, 4.578764870301761]}, "3": {"h": [[-0.0, -0.05438780212402343, -0.30440344238281253, -0.5517911987304687], [0.0, 0.8265, 0.7664086265563965, 0.802465633392334], [0.0, -0.13910998535156233, -0.3318200683593749, -0.4893988037109374]], "r": [-0.917447036227382, 4.694005568521162, -2.555955135058894, 1.636671157221237, -1.9082339233929948, 5.285379122484943, -2.2862431844703983]}, "4": {"h": [[-0.0, -0.04483458709716796, -0.25185236358642576, -0.44228800201416013], [0.0, 0.8265, 0.8055832195281982, 0.8966183319091797], [0.0, -0.14480004882812497, -0.36384252929687483, -0.5617934570312497]], "r": [-1.2515421465962233, 4.534475917571931, -2.9366033066152295, 1.4631954673448724, -2.132111056834936, 5.138501193145438, 0.3922447722149399]}, "5": {"h": [[-0.0, -0.04259974670410156, -0.20398048400878904, -0.3358777618408203], [0.0, 0.8265, 0.7417344131469726, 0.7667306900024414], [0.0, -0.1462012939453124, -0.39771606445312485, -0.6542895507812498]], "r": [-1.5117418868489492, 4.74559231685529, -3.1139467405219396, 1.1355114866548393, -2.207195587663941, 5.071044778791778, 0.23222561682467102]}, "6": {"h": [[-0.0, -0.04556970214843749, -0.13766757202148439, -0.21932357788085938], [0.0, 0.8265, 0.6570224151611328, 0.5759199676513672], [0.0, -0.14668078613281238, -0.4147722167968751, -0.6861951904296875]], "r": [-1.5078963759292505, 5.06360588009393, -2.7486351387898607, 0.9900970122099463, -2.0525579989714626, 5.260134077254266, -2.4385227921166543]}, "7": {"h": [[-0.0, -0.05854032135009765, -0.1436964645385742, -0.14464461517333985], [0.0, 0.8265, 0.7330355148315431, 0.7524884490966797], [0.0, -0.14985974121093754, -0.4377596435546874, -0.7161011962890624]], "r": [-1.7835125351752672, 4.734050490898108, -3.013212839657761, 1.3072096977640892, -1.999163232307357, 5.13656470283208, -1.264145782656508]}, "8": {"h": [[-0.0, -0.062488456726074226, -0.0710342559814453, -0.022073928833007822], [0.0, 0.8265, 0.8611514930725098, 0.9589227447509765], [0.0, -0.14480468750000003, -0.4478206787109374, -0.6755551757812499]], "r": [-1.7858351515524205, 4.385515972697216, -2.8483721197309433, 1.5479978853257206, -2.336134965001648, 5.224908497218538, -0.4145400475321933]}, "9": {"h": [[-0.0, -0.06833462905883789, -0.013342353820800783, 0.06795966339111328], [0.0, 0.8265, 0.7024060592651367, 0.7021757583618164], [0.0, -0.16354113769531226, -0.44255554199218744, -0.6906180419921875]], "r": [-1.7724068481755282, 4.778182499957454, -2.5613106545730235, 1.169274100705893, -2.2048939362565982, 5.406033080738323, -1.4742811278081966]}, "10": {"h": [[-0.0, -0.06228486633300781, 0.04209115600585938, 0.2033182373046875], [0.0, 0.8265, 0.7063237915039062, 0.6855803985595703], [0.0, -0.1678283691406251, -0.421642578125, -0.6508110351562499]], "r": [-1.9063447139589142, 4.674100772729543, -2.661434171349328, 1.0739226153300352, -2.5590182420972893, 5.635907494931264, -1.78380418173183]}, "11": {"h": [[-0.0, -0.06226832962036133, 0.05753505325317383, 0.26348015213012693], [0.0, 0.8265, 0.783520980834961, 0.8411031837463379], [0.0, -0.1725972900390627, -0.41978063964843765, -0.5915312500000001]], "r": [-1.8614901650926519, 4.399274105845752, -2.286243691107048, 1.280908609862552, -2.714522043975624, 5.5781011860105005, -2.1479780825572594]}, "12": {"h": [[-0.0, -0.06746052551269531, 0.07148486328124999, 0.2783562850952149], [0.0, 0.8265, 0.8623754920959472, 0.9842732543945313], [0.0, -0.18364050292968753, -0.4068616943359376, -0.505158447265625]], "r": [-1.7936587323415794, 4.125990298702099, -2.1710653792652046, 1.351584605292107, -2.9531918116410187, 5.44404561810928, -4.353010058922536]}}, "id": 5}