{"count": 11, "poses_seq": {"0": {"h": [[-0.0, -0.04820869541168213, 0.15950480937957764, 0.4183852872848511], [0.0, 0.8265, 0.8446275482177734, 0.8289706954956055], [0.0, -0.18825756835937507, -0.31292651367187513, -0.19764758300781265]], "r": [1.2007168887545794, 2.354806802507986, 0.5171170391748485, 2.017805534139267, -1.999036164910391, 0.8597397384133576, -0.15060634484458793]}, "1": {"h": [[-0.0, 0.025343300342559816, 0.14098129510879517, 0.3864072594642639], [0.0, 0.8265, 0.8732615051269532, 0.909749282836914], [0.0, -0.20745959472656256, -0.34276745605468745, -0.29226037597656257]], "r": [1.3476071031262178, 2.575676410495919, 0.6345234115235299, 2.369233688925513, -1.7094279709355098, 0.9461626690242906, -0.31184211854602334]}, "2": {"h": [[-0.0, -0.049033007621765136, 0.06812193775177001, 0.28975179767608644], [0.0, 0.8265, 0.9457339630126954, 1.068331039428711], [0.0, -0.18745532226562506, -0.36541748046875006, -0.3823898925781251]], "r": [1.6581990558862065, 2.686005886763094, 0.4688861849001142, 2.3715086682023028, -1.3899225912342235, 1.0528233071478705, 0.5462560479424751]}, "3": {"h": [[-0.0, -0.08305392646789551, -0.006224222183227537, 0.1625853099822998], [0.0, 0.8265, 0.9913068389892579, 1.1744845123291017], [0.0, -0.1580419921875001, -0.36650085449218756, -0.4364638671874999]], "r": [1.8747268839230524, 2.8350890641688236, 0.5485792474195887, 2.6200056644454524, -1.2771802580956992, 1.1194128222132613, -0.40055923539301563]}, "4": {"h": [[-0.0, -0.07466394042968749, -0.07413755798339844, 0.013013847351074217], [0.0, 0.8265, 1.0289699249267579, 1.252787338256836], [0.0, -0.16128820800781268, -0.3599571533203126, -0.4552635498046876]], "r": [2.174223070203376, 2.904804026103735, 0.6183483682863907, 2.6454086986249155, -1.1615072674467966, 1.2493787415446747, -1.8821132722700757]}, "5": {"h": [[-0.0, -0.08124386978149414, -0.10821255874633788, -0.05956402969360351], [0.0, 0.8265, 1.0365672149658205, 1.2706042938232422], [0.0, -0.15891369628906232, -0.35846313476562514, -0.46184057617187496]], "r": [2.1889713157468575, 2.842673971992692, 0.6637972682547731, 2.4395313187180743, -0.8797021615731496, 1.2096968094842575, -4.122156038113505]}, "6": {"h": [[-0.0, -0.08369390106201172, -0.17208548736572266, -0.17894133758544922], [0.0, 0.8265, 1.0345031585693358, 1.2740670166015624], [0.0, -0.15219824218749994, -0.34557397460937517, -0.4542957763671876]], "r": [2.3135176772165194, 2.8202015795295754, 0.6448659594733357, 2.5083062587104887, -0.7835153620977566, 1.2006246403743637, 3.033435114415916]}, "7": {"h": [[-0.0, -0.08654805755615233, -0.20469344329833986, -0.25827257537841797], [0.0, 0.8265, 1.0253119201660157, 1.2628942108154297], [0.0, -0.14569738769531254, -0.3351966552734374, -0.44253161621093745]], "r": [2.494817815011418, 2.729340682595931, 0.8536932774935025, 2.1651577585367545, -0.6416908128355634, 1.1766103563023103, 1.0992860997667109]}, "8": {"h": [[-0.0, -0.08922147369384764, -0.2585722122192383, -0.3782213821411133], [0.0, 0.8265, 0.9963084106445312, 1.2206217498779297], [0.0, -0.140610595703125, -0.31691125488281263, -0.42043603515625]], "r": [2.4477506811576273, 2.69981960321515, 0.6592093266948094, 2.5081683048706, -0.5340259017806651, 1.1073717373000291, -0.2891968005688974]}, "9": {"h": [[-0.0, -0.07905158996582032, -0.3079990234375, -0.5211028442382812], [0.0, 0.8265, 0.9339819183349609, 1.1067698669433594], [0.0, -0.13144494628906261, -0.2931842041015625, -0.3916846923828124]], "r": [2.49939068678326, 2.5864335806255814, 0.7386504745479495, 2.617943502226515, -0.4495056419371691, 0.9802010157648463, -0.6616970175183436]}, "10": {"h": [[-0.0, -0.07259202575683595, -0.35369961547851564, -0.6353426208496094], [0.0, 0.8265, 0.815436845779419, 0.8653454341888428], [0.0, -0.13437341308593737, -0.2735808105468747, -0.3495013427734373]], "r": [2.647226424399492, 2.2622565287523244, 0.40152841468683614, 2.5251469701778535, -0.2734750132339671, 0.6397149955290802, -2.8798606393112203]}}, "id": 6}