{"count": 17, "poses_seq": {"0": {"h": [[-0.0, -0.05798392486572265, -0.186679328918457, -0.3593295669555664], [0.0, 0.8265, 0.6338999328613282, 0.6121357879638671], [0.0, -0.1409271240234376, -0.35741198730468754, -0.5925876464843749]], "r": [4.346118810738194, 4.311132362574639, -2.333911967574028, 4.955183729047689, 4.634900711461928, 4.894745524333073, 1.954171902068693]}, "1": {"h": [[-0.0, -0.054821342468261716, -0.13469246673583984, -0.2350438461303711], [0.0, 0.8265, 0.5871304473876954, 0.4722664489746094], [0.0, -0.14014099121093776, -0.3499107666015627, -0.6035115966796876]], "r": [-2.1715025183065526, 4.442226088147869, -2.494542799494178, 5.201619422541869, -1.6943669689641738, 4.813998591159522, 1.2320021413729283]}, "2": {"h": [[-0.0, -0.0537068634033203, -0.08919720458984375, -0.11569551086425782], [0.0, 0.8265, 0.5760325775146484, 0.4356080780029297], [0.0, -0.13994799804687502, -0.3498171386718752, -0.6063972167968752]], "r": [-2.2993303737743362, 4.608034578146652, -2.402747386434716, 4.8661792142167135, -2.059292917290209, 4.950520221220774, 4.211284526798442]}, "3": {"h": [[-0.0, -0.05512455749511719, -0.06287120056152343, -0.01671742248535156], [0.0, 0.8265, 0.5786417083740234, 0.43050758361816405], [0.0, -0.1400982666015625, -0.3509805908203126, -0.6004245605468752]], "r": [-2.3970381693466885, 4.317741566975661, -2.614845457947715, 4.777844499571671, -2.1761107947998717, 4.985757603453545, -2.0850954764011926]}, "4": {"h": [[-0.0, -0.05332629394531249, 0.022941711425781247, 0.24283647155761717], [0.0, 0.8265, 0.6014818420410156, 0.4900317077636719], [0.0, -0.134075439453125, -0.359253662109375, -0.5179414062499998]], "r": [-2.620774845683464, 3.942606650624657, -2.8514259962992496, 4.518479478925924, -2.4710617327326236, 5.132224815325427, -3.7062154343818077]}, "5": {"h": [[-0.0, -0.0606477279663086, 0.040492851257324214, 0.3145386581420898], [0.0, 0.8265, 0.6544258117675782, 0.6003383178710938], [0.0, -0.138732666015625, -0.35441210937499995, -0.422264892578125]], "r": [-2.881352116482299, 4.1968475436421535, -2.5067418789124907, 4.5730662240806454, -2.1905122400530788, 5.437236742347301, 3.258882064038815]}, "6": {"h": [[-0.0, -0.056470726013183606, 0.06614694213867187, 0.3517295303344727], [0.0, 0.8265, 0.7201146697998047, 0.7355247268676759], [0.0, -0.15247766113281253, -0.36052978515624995, -0.36174853515625]], "r": [-3.0386207359743636, 4.094094209189563, -2.3559521081031622, 4.572592228911504, -1.9300355244320084, 5.479676784044182, -2.8676064441039824]}, "7": {"h": [[-0.0, -0.07490374374389648, 0.04975271224975586, 0.28484564590454103], [0.0, 0.8265, 0.8465128040313721, 0.9608004150390625], [0.0, -0.15690625000000008, -0.358304443359375, -0.3278725585937499]], "r": [-3.099259804729155, 3.8862085958047663, -2.0738848306859796, 4.325854492131789, -1.6029985226311552, 5.366563464632315, -3.4486425786882715]}, "8": {"h": [[-0.0, -0.06749717712402342, -0.04643376159667968, 0.11318597412109375], [0.0, 0.8265, 0.9221551208496094, 1.1267497253417968], [0.0, -0.13567395019531264, -0.3717690429687502, -0.394165771484375]], "r": [-2.9881875170985635, 3.6582429819485, -2.0103315429458073, 4.081904212849338, -1.587013933135181, 5.086623679755953, 1.1228731768265916]}, "9": {"h": [[-0.0, -0.059151809692382804, -0.12932887268066406, -0.049534484863281256], [0.0, 0.8265, 0.9176293869018555, 1.1667278747558594], [0.0, -0.1336988525390626, -0.3727740478515625, -0.4173952636718748]], "r": [-3.0837601934810683, 3.4765699425855177, -1.8188947798687651, 4.101657033004462, -1.7356840734734023, 4.88967441396103, 0.19292374921630426]}, "10": {"h": [[-0.0, -0.05761170196533204, -0.16343245697021486, -0.1446443405151367], [0.0, 0.8265, 0.903411979675293, 1.1624955139160158], [0.0, -0.13337585449218753, -0.3744232177734373, -0.4330213623046873]], "r": [-2.943678729847435, 3.383107957848269, -1.830592160438011, 3.9144025027184255, -1.9984776427704667, 4.863935024746394, 1.9872027672469157]}, "11": {"h": [[-0.0, -0.05722232818603515, -0.18721068572998045, -0.21288634490966796], [0.0, 0.8265, 0.901332145690918, 1.1547373657226563], [0.0, -0.1331196289062498, -0.3744936523437499, -0.4420375976562499]], "r": [-2.8783502998205592, 3.494848094279895, -1.4907668911121392, 4.048869649965714, -2.2219956361322155, 4.633262109519786, 4.04250492840884]}, "12": {"h": [[-0.0, -0.05745803070068359, -0.21571744537353515, -0.28428849029541015], [0.0, 0.8265, 0.8784480247497559, 1.1214314727783203], [0.0, -0.13184851074218767, -0.37197326660156277, -0.4593348388671877]], "r": [-3.0223641411658178, 3.414331118372857, -1.3315654794899296, 4.16687744161781, -2.3039956186175155, 4.5005447870721165, -2.096247452672686]}, "13": {"h": [[-0.0, -0.05729266357421876, -0.25549801635742186, -0.41310632324218743], [0.0, 0.8265, 0.8160592260360717, 1.002413360595703], [0.0, -0.1278764648437501, -0.3716818847656252, -0.49617749023437524]], "r": [-3.1400479103617265, 3.029155033674942, -1.477011079446033, 4.089840755001817, -2.3297071059222323, 4.696795707297968, -0.1411029977789492]}, "14": {"h": [[-0.0, -0.04885169219970702, -0.23034017181396482, -0.45734435272216795], [0.0, 0.8265, 0.6919134826660156, 0.7057514953613282], [0.0, -0.130927734375, -0.35969873046875006, -0.54484033203125]], "r": [-3.1119054624428517, 2.7587851424893963, -1.4724612711390765, 4.430870404955071, -2.522925425820711, 4.56664654352258, -1.682077434588577]}, "15": {"h": [[-0.0, -0.052571640014648424, -0.16395046997070314, -0.32567993164062503], [0.0, 0.8265, 0.623377700805664, 0.5278115997314453], [0.0, -0.1331625976562501, -0.3593101806640627, -0.58625244140625]], "r": [-3.0606946888014614, 2.6501959108166644, -1.5160745035239203, 4.798822373158141, -2.7277452340027573, 4.212474490193395, -1.022424192922528]}, "16": {"h": [[-0.0, -0.04458708190917969, -0.11337222290039063, -0.20623837280273438], [0.0, 0.8265, 0.6022813873291015, 0.4695661773681641], [0.0, -0.13193688964843747, -0.3645274658203124, -0.6139857177734374]], "r": [-3.1326081288330685, 2.499168377167009, -1.6862125507648975, 4.984874016954566, -2.5463961406485196, 4.091378004204808, -0.2235054488438069]}}, "id": 2}