{"count": 18, "poses_seq": {"0": {"h": [[-0.0, -0.06486427307128906, 0.10028962707519531, 0.3857030792236328], [0.0, 0.8265, 0.7154460830688476, 0.7416385879516602], [0.0, -0.18586547851562513, -0.36106542968750005, -0.3233575439453125]], "r": [2.2636769332814777, 4.4898944294615255, -1.0873379489685315, 5.640596648794346, -0.29420534935354836, 3.664422756740088, -1.634297239987849]}, "1": {"h": [[-0.0, -0.07569077301025391, 0.047846351623535156, 0.26603443908691404], [0.0, 0.8265, 0.7775362548828125, 0.9575195922851563], [0.0, -0.169471435546875, -0.3805582275390625, -0.3742989501953125]], "r": [2.2816898669498986, 4.096464387150102, -0.8828570562122058, 5.420215180126921, -0.5371139088557301, 3.7763286580658733, -4.014327290365209]}, "2": {"h": [[-0.0, -0.08105342864990234, 0.0031309661865234414, 0.17664292144775393], [0.0, 0.8265, 0.7833865890502929, 0.9780836639404297], [0.0, -0.16850915527343774, -0.40089685058593766, -0.48193078613281265]], "r": [2.4351140734630077, 3.8256177087439553, -1.027605900529795, 5.324530521167287, -0.7075171670733043, 3.972023695936259, 4.998674849141538]}, "3": {"h": [[-0.0, -0.07972247695922852, -0.02551511001586914, 0.11114396286010741], [0.0, 0.8265, 0.7656559524536133, 0.9469453048706056], [0.0, -0.1687930908203124, -0.41998071289062505, -0.5525994873046873]], "r": [2.121658407602342, 3.5762369423790092, -0.7002793735005846, 5.323070743236359, -0.3782205756662529, 3.826661333469611, -4.399546351250838]}, "4": {"h": [[-0.0, -0.0698318328857422, -0.08596661376953126, 0.024929267883300778], [0.0, 0.8265, 0.6571858215332032, 0.7692744369506836], [0.0, -0.14760571289062502, -0.38935461425781265, -0.5886416015625]], "r": [2.4139871465848812, 3.516764670747994, -0.8195787718743011, 5.550517215427061, -0.11363003626854251, 3.894188602208091, 0.7039899910559737]}, "5": {"h": [[-0.0, -0.05772838592529296, -0.06697095489501952, 0.09538431549072267], [0.0, 0.8265, 0.5728025207519531, 0.583940185546875], [0.0, -0.13781518554687483, -0.3052735595703125, -0.5040247802734374]], "r": [2.269898442852764, 3.6839280561386833, -0.8160741195709897, 5.709364862127346, 0.07510998299787243, 3.536608954798373, -0.7472980155165232]}, "6": {"h": [[-0.0, -0.07167710113525391, -0.11381671905517579, -0.019517448425292974], [0.0, 0.8265, 0.6440359802246094, 0.8215545501708985], [0.0, -0.15042980957031277, -0.3450952148437501, -0.5027259521484375]], "r": [2.309310599606932, 3.713658892120457, -0.5569596402991654, 5.544726103078223, -0.034539071336972815, 3.7258471582073334, -2.4328070147327643]}, "7": {"h": [[-0.0, -0.06934720611572265, -0.15345694732666015, -0.12868994903564454], [0.0, 0.8265, 0.6287207794189453, 0.7901299285888672], [0.0, -0.13957434082031234, -0.33401782226562476, -0.5279188232421872]], "r": [2.3964779626148647, 3.5939754691739143, -0.5232285571995319, 5.543767592096838, -0.08056902512973421, 3.7331314844180548, -4.523685346611537]}, "8": {"h": [[-0.0, -0.05132641601562499, -0.0927522277832031, -0.037677062988281246], [0.0, 0.8265, 0.559388931274414, 0.5420108489990234], [0.0, -0.14234619140624966, -0.30641845703124987, -0.5620894775390624]], "r": [2.1033230884971803, 3.312379983259397, -0.3662124348620917, 5.738293934802137, 0.26505874175000116, 3.790966191595633, 1.966911578067248]}, "9": {"h": [[-0.0, -0.055713363647460934, -0.05978352355957031, 0.07505854797363282], [0.0, 0.8265, 0.5690993957519531, 0.5263076477050781], [0.0, -0.14741735839843734, -0.33861608886718747, -0.5691710205078124]], "r": [1.7811115531275208, 3.3462988463542103, -0.3079508129069183, 5.61986312624232, 0.2740637514592167, 3.424408079497467, -1.113117010531329]}, "10": {"h": [[-0.0, -0.0617080955505371, 5.044555664062561e-05, 0.08185466766357422], [0.0, 0.8265, 0.7007332763671875, 0.6789355773925781], [0.0, -0.18478552246093743, -0.47396887207031263, -0.7331693115234375]], "r": [1.907509868253002, 3.138265361801199, -0.34470010557130765, 5.385292666767018, 0.42743261576830943, 3.7457836505960023, -0.16514268195961995]}, "11": {"h": [[-0.0, -0.06367665100097657, -0.14125522613525393, -0.11909824371337892], [0.0, 0.8265, 0.6990445709228515, 0.690661392211914], [0.0, -0.18109790039062484, -0.49725683593749986, -0.7534073486328123]], "r": [1.9716543470416261, 3.009410162089669, -0.01672268232308616, 5.37338455010939, 0.6519415307063743, 4.077880066271157, -1.3926342847021402]}, "12": {"h": [[-0.0, -0.05710278320312501, -0.1813988037109375, -0.08273329162597656], [0.0, 0.8265, 0.6159501342773437, 0.6159187469482421], [0.0, -0.16680664062499978, -0.31859582519531254, -0.5534990234374999]], "r": [2.1895609777117633, 3.3607883720198126, -0.22631085931922354, 5.666481401703092, 0.6010398360648971, 3.8771248251277695, -4.215994209013002]}, "13": {"h": [[-0.0, -0.05005042266845702, -0.12583211517333984, 0.059662635803222654], [0.0, 0.8265, 0.6238249969482422, 0.6151900939941406], [0.0, -0.16500024414062492, -0.3457181396484373, -0.5214411621093749]], "r": [2.196651829973728, 3.6196754912072024, -0.591139529096266, 5.622636657104906, 0.4633951383396989, 3.486769049324351, 4.809751044506599]}, "14": {"h": [[-0.0, -0.05293367004394532, -0.014920822143554682, 0.20995214843749999], [0.0, 0.8265, 0.6452457122802735, 0.670123779296875], [0.0, -0.17431689453124993, -0.40622619628906237, -0.5333070068359373]], "r": [2.412375296376874, 3.8256496754813663, -0.9501314464116, 5.5595249820558985, 0.3893901186755157, 3.5633116875428263, -0.7935098670145289]}, "15": {"h": [[-0.0, -0.05040393066406249, 0.029444763183593754, 0.21621984863281252], [0.0, 0.8265, 0.7156227569580078, 0.7288114471435547], [0.0, -0.19278063964843756, -0.47223974609375, -0.6601541748046875]], "r": [2.743714840409569, 3.86500359795845, -1.2304149465172336, 5.242476853070473, 0.025847937820678096, 3.250365924076066, 2.3215234053675635]}, "16": {"h": [[-0.0, -0.05273179626464844, 0.020261352539062503, 0.14944688415527344], [0.0, 0.8265, 0.7505586776733398, 0.7665352897644043], [0.0, -0.19635546875000004, -0.5016910400390624, -0.7305444335937499]], "r": [2.860002235072515, 3.550308621670284, -1.3334132241945496, 5.272611566063026, -0.010910593366921975, 3.581148038996771, -0.004529563601624098]}, "17": {"h": [[-0.0, -0.05529391479492188, -0.07012600708007813, -0.047148162841796876], [0.0, 0.8265, 0.7711854019165039, 0.7768471221923828], [0.0, -0.19804382324218756, -0.5405510253906249, -0.7977585449218749]], "r": [3.0755582880678305, 3.3390759508529237, -1.3828892686252907, 5.06140191930765, -0.01846457344167889, 3.2145986408543132, -2.079337343773503]}}, "id": 3}