{"count": 13, "poses_seq": {"0": {"h": [[-0.0, -0.04400997161865236, -0.17871854400634768, -0.30214652252197266], [0.0, 0.8265, 0.8353143749237061, 0.8964991683959961], [0.0, -0.15472338867187513, -0.43890490722656256, -0.6791922607421874]], "r": [0.028001032920153466, 3.8562099752735928, -2.1238743702900025, 1.1878966360625884, 2.1967771281916906, 4.285528519010189, -0.41087153985553093]}, "1": {"h": [[-0.0, -0.0505493621826172, -0.2150831604003906, -0.2413984375], [0.0, 0.8265, 0.7809707412719726, 0.8655740356445313], [0.0, -0.1559809570312501, -0.4158486328125, -0.6568835449218751]], "r": [0.05597475765609673, 3.766804423615848, -1.9832487077867387, 0.9871481428062633, 2.5777193201438338, 4.2979084063917155, -1.298656678648201]}, "2": {"h": [[-0.0, -0.052774528503417975, -0.26950925445556645, -0.4696246719360352], [0.0, 0.8265, 0.7739019355773926, 0.8033386230468751], [0.0, -0.17229443359375002, -0.39255212402343737, -0.6066005859374997]], "r": [0.017802218460772352, 3.9802212671442283, -1.949333038665706, 1.0336885156886897, 2.423109506034533, 4.6365132732590695, -4.413736783299176]}, "3": {"h": [[-0.0, -0.055706779479980484, -0.20609331512451173, -0.3372763595581055], [0.0, 0.8265, 0.7539995727539063, 0.7708101654052735], [0.0, -0.15910949707031224, -0.41768542480468734, -0.6743197021484373]], "r": [-0.22477402485084993, 4.258972209842622, -1.992249542009221, 0.8991520545834911, 2.7549663999654674, 4.6988423569953905, -0.37508389294918254]}, "4": {"h": [[-0.0, -0.06243167877197267, -0.18057447052001951, -0.2124624710083008], [0.0, 0.8265, 0.7255993881225586, 0.7290313720703125], [0.0, -0.14723681640624992, -0.43823144531249986, -0.7180874023437498]], "r": [-0.521168483361274, 4.438298943907895, -2.3488470659609324, 0.9674966039391016, 2.385118094259459, 4.875538093879908, -2.8769707844407058]}, "5": {"h": [[-0.0, -0.0720642547607422, -0.10454606628417969, -0.06464047241210936], [0.0, 0.8265, 0.7574000473022461, 0.7723742218017577], [0.0, -0.15870715332031243, -0.4351461181640626, -0.6916284179687502]], "r": [-0.5764966999518407, 4.402349729266141, -2.320971173071257, 0.9160723785399376, 2.5111545117526566, 4.6238797517983095, -4.9179456203210545]}, "6": {"h": [[-0.0, -0.07689253997802735, -0.0029434051513671927, 0.11620932006835938], [0.0, 0.8265, 0.7377203750610352, 0.7428022613525391], [0.0, -0.15727868652343752, -0.4386146240234375, -0.6656159667968748]], "r": [-0.5426058289454334, 4.0269130087685, -2.111943882984957, 0.8639091883480992, 2.3893726540309035, 4.3713108806107925, -0.6424228399471164]}, "7": {"h": [[-0.0, -0.07744847106933594, 0.016921966552734376, 0.1886923828125], [0.0, 0.8265, 0.7647124023437499, 0.812678970336914], [0.0, -0.17829504394531243, -0.4252789306640626, -0.6090313720703127]], "r": [-0.7192315805826626, 4.104527879940969, -2.3930404181119465, 1.031697231700435, 2.1022978831872843, 4.458534812855867, 0.13907117355189663]}, "8": {"h": [[-0.0, -0.08203300857543946, -0.013080608367919917, 0.10150005722045899], [0.0, 0.8265, 0.7161225814819336, 0.7117411346435547], [0.0, -0.15849523925781234, -0.44323181152343755, -0.6734306640624999]], "r": [-0.6326094764290959, 4.403795468164489, -2.3357705480923068, 0.8932280133401089, 2.2107840305059856, 4.375025683364241, 2.20252045744747]}, "9": {"h": [[-0.0, -0.07937137603759765, -0.09075977325439454, -0.047915451049804686], [0.0, 0.8265, 0.7342609939575195, 0.7491693344116211], [0.0, -0.15308374023437504, -0.43351208496093757, -0.6880963134765625]], "r": [-0.6609153046882271, 4.512980429826873, -2.4704626848245663, 0.9190353889637649, 2.3769012802574827, 4.679422450403147, 1.4347115584268268]}, "10": {"h": [[-0.0, -0.07302236938476561, -0.18096792602539064, -0.20233062744140626], [0.0, 0.8265, 0.7632001571655274, 0.7887649612426757], [0.0, -0.14650073242187484, -0.4512386474609374, -0.70760009765625]], "r": [-0.6727797300657031, 4.416991643957019, -2.6557948445079544, 1.2725685090386465, 2.1380133685953977, 5.022855737205999, 1.7271055106743463]}, "11": {"h": [[-0.0, -0.07067462921142577, -0.20284870147705075, -0.33114722442626954], [0.0, 0.8265, 0.7235533905029297, 0.671977264404297], [0.0, -0.15238269042968772, -0.4267059326171874, -0.6740223388671875]], "r": [-0.5578951347259177, 4.4478473873011, -2.5224970064495684, 1.2533470028042444, 2.112637382125879, 5.228182244544355, 1.7467292525905362]}, "12": {"h": [[-0.0, -0.05829473876953126, -0.2381064910888672, -0.44290733337402344], [0.0, 0.8265, 0.721156623840332, 0.6791063842773437], [0.0, -0.14588330078124995, -0.3787532958984375, -0.5840162353515623]], "r": [-0.3282099070959627, 4.558841328416294, -2.7916151681542454, 1.4313368934297679, 1.8039777880577264, 5.127122365735932, 1.6995844860225207]}}, "id": 12}