{"count": 23, "poses_seq": {"0": {"h": [[-0.0, -0.039619071960449226, -0.10280939483642579, 0.15888512420654297], [0.0, 0.8265, 0.7083351135253906, 0.7901891326904298], [0.0, -0.14993041992187478, -0.35093212890625, -0.4747633056640624]], "r": [-1.324614432267252, 2.5472449782279587, -0.2790792187942727, 1.0428952926576143, -0.7303262748371103, 3.5053549290056614, -1.5602209828888227]}, "1": {"h": [[-0.0, -0.051097335815429676, -0.1090726318359375, 0.06717216491699218], [0.0, 0.8265, 0.7747649955749512, 1.0181164245605467], [0.0, -0.13056506347656233, -0.33128894042968754, -0.4487165527343751]], "r": [-1.1552655936925906, 2.5335179051151444, -0.17303347188848034, 1.439135537527075, -0.5525852246693281, 3.7468721559175444, 1.0298361358940622]}, "2": {"h": [[-0.0, -0.052314422607421876, -0.11610113525390624, 0.037436584472656256], [0.0, 0.8265, 0.794967529296875, 0.9930725250244141], [0.0, -0.13920983886718746, -0.3335416259765625, -0.3722265624999999]], "r": [-0.9868361029048462, 2.530995887089479, -0.026248609097586098, 1.5852383260090057, -0.8006825141962362, 4.130226809049048, 0.42666221392128667]}, "3": {"h": [[-0.0, -0.057698883056640615, -0.12111805725097655, 0.0029751052856445415], [0.0, 0.8265, 0.7810421295166016, 1.0341566467285157], [0.0, -0.13011340332031246, -0.3407934570312499, -0.4601376953124999]], "r": [-0.7618727484812449, 2.7354345056679517, -0.29931035133477535, 1.9480465750080331, -0.42954877268627417, 4.408624499187044, -1.831964274325539]}, "4": {"h": [[-0.0, -0.05419660949707031, -0.15415692138671877, -0.08393112182617188], [0.0, 0.8265, 0.744841682434082, 1.0204266815185548], [0.0, -0.12085070800781234, -0.30328149414062505, -0.45161535644531253]], "r": [-0.9468605341261861, 2.7889596463992, -0.14766251871347605, 1.9381219228679314, -0.259681665528537, 4.413663345072336, -3.992512910800817]}, "5": {"h": [[-0.0, -0.054413558959960945, -0.1682583923339844, -0.1567242431640625], [0.0, 0.8265, 0.7427834777832031, 1.028716339111328], [0.0, -0.12551892089843736, -0.30658947753906257, -0.45857287597656243]], "r": [-0.6026686150237907, 2.749266067446226, -0.27467031733575764, 1.8700344992419646, -0.2996095255579499, 4.294972113696184, 3.7410645307901103]}, "6": {"h": [[-0.0, -0.04842124938964844, -0.18332116699218748, -0.22800546264648436], [0.0, 0.8265, 0.7532023620605468, 1.0200868835449217], [0.0, -0.12312609863281249, -0.29782104492187483, -0.4546273193359374]], "r": [-0.8546407360183861, 2.7265911450728364, -0.10263301893857063, 1.670734558539114, -0.1516034177546711, 3.949258430464857, -4.8174520607728475]}, "7": {"h": [[-0.0, -0.03868099975585937, -0.20975965881347655, -0.3256255340576172], [0.0, 0.8265, 0.7533949203491211, 0.9827728576660156], [0.0, -0.13691503906249985, -0.28853820800781255, -0.45504321289062505]], "r": [-0.8191202640020405, 2.927834629712988, -0.11270933581467546, 1.922657783256402, 0.04566300777011617, 4.280612039465294, -1.1892294759258257]}, "8": {"h": [[-0.0, -0.034941635131835944, -0.20828631591796876, -0.3924222412109375], [0.0, 0.8265, 0.6826175537109376, 0.7230575256347657], [0.0, -0.15924218750000013, -0.2546922607421876, -0.4842135009765625]], "r": [-0.620641109199883, 3.233469419014993, -0.14813435728542437, 1.8896282325209843, -0.18272330576261572, 4.546492545332649, 1.5081814879900393]}, "9": {"h": [[-0.0, -0.03504978179931641, -0.1648423843383789, -0.2905161514282227], [0.0, 0.8265, 0.6400665893554688, 0.5596402740478515], [0.0, -0.15063085937499993, -0.23263635253906273, -0.5124144287109376]], "r": [-0.5547290843412634, 3.2964571184881817, -0.31707885495887705, 1.5907174687929704, -0.2880576813020623, 4.438504101813611, -1.4153292772181354]}, "10": {"h": [[-0.0, -0.04590095520019531, -0.11210794067382814, -0.12315789794921876], [0.0, 0.8265, 0.5695907287597657, 0.4336634521484375], [0.0, -0.13355847167968743, -0.33716967773437495, -0.6011977539062499]], "r": [-0.511563242638991, 3.399964403484236, -0.5385662476199384, 1.1997972561342434, -0.6453672948347922, 4.051636896450478, 0.5662878645339326]}, "11": {"h": [[-0.0, -0.047429771423339845, -0.09804363250732423, -0.08338858795166015], [0.0, 0.8265, 0.5706519165039062, 0.4304510955810547], [0.0, -0.12994177246093735, -0.3351820068359373, -0.5949147949218747]], "r": [-0.7917628997346278, 3.4019910094585857, -0.3927865940059246, 1.3120239628423298, -0.42922713158514325, 4.173654487987797, 1.6531424757886872]}, "12": {"h": [[-0.0, -0.05388728332519531, -0.04649278259277344, 0.09602050781249999], [0.0, 0.8265, 0.5882384948730468, 0.4615686187744141], [0.0, -0.13073168945312502, -0.34664306640625014, -0.5687629394531253]], "r": [-0.983964950714628, 3.4881812833115373, -0.38552521105530174, 1.3831447145645965, -0.5942810806893286, 4.432056313843804, 1.124389006474571]}, "13": {"h": [[-0.0, -0.05074792480468751, -0.012624565124511725, 0.19133206939697267], [0.0, 0.8265, 0.5996139678955078, 0.50237548828125], [0.0, -0.12009997558593782, -0.3439005126953126, -0.530854248046875]], "r": [-0.9814873651103021, 3.562815976604294, -0.7239531714176267, 1.521444717552203, -0.39513033705185585, 4.551754784973988, 3.4329496094972827]}, "14": {"h": [[-0.0, -0.05122216033935548, 0.03148630523681641, 0.29722675323486325], [0.0, 0.8265, 0.6491684875488282, 0.6208246459960938], [0.0, -0.12725292968750007, -0.3575626220703126, -0.46898754882812504]], "r": [-1.032903303443372, 3.618781428194857, -0.9453873197157108, 1.6921725988396545, -0.47592017841067413, 4.749586904293346, -2.1328397063437423]}, "15": {"h": [[-0.0, -0.06280448913574219, 0.055669517517089845, 0.3160236892700195], [0.0, 0.8265, 0.7666061096191407, 0.8518801193237304], [0.0, -0.1549619140625001, -0.3877055664062499, -0.45312158203125]], "r": [-0.8294499999447942, 3.2910014017601186, -1.0691466639735894, 2.0185088900371477, -0.5613577718878856, 4.808793284820978, -1.4773344532968784]}, "16": {"h": [[-0.0, -0.07017639541625977, 0.002582111358642579, 0.1898144645690918], [0.0, 0.8265, 0.8547427024841309, 1.0310897369384766], [0.0, -0.1469309082031252, -0.39813769531250004, -0.4868369140625]], "r": [-0.6906846278672487, 3.336672416491785, -0.9161353951993167, 2.3993435446462765, -0.8124323351443662, 4.948724749519442, 0.1965693994184087]}, "17": {"h": [[-0.0, 0.004468772888183592, -0.028039787292480467, 0.0899641571044922], [0.0, 0.8265, 0.9136094131469727, 1.1190030975341796], [0.0, -0.1356574707031249, -0.4043439941406251, -0.5151286621093749]], "r": [-0.5670487921399117, 3.5542893671180673, -1.051832449965214, 2.451437429019272, -1.078117340794241, 4.899811513662791, 0.9732832555304921]}, "18": {"h": [[-0.0, -0.048643585205078124, -0.10461355590820313, -0.03452366638183593], [0.0, 0.8265, 0.9064355239868164, 1.1267010040283203], [0.0, -0.13899926757812514, -0.40508862304687493, -0.5272587890625]], "r": [-0.5183145610838944, 3.563852549569525, -0.7445360533299157, 2.579357183926566, -1.241258020813059, 5.007247911301312, 4.053337116921166]}, "19": {"h": [[-0.0, -0.06138204193115235, -0.15771448516845704, -0.13594501495361327], [0.0, 0.8265, 0.8896868133544922, 1.1141337280273438], [0.0, -0.1342304687499996, -0.4009211425781248, -0.5285590820312498]], "r": [-0.38168077588195237, 3.4699419577927686, -0.4863078254431284, 2.53251164574926, -1.286382807654217, 5.011649257877698, -4.5976449308504845]}, "20": {"h": [[-0.0, -0.05805496215820313, -0.18180804443359375, -0.20746856689453122], [0.0, 0.8265, 0.8709208068847656, 1.094521469116211], [0.0, -0.13205639648437534, -0.39804882812500014, -0.5311142578125001]], "r": [-0.4098882510855618, 3.6122131193260825, -0.3915455911903117, 2.45026261511586, -1.565473985224859, 5.107214775117808, 3.30427336519083]}, "21": {"h": [[-0.0, -0.05635810852050782, -0.21401971435546877, -0.30845596313476564], [0.0, 0.8265, 0.8412487640380859, 1.0414689331054687], [0.0, -0.13093371582031238, -0.3900469970703125, -0.5512318115234374]],