{"count": 6, "poses_seq": {"0": {"h": [[-0.0, -0.043506126403808604, -0.019057914733886724, 0.1331554641723633], [0.0, 0.8265, 0.9486067733764648, 1.0528975830078124], [0.0, -0.1982674560546876, -0.4581915283203127, -0.6391038818359376]], "r": [0.9859846950665404, 2.261373748436425, 2.4730029989148354, 2.9628635360501927, -0.41259696601986984, 1.06017771669036, 0.033810268467486373]}, "1": {"h": [[-0.0, -0.04845240783691407, -0.071712158203125, 0.016136177062988276], [0.0, 0.8265, 1.0047437591552733, 1.1103863067626953], [0.0, -0.2164177246093753, -0.45987475585937526, -0.6752244873046878]], "r": [1.1449301837017807, 2.3333959053590316, 2.6622115176227696, 2.9031058684933604, -0.6512294556060046, 1.1672731122656066, -1.2890579107279145]}, "2": {"h": [[-0.0, -0.0598866844177246, -0.1650275535583496, -0.14661875534057617], [0.0, 0.8265, 0.9589433746337891, 1.0660641326904297], [0.0, -0.17889050292968728, -0.4481782226562499, -0.6828297119140625]], "r": [1.396653539517957, 2.406536893862332, 2.5567341158740957, 2.7990885439314988, -0.8469495211917645, 1.1006914894893647, -4.007876751017475]}, "3": {"h": [[-0.0, -0.05056861114501954, -0.25182796478271485, -0.16665395355224608], [0.0, 0.8265, 0.8961447982788087, 1.0007088012695313], [0.0, -0.15153576660156248, -0.31504455566406225, -0.5326374511718748]], "r": [1.6189918180064522, 2.3726636216411428, 2.8445462085507525, 2.5559711908296086, -0.5944153228842398, 0.7555825039794393, 4.830346934056286]}, "4": {"h": [[-0.0, -0.05117648315429686, -0.23419049072265624, -0.06319541931152343], [0.0, 0.8265, 0.8781795387268067, 0.9952703399658203], [0.0, -0.15818334960937525, -0.3094998779296874, -0.4638751220703126]], "r": [1.470395797082537, 2.4705595977054164, 2.5309593656922194, 2.5791715718486596, -0.4622792107171915, 0.6129512500146911, -3.5512137558036585]}, "5": {"h": [[-0.0, -0.04628170776367188, -0.19041183471679687, 0.033331039428710935], [0.0, 0.8265, 0.8909441833496095, 0.9851791229248048], [0.0, -0.15562353515624966, -0.32349829101562483, -0.41522265624999993]], "r": [1.1623310970913137, 2.5093225139126805, 2.7195306670980752, 2.754192376401056, -0.6718383336943103, 0.5858701206290937, 1.1903923381162749]}}, "id": 5}