{"count": 14, "poses_seq": {"0": {"h": [[-0.0, -0.03740821838378905, -0.15911061096191406, -0.26959843444824216], [0.0, 0.8265, 0.6307546081542968, 0.5477583312988281], [0.0, -0.15458618164062515, -0.2306102294921875, -0.519434326171875]], "r": [2.447691299308374, 2.1039151742185944, 2.736134887097, 2.278564294898217, -0.6604240213378721, 5.652587390618306, -1.4931137930943008]}, "1": {"h": [[-0.0, -0.046322013854980484, -0.11634122467041015, -0.1304579544067383], [0.0, 0.8265, 0.5731419372558594, 0.44061625671386717], [0.0, -0.1316914062499997, -0.3322104492187499, -0.5969078369140624]], "r": [2.1855742370517794, 2.244694874342522, 3.0339356482423327, 1.999169573968311, -0.5722702409410666, 5.268083193205985, 1.1448934020638268]}, "2": {"h": [[-0.0, -0.047995513916015614, -0.0870269775390625, -0.052362548828124994], [0.0, 0.8265, 0.5756562652587891, 0.4318877716064453], [0.0, -0.12558776855468762, -0.33219030761718754, -0.5886195068359374]], "r": [2.447283379684865, 2.189045700856377, 2.6861878388699636, 1.6330262642595677, -0.7492060038862043, 4.955859129070803, -1.6403492773198558]}, "3": {"h": [[-0.0, -0.05388728332519531, -0.04649278259277344, 0.09602050781249999], [0.0, 0.8265, 0.5882384948730468, 0.4615686187744141], [0.0, -0.13073168945312502, -0.34664306640625014, -0.5687629394531253]], "r": [2.277842182853523, 2.1341503325221227, 2.3759551382332993, 1.7335164306329285, -0.5377288314039804, 4.953084815387817, -0.5569752910013288]}, "4": {"h": [[-0.0, -0.04981294250488283, -0.00704193115234375, 0.2058128967285156], [0.0, 0.8265, 0.6031596221923828, 0.5108672485351562], [0.0, -0.1266198730468751, -0.34888122558593754, -0.5279077148437501]], "r": [2.063801844205185, 1.7771773087330551, 2.0159142936407197, 1.8115579582886046, -0.5637745381850698, 5.098860271672939, -1.3024052991360056]}, "5": {"h": [[-0.0, -0.053139404296874984, 0.023461524963378916, 0.28450302124023436], [0.0, 0.8265, 0.6357733459472656, 0.5957665710449219], [0.0, -0.12685461425781225, -0.35791125488281234, -0.47650866699218747]], "r": [1.9471798111981857, 1.8132528324257726, 1.9279896913908308, 1.727981154488223, -0.7048117107474875, 5.031765160987598, -4.083800552364358]}, "6": {"h": [[-0.0, -0.06038382339477539, 0.05080733108520508, 0.3146230354309082], [0.0, 0.8265, 0.7492166137695313, 0.819763687133789], [0.0, -0.1531485595703122, -0.38570788574218745, -0.4588134765624999]], "r": [1.8609718102940225, 1.834968734294602, 1.5506766735062114, 1.795453491849024, -0.9150905606555467, 4.829299370066372, 2.1979886463879112]}, "7": {"h": [[-0.0, -0.07017639541625977, 0.002582111358642579, 0.1898144645690918], [0.0, 0.8265, 0.8547427024841309, 1.0310897369384766], [0.0, -0.1469309082031252, -0.39813769531250004, -0.4868369140625]], "r": [1.8931250616691415, 1.990721810420764, 1.3046424235500247, 2.1804859486202464, -0.9775530642223939, 4.842199251794553, 3.035010899227129]}, "8": {"h": [[-0.0, 0.004468772888183592, -0.028039787292480467, 0.0899641571044922], [0.0, 0.8265, 0.9136094131469727, 1.1190030975341796], [0.0, -0.1356574707031249, -0.4043439941406251, -0.5151286621093749]], "r": [2.107484136544882, 2.264554223154859, 1.667484715561964, 2.554238840394472, -1.145091262425217, 4.99246590218585, 0.2874936203796902]}, "9": {"h": [[-0.0, -0.056136390686035154, -0.11307971954345702, -0.04937407684326173], [0.0, 0.8265, 0.8990898666381836, 1.1210313873291016], [0.0, -0.1379194335937502, -0.4057116699218751, -0.5259328613281249]], "r": [2.2014188158119183, 2.1771835786640876, 1.6255578770872714, 2.5225380886364777, -1.348203305722587, 5.033721204538329, 1.5813643562703987]}, "10": {"h": [[-0.0, -0.06138204193115235, -0.15771448516845704, -0.13594501495361327], [0.0, 0.8265, 0.8896868133544922, 1.1141337280273438], [0.0, -0.1342304687499996, -0.4009211425781248, -0.5285590820312498]], "r": [2.0527523315277296, 2.1249701643604064, 1.656992463698003, 2.874029589988262, -1.5018497318404964, 5.179423330398775, 3.0146818277638885]}, "11": {"h": [[-0.0, -0.05805496215820313, -0.18180804443359375, -0.20746856689453122], [0.0, 0.8265, 0.8709208068847656, 1.094521469116211], [0.0, -0.13205639648437534, -0.39804882812500014, -0.5311142578125001]], "r": [2.2142327518182503, 2.139191887380431, 1.8243382372761872, 3.2203982106193765, -1.2830119139572245, 5.238124544060918, 0.621755556595954]}, "12": {"h": [[-0.0, -0.05635810852050782, -0.21401971435546877, -0.30845596313476564], [0.0, 0.8265, 0.8412487640380859, 1.0414689331054687], [0.0, -0.13093371582031238, -0.3900469970703125, -0.5512318115234374]], "r": [2.31252233769468, 2.0416018896497126, 2.101064313011892, 3.5052192900574277, -1.3681591212124553, 5.277940147444989, -0.3231525175004643]}, "13": {"h": [[-0.0, -0.04650818634033203, -0.20703089141845699, -0.37612329864501953], [0.0, 0.8265, 0.7015263442993165, 0.8081353988647462], [0.0, -0.13384179687499992, -0.37091015624999973, -0.5808291015624998]], "r": [2.3740488287764507, 1.8846587188592618, 2.0750576958481814, 3.3944622694934026, -1.1873707898016936, 5.62252174161377, 0.24547388998018815]}}, "id": 1}