{"count": 17, "poses_seq": {"0": {"h": [[-0.0, -0.0430250778198242, 0.041895271301269535, 0.1535247039794922], [0.0, 0.8265, 0.5828460388183594, 0.4065513610839844], [0.0, -0.14038610839843751, -0.352713134765625, -0.5663620605468749]], "r": [-5.291392906315784, 1.8097559699586503, -3.032433382178447, 1.7873047309637031, -2.058889540710275, 0.5928858342510552, 0.37195134005129904]}, "1": {"h": [[-0.0, -0.05660340881347657, 0.05682510375976561, 0.24131954956054685], [0.0, 0.8265, 0.6031115875244141, 0.46681745910644534], [0.0, -0.1448715820312499, -0.3624471435546875, -0.5517572021484374]], "r": [0.7652344203692939, 1.9463220264789733, -3.1279983075915894, 1.4340935308597318, -1.78218932014478, 0.7058838520898711, 1.0698290524318406]}, "2": {"h": [[-0.0, -0.06487137985229492, 0.08268352127075196, 0.32848277664184566], [0.0, 0.8265, 0.6595727081298829, 0.5770982055664062], [0.0, -0.14864672851562527, -0.3574345703125002, -0.4932453613281252]], "r": [0.534763573971785, 2.0465143134124717, -2.8740908839090813, 1.0691138923008594, -1.4275069391484483, 0.6909641382034052, 3.8486276975389013]}, "3": {"h": [[-0.0, -0.07838134384155274, 0.08690346145629883, 0.3595042915344238], [0.0, 0.8265, 0.7373174438476563, 0.7216979217529298], [0.0, -0.1782882080078126, -0.36883703613281243, -0.4475018310546875]], "r": [0.40415925330477487, 2.3283520355402616, -2.8505010098756154, 1.2063996552410243, -1.277270068703851, 0.7558917541570166, -1.5417092817169094]}, "4": {"h": [[-0.0, -0.0732913112640381, 0.09660749244689941, 0.35333401679992676], [0.0, 0.8265, 0.8825925521850586, 0.9658890991210938], [0.0, -0.18177307128906245, -0.3605936279296876, -0.3828531494140626]], "r": [0.03976981713302808, 2.686845912578404, -2.5022659676396564, 1.3361214670302832, -0.9964270487670814, 1.0487961741021437, -3.3035850951069854]}, "5": {"h": [[-0.0, -0.07304869079589844, 0.010290725708007813, 0.19637439727783204], [0.0, 0.8265, 1.0274510040283202, 1.2150358123779297], [0.0, -0.17474621582031263, -0.35005224609375013, -0.40256066894531256]], "r": [0.0483182106786773, 3.052416724440086, -2.6299062465420864, 1.6981534209866347, -0.9327940602997077, 1.3185631918502954, 6.036353202966292]}, "6": {"h": [[-0.0, -0.03032035446166992, -0.016694362640380864, 0.10373521041870117], [0.0, 0.8265, 1.0477668151855468, 1.2767220458984376], [0.0, -0.1726751708984376, -0.3479245605468749, -0.44263842773437495]], "r": [0.4258482475627799, 3.021942306364309, -2.681456188210739, 1.7696921587831214, -0.7967178910007581, 1.3810938247520068, 0.7128360958714876]}, "7": {"h": [[-0.0, -0.01882640838623046, -0.05756189727783203, 0.013789985656738286], [0.0, 0.8265, 1.0421642303466796, 1.2814335174560547], [0.0, -0.1647266845703122, -0.3450736083984374, -0.4519558105468749]], "r": [0.37205538291074586, 3.227549713250275, -2.5825353219246585, 1.5678439294861815, -0.6792224779699315, 1.5561977800525708, -0.42938337553561173]}, "8": {"h": [[-0.0, -0.014400924682617194, -0.10281861877441408, -0.08345101928710937], [0.0, 0.8265, 1.0252236709594726, 1.278725959777832], [0.0, -0.15263964843750016, -0.3415965576171876, -0.4572766113281251]], "r": [0.38696988483690864, 3.1997079184988313, -2.4580389715062116, 1.6517403298814068, -0.8146724129251874, 1.5257842732779618, -0.3530114214860481]}, "9": {"h": [[-0.0, -0.011155883789062501, -0.13904922485351562, -0.16217979431152346], [0.0, 0.8265, 1.0145703582763672, 1.2756775970458984], [0.0, -0.1448781738281249, -0.33507910156250015, -0.456647216796875]], "r": [0.6991909019967425, 2.983058219444162, -2.273990758264582, 1.7133633955230438, -0.8676497894750296, 1.4551522031008755, -2.208384939485337]}, "10": {"h": [[-0.0, -0.0416320343017578, -0.1790102844238281, -0.25661721801757814], [0.0, 0.8265, 1.043310302734375, 1.3005960998535158], [0.0, -0.14717675781250011, -0.32082592773437507, -0.4335526123046876]], "r": [0.9393646067519918, 2.9416468009284844, -2.0235527246299454, 1.5553646985864233, -0.5607840177980286, 1.4800290798402047, 0.8675623914063066]}, "11": {"h": [[-0.0, -0.06367232513427734, -0.2567878036499024, -0.401176139831543], [0.0, 0.8265, 1.0232529602050782, 1.2565930633544922], [0.0, -0.14724389648437503, -0.29348486328124995, -0.39298779296875]], "r": [1.155103590363119, 3.024652523866735, -2.3125842641941343, 1.6258035154292327, -0.8928417476509789, 1.6015808993233829, 3.8423741215305895]}, "12": {"h": [[-0.0, -0.06538025665283205, -0.3220893325805664, -0.5420803298950195], [0.0, 0.8265, 0.9882013397216798, 1.174438690185547], [0.0, -0.1454383544921874, -0.2504072265625, -0.31935217285156253]], "r": [1.372160170319951, 2.8676870583381855, -2.1829261036910586, 1.6891723185207714, -1.2348266620734192, 1.6762851682243132, -0.7572668746747535]}, "13": {"h": [[-0.0, -0.06020153045654297, -0.373933952331543, -0.657567497253418], [0.0, 0.8265, 0.8909773101806642, 0.983364715576172], [0.0, -0.13651489257812505, -0.22414086914062487, -0.2575430908203125]], "r": [1.6233538134483494, 3.161701380346685, -2.4717388474701014, 1.2921467636525568, -1.1990534820958159, 1.993775563000554, -2.37476335598178]}, "14": {"h": [[-0.0, -0.056881851196289065, -0.3692123565673828, -0.6627124786376952], [0.0, 0.8265, 0.7338530807495117, 0.6838515930175781], [0.0, -0.13407434082031272, -0.23827148437500006, -0.2888294677734376]], "r": [1.6068302070435934, 2.8016173685886305, -2.3379178058594308, 0.9610201872771429, -1.162669651144899, 2.046479573025216, -4.52403858640085]}, "15": {"h": [[-0.0, -0.05660601806640625, -0.28546142578125, -0.5180579833984374], [0.0, 0.8265, 0.5974208221435546, 0.4288857727050781], [0.0, -0.145358154296875, -0.2775173339843751, -0.3745850830078126]], "r": [1.4647741207114633, 2.642334162327179, -2.3983150877790185, 0.6082277134969362, -0.8526650046472566, 2.2000698886853227, 4.7189708417441345]}, "16": {"h": [[-0.0, -0.058287513732910176, -0.265450553894043, -0.48431694793701174], [0.0, 0.8265, 0.5788838195800781, 0.39593435668945315], [0.0, -0.1429880371093753, -0.2835445556640626, -0.3872126464843753]], "r": [1.3218475421733475, 2.4623380919928035, -2.245177435058592, 0.5325404135229626, -0.6818654376984582, 2.1922077818392647, -0.2687804045155906]}}, "id": 4}