{"count": 32, "poses_seq": {"0": {"h": [[-0.0, -0.054344985961914075, -0.10649955749511718, 0.07936245727539062], [0.0, 0.8265, 0.7582374038696289, 0.9821795806884766], [0.0, -0.11765136718749997, -0.3406566162109375, -0.45278002929687494]], "r": [1.8451415199098888, 2.6865089357209118, 1.2708281366586736, 1.5199762548162457, 2.2526573842040873, 5.600992858853202, -1.6697091065126173]}, "1": {"h": [[-0.0, -0.05158754730224609, -0.11542130279541014, 0.045863319396972656], [0.0, 0.8265, 0.7953465843200684, 0.989180892944336], [0.0, -0.14462292480468758, -0.3333087158203126, -0.36268395996093755]], "r": [2.2187846756095135, 2.8327206429839316, 1.1516374719146136, 1.3313221717847312, 2.383598480715119, 5.476208696294447, -2.1784318582043234]}, "2": {"h": [[-0.0, -0.057698883056640615, -0.12111805725097655, 0.0029751052856445415], [0.0, 0.8265, 0.7810421295166016, 1.0341566467285157], [0.0, -0.13011340332031246, -0.3407934570312499, -0.4601376953124999]], "r": [2.118032251970077, 2.838941192412155, 1.3832587981765907, 1.5884936064711588, 2.178921609216256, 5.380940195409623, -4.597846908027218]}, "3": {"h": [[-0.0, -0.05419660949707031, -0.15415692138671877, -0.08393112182617188], [0.0, 0.8265, 0.744841682434082, 1.0204266815185548], [0.0, -0.12085070800781234, -0.30328149414062505, -0.45161535644531253]], "r": [2.0208376834920405, 2.6949286510350943, 1.447766606178145, 1.7937417838811356, 2.3746988167003966, 5.633098458685043, -1.102219712118617]}, "4": {"h": [[-0.0, -0.054413558959960945, -0.1682583923339844, -0.1567242431640625], [0.0, 0.8265, 0.7427834777832031, 1.028716339111328], [0.0, -0.12551892089843736, -0.30658947753906257, -0.45857287597656243]], "r": [2.127403979124534, 2.7910083937646, 1.5907842015801346, 2.006111408422325, 2.036459552219073, 5.487982901359066, 1.3361447039449037]}, "5": {"h": [[-0.0, -0.04842124938964844, -0.18332116699218748, -0.22800546264648436], [0.0, 0.8265, 0.7532023620605468, 1.0200868835449217], [0.0, -0.12312609863281249, -0.29782104492187483, -0.4546273193359374]], "r": [2.371864581537252, 2.8429207737089035, 1.5597269531403748, 2.0205960807779575, 1.8505111230127314, 5.3320361715956075, 3.4646827388723285]}, "6": {"h": [[-0.0, -0.03868099975585937, -0.20975965881347655, -0.3256255340576172], [0.0, 0.8265, 0.7533949203491211, 0.9827728576660156], [0.0, -0.13691503906249985, -0.28853820800781255, -0.45504321289062505]], "r": [2.430830845558376, 2.73242578845927, 1.8064630693951205, 1.6800704613859776, 2.1735056983794188, 5.381858012955357, 0.1557450190989077]}, "7": {"h": [[-0.0, -0.0339332275390625, -0.20854893493652346, -0.39243415832519524], [0.0, 0.8265, 0.6795483398437501, 0.7308248519897461], [0.0, -0.15980578613281243, -0.25741320800781226, -0.4800123291015624]], "r": [2.530364878056978, 2.4692410126973825, 1.66398669807801, 1.4381987615125253, 1.929376192437841, 5.484815475469154, 0.8844872365917037]}, "8": {"h": [[-0.0, -0.03462140655517579, -0.1665972671508789, -0.29758802032470705], [0.0, 0.8265, 0.6421354064941407, 0.5628702850341798], [0.0, -0.14982507324218758, -0.23314611816406244, -0.5062351074218749]], "r": [2.174738954214691, 2.303704157414457, 2.0338138619620696, 1.1610242435339546, 1.7189765013774352, 5.598076200050466, -0.4961726509287805]}, "9": {"h": [[-0.0, -0.04302827453613281, -0.14538018798828126, -0.19878997802734374], [0.0, 0.8265, 0.6163568572998047, 0.5242874603271485], [0.0, -0.16262792968750023, -0.23718212890625018, -0.537071044921875]], "r": [1.9332408659184275, 2.2633248116277196, 2.12742426193127, 1.2250744360661607, 1.5304058290206324, 5.591130872502911, 0.11023360003785226]}, "10": {"h": [[-0.0, -0.047429771423339845, -0.09804363250732423, -0.08338858795166015], [0.0, 0.8265, 0.5706519165039062, 0.4304510955810547], [0.0, -0.12994177246093735, -0.3351820068359373, -0.5949147949218747]], "r": [1.7166295963696756, 2.029261409649111, 2.121913905486353, 1.1596590548936352, 1.5489517323636217, 5.667485924890095, 0.7742184799637991]}, "11": {"h": [[-0.0, -0.05262040710449217, -0.04725724792480468, 0.08672499084472657], [0.0, 0.8265, 0.5871519622802734, 0.4595389556884765], [0.0, -0.1350428466796874, -0.3511055908203125, -0.5776802978515625]], "r": [1.329079335981066, 2.2794588664434503, 2.3915873222124864, 1.4580159985818733, 1.2222138485547243, 5.369168802238439, 2.9527007557141984]}, "12": {"h": [[-0.0, -0.05438903045654296, -0.04198926544189453, 0.11752855682373047], [0.0, 0.8265, 0.586899887084961, 0.4647198028564453], [0.0, -0.12723352050781261, -0.3491114501953126, -0.5620802001953125]], "r": [1.1952656128214287, 2.060022439145993, 2.536128821337334, 1.225669574867766, 1.415506608817974, 5.671524699253432, 3.323343379262137]}, "13": {"h": [[-0.0, -0.05473289489746093, -0.037588516235351574, 0.13089933776855467], [0.0, 0.8265, 0.5883310241699219, 0.4724752960205078], [0.0, -0.12574597167968743, -0.34984423828124994, -0.558638427734375]], "r": [1.0808476944098797, 2.1672149039923583, 2.6130215226742646, 0.9229883411267505, 1.5699977639967218, 5.496735142686233, -3.0998754867636396]}, "14": {"h": [[-0.0, -0.05235015869140626, 0.004849411010742183, 0.23944259643554688], [0.0, 0.8265, 0.6188634643554688, 0.543250473022461], [0.0, -0.13317822265625018, -0.35584216308593747, -0.507540283203125]], "r": [0.7742466432654195, 2.3693120934178897, 2.7820207212792623, 1.2486269375100927, 1.361252412978452, 5.357813449994544, -0.540909248872416]}, "15": {"h": [[-0.0, -0.05446608734130859, 0.043860855102539065, 0.3098855209350586], [0.0, 0.8265, 0.6792436523437501, 0.6830331268310548], [0.0, -0.1345408935546873, -0.3657408447265625, -0.459210693359375]], "r": [0.5530407418032484, 2.495690761615109, 2.969867583289935, 1.279404802294244, 1.572579349990571, 5.43443797888928, 1.022153729848901]}, "16": {"h": [[-0.0, -0.06949156951904296, 0.03905327606201172, 0.27277086639404297], [0.0, 0.8265, 0.8204763855934143, 0.9559217681884766], [0.0, -0.14839111328125015, -0.38958471679687495, -0.46330249023437503]], "r": [0.5975396914529056, 2.8825632813188387, 2.9486756372517977, 1.470164662282334, 1.94362131415046, 5.194982888872926, -1.126326142734324]}, "17": {"h": [[-0.0, 0.028776954650878907, 0.0004382171630859383, 0.15498439025878907], [0.0, 0.8265, 0.8735271759033203, 1.0671320343017578], [0.0, -0.14160864257812472, -0.4016738281249999, -0.5056856689453124]], "r": [0.8565479612063254, 2.775910063648205, 3.0872133519897065, 1.7672313664855916, 2.2495586132876237, 5.271407411661533, 0.7797872072434291]}, "18": {"h": [[-0.0, -0.0017806091308593813, -0.06675235748291017, 0.025031929016113286], [0.0, 0.8265, 0.9276018447875977, 1.1433715972900391], [0.0, -0.13953991699218765, -0.4000196533203125, -0.5160120849609375]], "r": [0.6305720074552269, 3.0233703330869224, 3.3924904731816476, 1.866900877988013, 1.8676020666311606, 4.886433593401142, 1.5135576645512552]}, "19": {"h": [[-0.0, -0.062489845275878905, -0.1389218521118164, -0.09489226531982421], [0.0, 0.8265, 0.8969549255371094, 1.1245419158935548], [0.0, -0.13394384765624984, -0.40680163574218736, -0.5247684326171873]], "r": [0.7366283310483426, 2.9489769748231556, -2.523469321693961, 1.561578052833709, 2.147791259858354, 4.892277750437938, 1.3306958048004682]}, "20": {"h": [[-0.0, -0.061116821289062484, -0.16368251037597656, -0.16305247497558592], [0.0, 0.8265, 0.8874816207885743, 1.1140647583007812], [0.0, -0.1331746826171874, -0.40387561035156244, -0.5295692138671875]], "r": [0.957556647361511, 2.735606551521234, -2.31112810925767, 1.594630764490497, 2.1924684458035943, 4.963533560537843, 2.8223099765134965]}, "21": {"h": [[-0.0, -0.058033409118652346, -0.20024877166748048, -0.251170768737793], [0.0, 0.8265, 0.8692082595825196, 1.0839976654052734], [0.0, -0.13051123046874996, -0.39769189453125003, -0.542751708984375]], "r": [1.145552042910942, 2.615100301500095, -2.2578475758109957, 1.6114454449787545, 2.1263900012256065, 4.95669788633377, 3.9545286760532083]},