{"count": 8, "poses_seq": {"0": {"h": [[-0.0, -0.057103111267089834, -0.07481725311279297, 0.0015310668945312522], [0.0, 0.8265, 0.58376953125, 0.4843528900146485], [0.0, -0.13858129882812503, -0.35091235351562494, -0.6089069824218749]], "r": [-5.434092101950959, 1.5434659231135615, 0.7867919027351638, 5.106868396975146, -1.7189338075446037, 5.223475443873431, -1.0983128196030514]}, "1": {"h": [[-0.0, -0.06054564666748047, -0.018769737243652343, 0.15107099151611328], [0.0, 0.8265, 0.6153976593017578, 0.5603909454345704], [0.0, -0.13777783203125, -0.36022705078125, -0.583734619140625]], "r": [0.529661334795744, 1.4893833142648836, 1.0650621403199467, 5.472311033019903, -1.4077212317206387, 5.0297494978557085, 1.2983016685965965]}, "2": {"h": [[-0.0, -0.06909268951416014, 0.028349227905273437, 0.26344249725341795], [0.0, 0.8265, 0.6695599060058595, 0.6828583679199219], [0.0, -0.14774035644531242, -0.37591821289062494, -0.5269399414062499]], "r": [0.45695046658482347, 1.5099320046725264, 1.3841808424385722, 5.221663222961832, -1.5080794013939778, 5.037290449098097, -0.28588608585886766]}, "3": {"h": [[-0.0, -0.07043178939819336, 0.05704743576049805, 0.30936040115356445], [0.0, 0.8265, 0.7421134872436523, 0.825522964477539], [0.0, -0.1676485595703126, -0.3882564697265625, -0.4696260986328125]], "r": [0.23655633815148236, 1.678262409843698, 1.6329727167363148, 5.314054659798533, -1.2154341474025623, 4.796604327818538, 0.7437951990772658]}, "4": {"h": [[-0.0, -0.08235049438476563, 0.023025451660156248, 0.19431270599365236], [0.0, 0.8265, 0.8660107574462891, 1.0507264251708985], [0.0, -0.17122412109375024, -0.41175781250000015, -0.5063662109375]], "r": [0.4953799016808021, 2.0151216933874805, 1.8392655558146342, 5.039223262614241, -0.9215468944910176, 4.803748655200687, -1.1537428640366882]}, "5": {"h": [[-0.0, -0.08537513160705566, -0.03027303886413574, 0.09454887199401855], [0.0, 0.8265, 0.852884651184082, 1.0426676788330078], [0.0, -0.1622604980468752, -0.43181274414062504, -0.55978271484375]], "r": [0.6961665055367291, 1.8542010303108174, 2.157657368830553, 5.212175662450232, -0.5893683092276479, 4.519395988503514, -3.7119820906613965]}, "6": {"h": [[-0.0, -0.07014806365966797, -0.06057183837890625, 0.02268865966796875], [0.0, 0.8265, 0.8416096725463867, 1.0129458770751953], [0.0, -0.15331860351562493, -0.45946118164062494, -0.6341958007812498]], "r": [0.8140113210093413, 1.9644267743852146, 1.7837619806893468, 5.06597054518037, -0.8202616774891662, 4.751384679742805, 3.5538374503650725]}, "7": {"h": [[-0.0, -0.07189797973632811, -0.08767764282226562, -0.05880587768554688], [0.0, 0.8265, 0.7625224304199218, 0.8618115310668946], [0.0, -0.15271923828124995, -0.4478315429687499, -0.6808181152343746]], "r": [0.7725016887519465, 1.7963987687299503, 1.7841722753188316, 5.306055776215709, -0.667039299567256, 4.4941902915029965, 0.0897580732826333]}}, "id": 8}