{"count": 15, "poses_seq": {"0": {"h": [[-0.0, -0.043466629028320325, 0.05086484527587891, 0.18209648895263672], [0.0, 0.8265, 0.5831825103759766, 0.41982843017578125], [0.0, -0.14026953125000002, -0.35424755859374996, -0.5644578857421874]], "r": [-1.4476596306009377, 5.002120050757754, -1.0168348955686102, 0.8922995642036424, -1.5826544840503167, 5.58754337137633, -1.4730268739289125]}, "1": {"h": [[-0.0, -0.05660340881347657, 0.05682510375976561, 0.24131954956054685], [0.0, 0.8265, 0.6031115875244141, 0.46681745910644534], [0.0, -0.1448715820312499, -0.3624471435546875, -0.5517572021484374]], "r": [-1.2100476632763126, 4.628315943071537, -0.6472095386410811, 0.5787006318699522, -1.8728632491973634, 5.200100009715082, -4.170565490106221]}, "2": {"h": [[-0.0, -0.0638211441040039, 0.07660916900634766, 0.31433471679687497], [0.0, 0.8265, 0.6455496520996094, 0.5547373504638672], [0.0, -0.1434787597656249, -0.35708288574218755, -0.501748046875]], "r": [-1.3700158159069136, 4.6845972090763475, -0.8890931782553665, 0.8991272558375022, -1.606369808771611, 5.167783796328666, 4.087892506068018]}, "3": {"h": [[-0.0, -0.07838134384155274, 0.08690346145629883, 0.3595042915344238], [0.0, 0.8265, 0.7373174438476563, 0.7216979217529298], [0.0, -0.1782882080078126, -0.36883703613281243, -0.4475018310546875]], "r": [-1.2099582159685782, 4.334382101108393, -1.1798409625846626, 0.8374906481548633, -1.885322577980583, 4.793351252620419, 0.03629528650578337]}, "4": {"h": [[-0.0, -0.0715932788848877, 0.09611079216003418, 0.35502584648132324], [0.0, 0.8265, 0.8655084953308105, 0.9428547668457031], [0.0, -0.18343139648437506, -0.36315698242187505, -0.38638842773437504]], "r": [-1.459323430164179, 4.08047591939393, -1.4957922847809515, 1.0404205187644275, -2.280556747011918, 5.062052873864841, 2.958283261997779]}, "5": {"h": [[-0.0, -0.07250330543518066, 0.01767580223083496, 0.22077036094665528], [0.0, 0.8265, 1.0047236175537109, 1.1770966186523437], [0.0, -0.17933703613281243, -0.3551823730468749, -0.39520751953124994]], "r": [-1.1608439707334335, 3.816667735140055, -1.651857499429181, 1.3977086869765527, -2.4389584810194145, 4.969382422099915, 0.43822558857813554]}, "6": {"h": [[-0.0, -0.04293777847290039, -0.009596282958984376, 0.13102604293823242], [0.0, 0.8265, 1.0498363952636718, 1.2664162445068359], [0.0, -0.17928540039062485, -0.3495006103515624, -0.4350903320312501]], "r": [-0.9189976359683827, 3.6800396400614974, -1.3666859500953559, 1.7404561122625448, -2.298869728512827, 4.919120405185622, 0.45203868323587876]}, "7": {"h": [[-0.0, -0.01882640838623046, -0.05756189727783203, 0.013789985656738286], [0.0, 0.8265, 1.0421642303466796, 1.2814335174560547], [0.0, -0.1647266845703122, -0.3450736083984374, -0.4519558105468749]], "r": [-1.2251616161904888, 3.8583123788073355, -1.745430125280849, 1.896618317178664, -2.4669380721266885, 5.044427558877887, 0.39044865775417387]}, "8": {"h": [[-0.0, -0.014400924682617194, -0.10281861877441408, -0.08345101928710937], [0.0, 0.8265, 1.0252236709594726, 1.278725959777832], [0.0, -0.15263964843750016, -0.3415965576171876, -0.4572766113281251]], "r": [-1.2031002422923256, 4.028057872623545, -2.072309313505073, 1.89012328025618, -2.234353115379346, 4.943613018567888, -1.1846739499328163]}, "9": {"h": [[-0.0, -0.012824050903320311, -0.14097671508789061, -0.17472004699707033], [0.0, 0.8265, 1.0135560531616212, 1.2741837997436525], [0.0, -0.1466656494140624, -0.3365546874999999, -0.455819091796875]], "r": [-1.119639272882113, 4.0567615289815855, -2.0352643624967466, 2.0697083556333675, -2.0893602185226516, 4.980382567425004, -0.8866273842556287]}, "10": {"h": [[-0.0, -0.0416320343017578, -0.1790102844238281, -0.25661721801757814], [0.0, 0.8265, 1.043310302734375, 1.3005960998535158], [0.0, -0.14717675781250011, -0.32082592773437507, -0.4335526123046876]], "r": [-1.0427027575253478, 4.0093264433033164, -1.860824341741411, 2.4066045991625713, -2.046759117941176, 5.018927910678154, 0.26555421118727335]}, "11": {"h": [[-0.0, -0.062408332824707036, -0.24953447723388672, -0.3819942245483398], [0.0, 0.8265, 1.0276985321044922, 1.2668888702392578], [0.0, -0.14785217285156255, -0.29539685058593773, -0.40148327636718767]], "r": [-0.977259026400956, 3.994841211955241, -2.0234361549560704, 2.399176473658329, -2.2281220664309678, 5.102326102431889, 1.7749587568321874]}, "12": {"h": [[-0.0, -0.0636460723876953, -0.3094230804443359, -0.5125494842529297], [0.0, 0.8265, 0.9943934173583985, 1.1961236419677734], [0.0, -0.14294067382812498, -0.25980639648437515, -0.33749316406250013]], "r": [-0.8078701237598779, 3.9420299247218327, -2.3831854315399292, 2.2680372214485662, -2.5518825377161836, 5.275536992921622, 1.1446375779919826]}, "13": {"h": [[-0.0, -0.061577896118164055, -0.36708920288085933, -0.6407704772949219], [0.0, 0.8265, 0.918688331604004, 1.0349512481689453], [0.0, -0.14200793457031252, -0.22816394042968763, -0.26696887207031256]], "r": [-0.48689093324993965, 4.208527915038539, -2.303894916182925, 1.9691297852863303, -2.4783883783834018, 5.433548537405853, 2.344702295534508]}, "14": {"h": [[-0.0, -0.059541191101074226, -0.38399828338623043, -0.6819356307983399], [0.0, 0.8265, 0.7636966400146484, 0.7327507629394532], [0.0, -0.14024597167968783, -0.23500756835937514, -0.28088366699218775]], "r": [-0.5621237369657692, 4.582507467735067, -2.594483452990694, 1.7256937247125175, -2.102912610103874, 5.634826307735295, 1.8601817076606024]}}, "id": 1}