{"count": 39, "poses_seq": {"0": {"h": [[-0.0, -0.056033668518066404, -0.3130856704711914, -0.5011118850708007], [0.0, 0.8265, 0.6489462890625, 0.5401048583984375], [0.0, -0.12992163085937475, -0.22976782226562503, -0.43085107421874996]], "r": [-0.6565916000674432, 4.970958268910508, -3.8167712196480696, 2.149257050785382, 1.0965088601108692, 5.550195448835908, -0.573335219254819]}, "1": {"h": [[-0.0, -0.05583837890625, -0.2904901580810547, -0.3976722259521484], [0.0, 0.8265, 0.6443275451660156, 0.5461126403808594], [0.0, -0.13697045898437504, -0.22883410644531238, -0.48168847656249986]], "r": [-0.7101733084588709, 4.985112507086828, 2.7153784315541585, 2.0235963221487365, 1.0348072628008995, 5.4755819199213525, -1.932627057089385]}, "2": {"h": [[-0.0, -0.055224510192871085, -0.2780551528930664, -0.2748056411743164], [0.0, 0.8265, 0.6412981872558594, 0.6184417266845703], [0.0, -0.13762304687499977, -0.23867089843749972, -0.514867431640625]], "r": [-0.7880357767713961, 4.7596806965994585, 2.831244104185037, 1.7179407958066508, 1.2989297155508392, 5.521657275973503, 0.36646272594475726]}, "3": {"h": [[-0.0, -0.05180447387695314, -0.2735565032958984, -0.2602834320068359], [0.0, 0.8265, 0.7511702957153321, 0.8778782272338868], [0.0, -0.1377843017578127, -0.2591314697265628, -0.4908497314453127]], "r": [-0.8465577691691725, 4.544634153618327, 2.622702710126407, 1.9214189369620263, 1.411348513593121, 5.148059903381622, 0.14571587227285823]}, "4": {"h": [[-0.0, -0.04921266937255861, -0.3020394973754883, -0.3388408279418945], [0.0, 0.8265, 0.7939572143554687, 0.9875466918945313], [0.0, -0.13855126953125013, -0.27445336914062507, -0.4439992675781251]], "r": [-0.5028609922057792, 4.515999590681097, 2.867494659334823, 1.559241895910764, 1.6920808534947012, 4.795508516798219, -2.558677912768876]}, "5": {"h": [[-0.0, -0.049403015136718756, -0.3213268280029297, -0.418221420288086], [0.0, 0.8265, 0.826327754855156, 1.0226767730712891], [0.0, -0.13808117675781234, -0.27468444824218735, -0.4186002197265624]], "r": [-0.5066997202855956, 4.521652125138339, 2.7329646955991227, 1.913205135599307, 1.4410945045980632, 4.804000213128902, -4.3564417797142045]}, "6": {"h": [[-0.0, -0.048426368713378895, -0.33342226409912107, -0.5242831649780274], [0.0, 0.8265, 0.8278649654388428, 1.009355514526367], [0.0, -0.1373505859375002, -0.259915771484375, -0.3791480712890625]], "r": [-0.45012385853953407, 4.764245045421419, 2.7507963673649263, 1.7033599992693291, 1.3907173114361095, 4.480423059674104, 0.7312551079277306]}, "7": {"h": [[-0.0, -0.046123802185058585, -0.3594673385620117, -0.6377131576538086], [0.0, 0.8265, 0.8124482583999634, 0.8794023590087892], [0.0, -0.1382250976562503, -0.25854638671875013, -0.3412119140625001]], "r": [-0.6535617783983922, 5.011950815223802, 2.4137870682286877, 1.5911439167729364, 1.3519096182210375, 4.452120108422074, 1.4449618912960729]}, "8": {"h": [[-0.0, -0.04945270538330078, -0.33613336944580074, -0.605645393371582], [0.0, 0.8265, 0.6715639190673828, 0.5794382934570312], [0.0, -0.1339543457031252, -0.24962756347656262, -0.3548475341796878]], "r": [-0.6129847853163415, 5.341389569207757, 2.280927949637798, 1.225712956403911, 1.5505401326205754, 4.819123529379038, -0.7110182754457364]}, "9": {"h": [[-0.0, -0.05082054901123047, -0.28426270294189454, -0.4742612380981446], [0.0, 0.8265, 0.6177802124023437, 0.49048829650878906], [0.0, -0.1273760986328128, -0.2393953857421876, -0.43060937500000024]], "r": [-0.965818770691385, 5.373830205339621, 1.9646676152427325, 1.1519248538998959, 1.4920311869595746, 5.0113697134446635, -0.12713403573729293]}, "10": {"h": [[-0.0, -0.052058914184570315, -0.2595195770263672, -0.38750108337402345], [0.0, 0.8265, 0.6192952880859375, 0.5217558135986329], [0.0, -0.12758471679687516, -0.2281572265625001, -0.4739824218750002]], "r": [-0.905469247410057, 5.3414263987331525, 2.2397356878697767, 1.051506211216391, 1.5506587080603944, 5.017776716633486, -1.4514286269232684]}, "11": {"h": [[-0.0, -0.051648109436035164, -0.2568565139770508, -0.3179961624145508], [0.0, 0.8265, 0.6255757141113282, 0.5909663543701172], [0.0, -0.1285214843749996, -0.23796655273437467, -0.5173295898437498]], "r": [-1.0482291773599166, 5.03759236854397, 2.1677529716647106, 1.1331561688140062, 1.6349145075199143, 5.310045094749563, -0.7446268896895847]}, "12": {"h": [[-0.0, -0.050421249389648426, -0.25739871215820315, -0.2501788940429687], [0.0, 0.8265, 0.6717072296142579, 0.7197951202392578], [0.0, -0.12865649414062502, -0.2420352783203124, -0.5219548339843749]], "r": [-1.2583844462950668, 4.914099901856822, 2.1435858722357004, 1.043978073875926, 1.7857497345812123, 5.0956823975005054, -1.4510017046921784]}, "13": {"h": [[-0.0, -0.04717446899414064, -0.27198072814941404, -0.2700743560791016], [0.0, 0.8265, 0.784888671875, 0.9776770782470703], [0.0, -0.1298981933593753, -0.28517126464843773, -0.4545410156250001]], "r": [-1.0755314204888708, 4.5663023634261695, 2.4104621771622012, 1.3536755986227045, 1.914800501724113, 4.873588610658815, 0.5170657924546453]}, "14": {"h": [[-0.0, -0.04572711944580078, -0.30234008026123044, -0.36524254608154294], [0.0, 0.8265, 0.8283901517391205, 1.0422526245117187], [0.0, -0.13330749511718737, -0.2837303466796875, -0.4191866455078124]], "r": [-0.945151784341714, 4.396603926645698, 2.334431472477898, 1.4681422481530737, 2.1059822072238945, 5.023840094476035, -2.44168382230203]}, "15": {"h": [[-0.0, -0.045375648498535176, -0.322121467590332, -0.4544592361450196], [0.0, 0.8265, 0.8451277275085449, 1.053234848022461], [0.0, -0.13853088378906248, -0.27419384765625027, -0.3863487548828127]], "r": [-0.8362401836223786, 4.251389190870099, 2.020816081263056, 1.8001799187554839, 2.141765986813917, 5.241301086106905, -5.02874228414045]}, "16": {"h": [[-0.0, -0.04515122985839842, -0.3383716583251953, -0.5614281768798828], [0.0, 0.8265, 0.8418024711608887, 1.0067022705078126], [0.0, -0.13715734863281243, -0.2528978271484375, -0.34477465820312486]], "r": [-0.4553189733126807, 4.269924240718752, 2.413622249892641, 1.8796348708048212, 2.235883161680388, 5.36610818714836, -0.8896976106310237]}, "17": {"h": [[-0.0, -0.046688690185546874, -0.367177978515625, -0.6631239013671875], [0.0, 0.8265, 0.7989946460723877, 0.8284789409637452], [0.0, -0.1370737304687502, -0.24289855957031264, -0.28693896484375]], "r": [-0.41018222940753524, 4.6292561657086315, 2.251812254541587, 1.645519107260214, 1.96409008417035, 5.347287890015223, 1.9277728088158699]}, "18": {"h": [[-0.0, -0.0519771728515625, -0.3305538330078125, -0.5955199890136719], [0.0, 0.8265, 0.6425747680664062, 0.50525341796875], [0.0, -0.13864611816406242, -0.2464499511718748, -0.3006945800781247]], "r": [-0.3457203357806506, 5.0007307374861245, 2.4844835140253734, 1.2779133600236199, 1.7158108591283106, 5.598237512709626, 4.078746403428215]}, "19": {"h": [[-0.0, -0.05598410034179689, -0.2816924133300781, -0.5117137756347657], [0.0, 0.8265, 0.5900151519775391, 0.4156488800048828], [0.0, -0.14736730957031235, -0.2671234130859373, -0.3619383544921873]], "r": [-0.47134019210218736, 5.235433487387575, 2.436937301748805, 1.0566568251719097, 1.6190016603017614, 5.480543582981826, -0.8800206580541712]}, "20": {"h": [[-0.0, -0.052390686035156245, -0.15978245544433595, -0.2545916900634766], [0.0, 0.8265, 0.5586377410888672, 0.4047260894775391], [0.0, -0.14586108398437486, -0.3157167968749999, -0.5516895751953124]], "r": [-0.8568715878844058, 5.079737675268686, 2.8241792595923454, 1.0094734254912858, 1.651522149855827, 5.623417018155543, -1.640444564385957]}, "21": {"h": [[-0.0, -0.04877471923828125, -0.10718179321289062, -0.11770072937011719], [0.0, 0.8265, 0.565364227294922, 0.4427610168457031], [0.0, -0.13625634765624978, -0.3325808105468749, -0.6023652343749999]], "r": [-1.0516777144637457, 4.912629259932409, 3.0826628494037536, 1.0562495413964506, 1.684818598287853, 5.67604240512445, -1.817470395262152]},