{"count": 9, "poses_seq": {"0": {"h": [[-0.0, -0.04334237670898439, -0.039893020629882814, 0.14815115356445313], [0.0, 0.8265, 0.5890709075927734, 0.480204345703125], [0.0, -0.15527001953125003, -0.37524951171875004, -0.54052294921875]], "r": [-0.21484843779832388, 4.315360172580019, -1.6696651138451537, 0.9636865501181383, -0.03913567259432675, 3.567618560863847, -1.4836409819476413]}, "1": {"h": [[-0.0, -0.04226124572753906, -0.09428038024902344, 0.048163406372070304], [0.0, 0.8265, 0.5868187408447265, 0.46643536376953126], [0.0, -0.16047119140625005, -0.3606046142578124, -0.5710810546874998]], "r": [-0.1456347939585446, 3.9831975999553815, -1.4278798985987253, 1.1430787116836554, -0.34217762977693705, 3.9003690386983054, 0.24815861713516982]}, "2": {"h": [[-0.0, -0.047372253417968746, -0.1730515594482422, -0.14245355224609374], [0.0, 0.8265, 0.601279800415039, 0.5228152923583984], [0.0, -0.1638920898437502, -0.3550700683593751, -0.6224174804687501]], "r": [0.11090776526531679, 4.1956398089224365, -1.4628426368950092, 1.1833287510214658, -0.5189358782263891, 3.8080332803275483, 2.236458774716328]}, "3": {"h": [[-0.0, -0.05240963745117187, -0.22120339965820313, -0.25976995849609374], [0.0, 0.8265, 0.6486982269287109, 0.6511609649658203], [0.0, -0.1597646484375, -0.35872436523437506, -0.6396542968749999]], "r": [0.10033582788987891, 4.2371996138335835, -1.4567491584214998, 1.4849114714171787, -0.6286397279726866, 4.123125490440694, -0.6335821015781412]}, "4": {"h": [[-0.0, -0.04776204681396484, -0.21488365936279297, -0.2613788986206055], [0.0, 0.8265, 0.7723282852172851, 0.9132754898071289], [0.0, -0.15410192871093759, -0.3988306884765627, -0.6081481933593751]], "r": [0.256365309716029, 4.027549483055721, -1.7421106757839366, 1.5480209172473702, -0.9148550075170232, 3.919134023360426, 2.2397338345138915]}, "5": {"h": [[-0.0, -0.05544525146484376, -0.17095384216308596, -0.16127418518066405], [0.0, 0.8265, 0.8518887729644775, 1.06241064453125], [0.0, -0.15037963867187482, -0.40435742187499996, -0.5524530029296875]], "r": [-0.09288742850241956, 4.164818532995456, -1.872997103085899, 1.7500311505969117, -1.0411977451818142, 4.143766903557375, -0.07031946919861842]}, "6": {"h": [[-0.0, -0.05912181854248047, -0.12659369659423828, -0.061099845886230464], [0.0, 0.8265, 0.8901092987060547, 1.1135265197753907], [0.0, -0.15201013183593753, -0.40695642089843737, -0.5194791259765623]], "r": [0.2511338447087254, 3.87225459742806, -2.0501517271177274, 1.631328017222796, -1.0897663248768994, 3.8855578831185116, 0.21238839261221323]}, "7": {"h": [[-0.0, -0.05587916564941406, -0.06937663269042968, 0.05238685607910157], [0.0, 0.8265, 0.8923198471069336, 1.1035684051513672], [0.0, -0.14809973144531235, -0.40453283691406244, -0.49089172363281236]], "r": [0.03125822051719697, 3.8063951497645028, -1.8960466665228906, 1.6570502826094216, -1.2624712028122547, 4.172715524156763, -1.7891223789244466]}, "8": {"h": [[-0.0, -0.06785708618164063, 0.010213653564453126, 0.22245321655273437], [0.0, 0.8265, 0.8053177108764649, 0.9215449066162109], [0.0, -0.15624389648437514, -0.4137081298828125, -0.5064628906249999]], "r": [0.015943609861176343, 3.494646324344227, -1.701698238302626, 1.5725148826608857, -1.1428810288238147, 4.381428538819321, -0.10320394998380744]}}, "id": 6}