{"count": 8, "poses_seq": {"0": {"h": [[-0.0, -0.05015985107421875, 0.00892108154296875, 0.20001673889160154], [0.0, 0.8265, 0.6285093078613281, 0.5845145568847656], [0.0, -0.151203369140625, -0.3848476562500001, -0.5967298583984375]], "r": [-2.3211998121707573, 4.3764638231818305, -1.017654962321426, 3.907272102604362, -0.836276147814433, 0.6421799689967782, 1.1063720690777865]}, "1": {"h": [[-0.0, -0.0537068634033203, -0.08919720458984375, -0.11569551086425782], [0.0, 0.8265, 0.5760325775146484, 0.4356080780029297], [0.0, -0.13994799804687502, -0.3498171386718752, -0.6063972167968752]], "r": [-1.9847271095217607, 4.507467187616417, -1.253054753129594, 4.212444838842933, -0.6975808778529454, 0.8967629238571944, 1.2850433648393447]}, "2": {"h": [[-0.0, -0.047973526000976555, -0.07447581481933595, -0.07738214111328125], [0.0, 0.8265, 0.5722639923095703, 0.4230653533935547], [0.0, -0.1351374511718751, -0.3553957519531253, -0.6112213134765627]], "r": [-1.9727088821566416, 4.412889122664255, -1.3461774456127438, 4.323104363279424, -0.8636533383393673, 0.8657504189768214, 0.3824858544907229]}, "3": {"h": [[-0.0, -0.046829132080078134, -0.06696298217773439, -0.06397200012207033], [0.0, 0.8265, 0.5729091491699219, 0.42539834594726567], [0.0, -0.13470629882812518, -0.35266088867187523, -0.6113494873046876]], "r": [-1.7551228165131194, 4.400446595901847, -1.445072847130007, 4.515903909493092, -1.2160873600124438, 0.5909924216049183, -1.3397034821022855]}, "4": {"h": [[-0.0, -0.05512455749511719, -0.06287120056152343, -0.01671742248535156], [0.0, 0.8265, 0.5786417083740234, 0.43050758361816405], [0.0, -0.1400982666015625, -0.3509805908203126, -0.6004245605468752]], "r": [-1.7767335694698476, 4.119702606158605, -1.791889894567548, 4.801825146394357, -1.2602264462374042, 0.8804169027396395, -1.1446182100617581]}, "5": {"h": [[-0.0, -0.060753826141357416, -0.015615612030029292, 0.042756172180175786], [0.0, 0.8265, 0.7040263824462891, 0.6856891937255859], [0.0, -0.18533471679687513, -0.48145507812500005, -0.746380615234375]], "r": [-2.002111708916099, 3.8604463632656962, -1.600908917958148, 4.4157387408486, -1.5146229769445563, 1.1219903381385063, -3.4843961844081552]}, "6": {"h": [[-0.0, -0.05458294677734374, -0.0245714111328125, 0.11783198547363281], [0.0, 0.8265, 0.5851220245361328, 0.43740444946289064], [0.0, -0.1365321044921875, -0.35484362792968743, -0.5679849853515624]], "r": [-1.885862386267296, 4.132133437941369, -1.9861219392273275, 4.794826021728394, -1.2212340280272431, 0.7813583306389701, 1.8344676993438644]}, "7": {"h": [[-0.0, -0.06075157546997071, -0.0291833381652832, 0.023159778594970704], [0.0, 0.8265, 0.7060816421508789, 0.69021826171875], [0.0, -0.1894183349609378, -0.4877734375000001, -0.753098388671875]], "r": [-1.8960378214405758, 3.857002537583431, -1.7066613292354982, 4.4265274887456965, -1.5944701234155716, 1.0850864215624783, 0.9691450361584658]}}, "id": 31}