{"count": 7, "poses_seq": {"0": {"h": [[-0.0, -0.06016217041015624, -0.19903253173828128, -0.3781705627441406], [0.0, 0.8265, 0.6466341400146485, 0.6521376342773437], [0.0, -0.13929125976562534, -0.3573703613281252, -0.5866577148437502]], "r": [-1.421972700100406, 4.147294236984238, -1.0203444125106018, 4.173245605950331, -1.4384152195610864, 0.8044780132536576, -0.044741214688104464]}, "1": {"h": [[-0.0, -0.05538642883300782, -0.14117724609375, -0.24884429931640625], [0.0, 0.8265, 0.5912308807373047, 0.47875939941406254], [0.0, -0.13951306152343773, -0.34934997558593756, -0.6019366455078126]], "r": [-1.6682484349731126, 4.228851550598668, -1.2929218286735804, 4.544780686614243, -1.231329647398704, 0.9268336144639543, -0.028849165932466864]}, "2": {"h": [[-0.0, -0.052322097778320295, -0.09085758972167969, -0.12808714294433593], [0.0, 0.8265, 0.576878921508789, 0.4350252075195313], [0.0, -0.13882446289062528, -0.35016833496093774, -0.6060096435546876]], "r": [-1.8038740146755319, 4.246377899066007, -1.5058994790239153, 4.4626019189161745, -1.0348981956355356, 0.8909476777895672, -0.3643166308348833]}, "3": {"h": [[-0.0, -0.05512455749511719, -0.06287120056152343, -0.01671742248535156], [0.0, 0.8265, 0.5786417083740234, 0.43050758361816405], [0.0, -0.1400982666015625, -0.3509805908203126, -0.6004245605468752]], "r": [-1.841601518225748, 4.323041958157328, -1.5491924838606923, 4.494719340199392, -1.124976887620007, 0.6662326148929374, -0.673839632927973]}, "4": {"h": [[-0.0, -0.05332629394531249, 0.022941711425781247, 0.24283647155761717], [0.0, 0.8265, 0.6014818420410156, 0.4900317077636719], [0.0, -0.134075439453125, -0.359253662109375, -0.5179414062499998]], "r": [-2.1747850419820245, 4.1369704402940926, -1.8315048436753085, 4.730301174644289, -1.1992410677031946, 0.660812912354119, -0.8084576528008295]}, "5": {"h": [[-0.0, -0.0628018569946289, 0.04322721099853515, 0.3204325637817383], [0.0, 0.8265, 0.6654700317382812, 0.6197521057128906], [0.0, -0.14074475097656253, -0.3553486328125, -0.41254431152343757]], "r": [-2.3327165656317854, 3.7556182171770867, -2.0646540727559652, 4.717634330459506, -1.1733834294812266, 0.809119257043319, 0.9276419111836938]}, "6": {"h": [[-0.0, -0.061381927490234356, 0.056069137573242195, 0.3374179077148437], [0.0, 0.8265, 0.7429697265624999, 0.7783414955139161], [0.0, -0.15597436523437508, -0.3591228027343752, -0.34657983398437514]], "r": [-2.4152370653454085, 3.6392614542975568, -2.0342648297130714, 4.557578646957014, -1.4830230856407192, 0.6195309345192513, -1.0821760480982454]}}, "id": 8}