{"count": 26, "poses_seq": {"0": {"h": [[-0.0, -0.05249130249023437, 0.007778820037841798, 0.21449275970458986], [0.0, 0.8265, 1.0237119140625, 1.1427611083984375], [0.0, -0.1857172851562499, -0.38477062988281246, -0.4899436035156251]], "r": [-0.8392677750739794, 3.6101225933554435, -0.9994899074024485, 2.132056642789625, -4.648776771289114, 1.4381127732274406, -2.243384754687729]}, "1": {"h": [[-0.0, -0.039657817840576176, -0.01613213729858398, 0.1285444679260254], [0.0, 0.8265, 1.0417216796875, 1.1890782928466797], [0.0, -0.19310046386718743, -0.4044013671874998, -0.5666827392578122]], "r": [-0.6222322494440833, 3.590666779256998, -1.0790745825058363, 2.3115476777400845, 1.8658243888762684, 1.58223163058655, -0.782942154768282]}, "2": {"h": [[-0.0, -0.044907939910888664, -0.06670564651489257, 0.004178127288818362], [0.0, 0.8265, 1.0440275878906249, 1.2143544158935549], [0.0, -0.20369384765624982, -0.4067833251953124, -0.6030054931640623]], "r": [-0.667165619966415, 3.890276333008998, -1.3632462203278704, 2.369276370612862, 1.873825520356412, 1.6301353595938721, 1.8175903791361967]}, "3": {"h": [[-0.0, -0.056664012908935545, -0.1267177619934082, -0.1307102394104004], [0.0, 0.8265, 1.0135468139648438, 1.1726432037353516], [0.0, -0.17646887207031253, -0.4038997802734375, -0.6142607421874999]], "r": [-0.5685416829017741, 3.9075457511418876, -1.1301337745047133, 2.360328355332827, 1.641582628794154, 1.4927340883650677, -0.36477133901985237]}, "4": {"h": [[-0.0, -0.05064169311523438, -0.28019471740722657, -0.22241456604003906], [0.0, 0.8265, 0.8705608673095704, 1.0531212615966796], [0.0, -0.15489172363281228, -0.2796851806640624, -0.4530778808593748]], "r": [-0.23698738016605225, 3.8068660004878163, -1.1111947067564578, 2.5625077194675208, 2.023334143909535, 1.160820194287695, -0.8536987292552346]}, "5": {"h": [[-0.0, -0.053039886474609374, -0.2686435546875, -0.14627481079101562], [0.0, 0.8265, 0.8592577438354492, 1.039003173828125], [0.0, -0.15134826660156248, -0.26598632812500017, -0.41214514160156274]], "r": [-0.3380308728997813, 3.6995053580039317, -1.0744709006992175, 2.7440739998323056, 2.1692573618163613, 0.99199707198709, -2.493138220218282]}, "6": {"h": [[-0.0, -0.049257743835449216, -0.23121115875244141, -0.03890906524658204], [0.0, 0.8265, 0.8812718200683594, 1.0377108154296875], [0.0, -0.15717272949218747, -0.28713293457031225, -0.37742346191406245]], "r": [-0.3044467812594585, 3.494830420437836, -0.8178721386970009, 2.390073181367563, 1.7817317825809913, 0.9704247008343064, -4.853297758124824]}, "7": {"h": [[-0.0, -0.045239143371582025, -0.16391695404052734, 0.07193122100830078], [0.0, 0.8265, 0.9070475845336914, 1.037550079345703], [0.0, -0.14803479003906245, -0.32031958007812494, -0.35097497558593754]], "r": [-0.6747614029610591, 3.4521052021340117, -0.6852054620466248, 2.6084829371140166, 1.8643954888686125, 0.8758191967099486, 3.802174868457544]}, "8": {"h": [[-0.0, -0.04868229293823243, -0.034413768768310544, 0.16377373123168945], [0.0, 0.8265, 1.049780792236328, 1.198610595703125], [0.0, -0.16102734374999988, -0.3396337890624999, -0.4196159667968749]], "r": [-0.8222284712346625, 3.5472273446193316, -0.8638542692988643, 2.3556120543959813, 1.5249571455084867, 1.2629220953008542, -1.4278525493530843]}, "9": {"h": [[-0.0, -0.05814657592773437, -0.06894305419921874, 0.042288261413574224], [0.0, 0.8265, 1.0781044006347655, 1.3070314941406251], [0.0, -0.17225036621093742, -0.3380179443359375, -0.4285384521484375]], "r": [-1.015548137310633, 3.779911692538287, -1.1462758900685346, 2.402064158946363, 1.1948291188155675, 1.2873987640603535, -0.9838684354050552]}, "10": {"h": [[-0.0, -0.05889878845214844, -0.11223480224609374, -0.08395704650878906], [0.0, 0.8265, 1.0779369354248047, 1.3425841522216797], [0.0, -0.16150122070312506, -0.32583947753906256, -0.4307438964843751]], "r": [-0.876596642607008, 3.8278222488631344, -1.2203286309999195, 2.474543110278184, 1.148065374752757, 1.312345585279233, -0.7068148187415753]}, "11": {"h": [[-0.0, -0.05987324523925781, -0.13920365142822264, -0.16154044342041016], [0.0, 0.8265, 1.0787542572021485, 1.3487352752685546], [0.0, -0.15909643554687497, -0.32223950195312506, -0.43175390625000004]], "r": [-0.9048485293975048, 3.821010537264598, -1.3023726927925683, 2.3143257716541994, 0.8070363373845588, 1.2318446097762812, 0.2347237199184024]}, "12": {"h": [[-0.0, -0.05960995483398438, -0.17819939422607423, -0.25513896942138675], [0.0, 0.8265, 1.0644178161621094, 1.3223539581298829], [0.0, -0.1587211914062499, -0.3185068359375001, -0.4308969726562502]], "r": [-1.1677086075146283, 3.844784556832229, -1.4837619783928466, 2.556795999842039, 0.5706705761678907, 1.1681076795118794, 0.06959768292628325]}, "13": {"h": [[-0.0, -0.05804672241210938, -0.21427487945556645, -0.35996933746337895], [0.0, 0.8265, 1.0411924133300783, 1.2660127868652344], [0.0, -0.17038562011718766, -0.3234705810546877, -0.4386359863281251]], "r": [-0.7744260088835617, 3.995670745671111, -1.4615968473642136, 2.4046627951964603, 0.8494336566420114, 1.1894079399141866, -1.2855944845165075]}, "14": {"h": [[-0.0, -0.05063371276855469, -0.269020263671875, -0.49677239990234373], [0.0, 0.8265, 0.9959705810546875, 1.1556783142089844], [0.0, -0.1653051757812503, -0.31330969238281253, -0.4075411376953127]], "r": [-0.7320839816307553, 4.163929306831506, -1.4847496023492288, 2.6954206446862927, 0.988514112167396, 1.0948578380316145, -0.6775363065520068]}, "15": {"h": [[-0.0, -0.041868583679199226, -0.320867317199707, -0.6061760940551757], [0.0, 0.8265, 0.8723474960327149, 0.9046068267822266], [0.0, -0.15392700195312542, -0.30402075195312533, -0.37802612304687516]], "r": [-0.551505380321224, 4.383644420879266, -1.5038979311118787, 2.4854208092652805, 0.9897659004341638, 0.7571321431162743, -0.9470225677670574]}, "16": {"h": [[-0.0, -0.03647037506103516, -0.26229434967041015, -0.47191843414306645], [0.0, 0.8265, 0.9951098175048828, 1.1853335418701172], [0.0, -0.15503674316406252, -0.29560595703125, -0.3737653808593749]], "r": [-0.5654935806846865, 4.105961863454373, -1.7224713297518515, 2.1669919634527544, 0.8999095640255569, 1.087035951653605, -3.6089366085953887]}, "17": {"h": [[-0.0, -0.04247798919677734, -0.21140570831298827, -0.331278205871582], [0.0, 0.8265, 1.0350543670654297, 1.2858560485839845], [0.0, -0.16287182617187473, -0.3153519287109375, -0.40707617187499984]], "r": [-0.5841365364725288, 4.069073723088373, -1.7382116429263483, 2.2107467010970594, 1.2189010090539343, 1.359287717635311, 1.3960836222959854]}, "18": {"h": [[-0.0, -0.041107742309570316, -0.15340716552734376, -0.19728460693359376], [0.0, 0.8265, 1.061948989868164, 1.3346696014404298], [0.0, -0.1673526611328125, -0.3298696289062502, -0.42374743652343755]], "r": [-0.616534773539272, 3.934043425765004, -1.6470889426271074, 2.0810756108135067, 1.103323010174133, 1.4116383371139325, 0.28987188135736425]}, "19": {"h": [[-0.0, -0.042670761108398444, -0.10970903015136718, -0.1066459197998047], [0.0, 0.8265, 1.0680837860107422, 1.3444722595214844], [0.0, -0.16872351074218767, -0.3366204833984375, -0.4273945312500001]], "r": [-0.596518937657244, 3.685119531807955, -1.2868611881043046, 1.9667659213418307, 0.789951454700606, 1.3101962750454275, 2.7556629934522734]}, "20": {"h": [[-0.0, -0.04631934356689453, -0.0645755615234375, -0.01363868713378906], [0.0, 0.8265, 1.0761765747070313, 1.3491025390625], [0.0, -0.17660729980468776, -0.34097241210937496, -0.42734802246093767]], "r": [-0.30133216033319565, 3.435598112834803, -1.1350659970527248, 1.841441960173062, 0.8369188274397854, 1.4065653331284729, 0.49526682017715284]}, "21": {"h": [[-0.0, -0.01788793945312501, -0.0007694168090820325, 0.10741297912597655], [0.0, 0.8265, 1.0519734497070312, 1.3053764038085938], [0.0, -0.16938781738281256, -0.3322863769531251, -0.40907946777343757]], "r": [-0.5595599325836056, 3.3600615688236917, -1.0796728507359912, 1.7142673006101454, 0.7008759039693353, 1.3639016358836742, -0.22504561584870011]},