{"count": 6, "poses_seq": {"0": {"h": [[-0.0, -0.06704119873046875, 0.03344857788085937, 0.22211230468749998], [0.0, 0.8265, 0.5644938507080078, 0.38722090148925786], [0.0, -0.13601745605468724, -0.3248604736328125, -0.4739645996093749]], "r": [-4.675385573903513, 0.5295556582774881, 1.0237810904341285, 1.5350290824260435, -0.5164517168946874, 4.835788789757058, -3.0145088418427304]}, "1": {"h": [[-0.0, -0.07089863967895507, 0.09210099411010741, 0.36665939712524415], [0.0, 0.8265, 0.6260568237304688, 0.5375674285888672], [0.0, -0.1416923828124999, -0.3240292968749999, -0.37259082031249996]], "r": [1.5058779231729253, 0.7689101383044675, 1.250646298078278, 1.3227831320166212, -0.6588059610173735, 4.525367893426064, -4.0351975787445395]}, "2": {"h": [[-0.0, -0.06553296279907228, 0.13789728927612305, 0.42443012619018555], [0.0, 0.8265, 0.7145023727416993, 0.760470043182373], [0.0, -0.15126770019531272, -0.3330654296875, -0.33854235839843755]], "r": [1.3569756873250778, 1.0992126387663004, 0.9520002179430654, 1.3772534834700927, -0.6537725546530863, 4.203866165760533, 2.9658736825298644]}, "3": {"h": [[-0.0, -0.06837232971191406, 0.07658889770507812, 0.3112013702392578], [0.0, 0.8265, 0.783988883972168, 0.9382868118286133], [0.0, -0.16905310058593753, -0.38156335449218753, -0.4253992919921877]], "r": [1.5747704285516206, 1.4129021697133286, 0.6285105666507685, 1.6350551096618422, -0.2915181312899018, 4.0903245809295585, 3.9463345082021073]}, "4": {"h": [[-0.0, -0.07673447036743164, 0.011476665496826167, 0.1792125358581543], [0.0, 0.8265, 0.8017812232971191, 0.9998367462158204], [0.0, -0.17126635742187496, -0.39892431640625, -0.48524572753906253]], "r": [1.949922617722914, 1.5353619415360853, 0.5504266201106199, 1.616786061631499, -0.08424484993853208, 3.859117379452577, -3.374835416563135]}, "5": {"h": [[-0.0, -0.09487919998168945, -0.06833183670043945, 0.040619419097900386], [0.0, 0.8265, 0.8195009617805482, 1.0269793548583985], [0.0, -0.14359545898437492, -0.4032207031250002, -0.5135565185546875]], "r": [1.8803976861070306, 1.458433589863126, 0.29198429406832555, 1.685860823106934, 0.012813957715364291, 3.8948758943532478, 1.9248433599970864]}}, "id": 2}