{"count": 37, "poses_seq": {"0": {"h": [[-0.0, -0.05983946228027344, -0.2933425140380859, -0.5508176727294922], [0.0, 0.8265, 0.6071581573486329, 0.4635712127685547], [0.0, -0.136787109375, -0.2531545410156251, -0.31126513671875006]], "r": [-0.5661899976928493, 3.723137761574222, 0.01929951125648969, 1.933665474851602, 0.10534504332375841, 4.922157707034254, -5.465830318092067]}, "1": {"h": [[-0.0, -0.062403861999511714, -0.2839448928833008, -0.5374961929321289], [0.0, 0.8265, 0.5909276885986328, 0.43039450073242186], [0.0, -0.1367553710937502, -0.24500927734375005, -0.29803344726562503]], "r": [-0.966371062692536, 3.8159555868478074, 0.27684096314070045, 1.7840816422586916, 0.4250449482732596, 4.8556098460619435, 1.732117584761945]}, "2": {"h": [[-0.0, -0.0625071563720703, -0.2861505889892578, -0.5402292022705079], [0.0, 0.8265, 0.5931772155761719, 0.438075668334961], [0.0, -0.1315860595703125, -0.23866394042968736, -0.2946529541015624]], "r": [-0.7519420071039234, 3.9773443790483065, -0.09887655589582138, 1.9493055911903852, 0.6274238010481147, 5.204248566145177, -1.1151685473649466]}, "3": {"h": [[-0.0, -0.04556147003173827, -0.35235634613037115, -0.6475417709350586], [0.0, 0.8265, 0.7291088180541991, 0.7123111038208008], [0.0, -0.15245458984374977, -0.24113110351562478, -0.2892041015624998]], "r": [-0.8778628476976875, 3.6331539353780222, 0.28117262495387774, 2.186408164341146, 0.5406352942170781, 4.958026302300731, -1.2911822930688348]}, "4": {"h": [[-0.0, -0.06101046752929688, -0.3263659973144531, -0.5898808288574219], [0.0, 0.8265, 0.6623689880371093, 0.561026840209961], [0.0, -0.14394702148437527, -0.28486840820312503, -0.3911059570312501]], "r": [-1.204216111502309, 3.7803835650576683, 0.5746960406683386, 1.993074949931203, 0.40852080773554056, 4.821163110027717, 0.006388037312151984]}, "5": {"h": [[-0.0, -0.05438780212402343, -0.30440344238281253, -0.5517911987304687], [0.0, 0.8265, 0.7664086265563965, 0.802465633392334], [0.0, -0.13910998535156233, -0.3318200683593749, -0.4893988037109374]], "r": [-1.4797320386000787, 3.533451965873482, 0.7088160587818058, 2.1308154629155975, 0.4611870759078259, 4.6633115929852345, 0.22215963279349754]}, "6": {"h": [[-0.0, -0.04505227661132813, -0.24924522399902344, -0.432443832397461], [0.0, 0.8265, 0.799434181213379, 0.8953901138305664], [0.0, -0.14274279785156258, -0.36773779296875003, -0.5696319580078124]], "r": [-1.7319887708086257, 3.914255657495737, 1.0429719281288659, 2.3922365444328464, 0.8012718074175067, 4.903452079039193, 3.306007581802477]}, "7": {"h": [[-0.0, -0.04328866577148438, -0.19735420227050782, -0.32177735900878907], [0.0, 0.8265, 0.7280264663696289, 0.7416748123168946], [0.0, -0.14607348632812506, -0.40021313476562487, -0.6613663330078123]], "r": [-1.674489514920283, 4.137725111508079, 1.1306252468015459, 2.7253899591330306, 0.4206799624582355, 5.276392977756871, 0.0901091408616766]}, "8": {"h": [[-0.0, -0.04412110900878906, -0.12133340454101561, -0.16991250610351566], [0.0, 0.8265, 0.6625604248046875, 0.6129285278320312], [0.0, -0.14680578613281253, -0.41698181152343766, -0.70070556640625]], "r": [-1.9692428988033959, 4.124235141431761, 0.8521061950365083, 2.339865807073212, 0.5579398441557555, 5.1502573923534865, 2.1762664280741912]}, "9": {"h": [[-0.0, -0.05839046478271484, -0.11531343841552734, -0.11023047637939452], [0.0, 0.8265, 0.8011442756652832, 0.8430286102294922], [0.0, -0.15001281738281264, -0.43654235839843764, -0.6990788574218749]], "r": [-1.9967394860055958, 4.238849814970905, 1.236540813138154, 2.6345611905433395, 0.8975915874521257, 5.142968403091163, 1.4110136845216845]}, "10": {"h": [[-0.0, -0.06332302856445311, -0.05258786010742188, 0.008187541961669924], [0.0, 0.8265, 0.8601486320495606, 0.9613541412353516], [0.0, -0.15138439941406273, -0.4593709716796875, -0.684353515625]], "r": [-2.390737220948175, 4.1218560864583695, 1.3996891672547516, 2.324628357092798, 0.9510780282260412, 4.796840229482993, -0.20621174465555123]}, "11": {"h": [[-0.0, -0.06789698028564453, -0.0029846267700195314, 0.07657623291015625], [0.0, 0.8265, 0.6933253784179687, 0.6781464233398438], [0.0, -0.16414538574218757, -0.45178710937499994, -0.700272705078125]], "r": [-2.5201016263737634, 4.336026587065231, 1.1535637530143295, 1.9416230986951626, 0.9822123640161269, 4.867064027164475, -0.08358909681346156]}, "12": {"h": [[-0.0, -0.061581302642822265, 0.04413194656372071, 0.21630757522583008], [0.0, 0.8265, 0.7165919570922852, 0.7062256774902345], [0.0, -0.1696999511718747, -0.42382055664062485, -0.6454013671874999]], "r": [-2.812217851152523, 4.031087602486659, 0.9184330273610298, 1.832361159174911, 1.0462953656653815, 4.826355645778231, -0.9875155130411516]}, "13": {"h": [[-0.0, -0.06586969566345215, 0.0582490177154541, 0.26327976417541504], [0.0, 0.8265, 0.797925121307373, 0.8644539985656738], [0.0, -0.17101562499999995, -0.41688818359374996, -0.5793834228515624]], "r": [-2.9747024940277824, 3.684790044153686, 0.9663029067152538, 2.1739683522852746, 0.8021096383993582, 4.848231066701298, -2.7666107540581626]}, "14": {"h": [[-0.0, -0.06749325561523438, 0.07861749267578125, 0.29312918090820317], [0.0, 0.8265, 0.8688192100524903, 0.9847976989746093], [0.0, -0.1832279052734374, -0.4033795166015624, -0.4990609130859374]], "r": [-2.8661560598071287, 4.032898482364547, 1.2789423170305492, 2.323907970205652, 1.1894237192407324, 5.021672778115381, -0.9856071298212499]}, "15": {"h": [[-0.0, -0.06006188488006591, 0.13516493701934815, 0.3783147325515747], [0.0, 0.8265, 0.7082620315551758, 0.6876132965087891], [0.0, -0.19871020507812515, -0.37370410156250006, -0.468990478515625]], "r": [-2.9442305987633444, 4.10748017659725, 0.9027728329029016, 2.16792283579057, 0.8724709739104717, 5.282315365761892, -0.011859094426736577]}, "16": {"h": [[-0.0, -0.05189209270477295, 0.13132006549835204, 0.3944921922683716], [0.0, 0.8265, 0.778058292388916, 0.8384450759887696], [0.0, -0.21359326171874998, -0.37444152832031247, -0.40878198242187486]], "r": [-3.0201509294209403, 3.9997458103935153, 1.0788592882937516, 2.4770795416760327, 0.8724174110478055, 5.325108166200938, -1.7029105386848387]}, "17": {"h": [[-0.0, -0.07551106452941894, 0.0639820384979248, 0.2865157604217529], [0.0, 0.8265, 0.8037252082824706, 0.8853286552429199], [0.0, -0.19113488769531234, -0.41796337890624985, -0.5217388916015624]], "r": [-2.974041450742619, 4.051243210521719, 1.3114113039340736, 2.16169039107232, 0.9669559062558791, 4.943124638397121, -1.045686087906135]}, "18": {"h": [[-0.0, -0.07238114738464356, 0.04359300422668457, 0.23234932899475097], [0.0, 0.8265, 0.7209275588989258, 0.7197265319824219], [0.0, -0.17232775878906242, -0.42431311035156233, -0.6051734619140623]], "r": [-2.623883801173149, 4.127281210027962, 0.9903567052712043, 2.332966226182527, 0.8108091930107238, 5.228479553097984, -3.3475342753910073]}, "19": {"h": [[-0.0, -0.07578493118286134, -0.015621326446533204, 0.12562389755249023], [0.0, 0.8265, 0.6828962860107423, 0.6510984954833985], [0.0, -0.15668994140624998, -0.4238321533203125, -0.6658472900390624]], "r": [-2.3035740483096756, 4.312332911677416, 1.1042647421604894, 2.5270991889054932, 0.6495322892295651, 5.412315996530097, 6.017357618174585]}, "20": {"h": [[-0.0, -0.07595405578613282, -0.07464051818847656, 0.010744422912597654], [0.0, 0.8265, 0.8046687736511231, 0.8658880081176759], [0.0, -0.15920520019531265, -0.43109387207031263, -0.6661182861328125]], "r": [-2.173277707681907, 3.939270238088247, 0.7570014432757313, 2.7516606500409564, 0.8953863118739712, 5.217872404925774, -0.34125694181626576]}, "21": {"h": [[-0.0, -0.06414988708496093, -0.14417210388183593, -0.12253015136718749], [0.0, 0.8265, 0.879321315765381, 0.9968899383544922], [0.0, -0.15990075683593769, -0.44396374511718767, -0.669546875]], "r": [-1.950408278208709, 3.829310842350778, 0.38692625643973966, 2.861979311019637, 1.2249471621363064, 5.116793558293871, 1.5505837378723233]},