{"count": 6, "poses_seq": {"0": {"h": [[-0.0, -0.041113983154296874, -0.1606628189086914, -0.21989310455322264], [0.0, 0.8265, 1.0580871734619142, 1.3297167053222656], [0.0, -0.16714001464843747, -0.32852160644531253, -0.4215264892578124]], "r": [2.8624895487216744, 2.5073606257388925, -0.09010450162840539, 2.404556489546505, -1.459835168626926, 1.4773309143121032, -0.4042286345476483]}, "1": {"h": [[-0.0, -0.041405349731445315, -0.13456932067871094, -0.1540270233154297], [0.0, 0.8265, 1.0632422943115234, 1.339668731689453], [0.0, -0.16911584472656266, -0.33333483886718757, -0.4269205322265626]], "r": [2.544611671891291, 2.276260223010852, -0.23302945242878098, 2.1463535188593448, -1.5064637490325226, 1.6705545641934278, -0.5639708228663459]}, "2": {"h": [[-0.0, -0.043790199279785155, -0.09821572875976561, -0.08442483520507812], [0.0, 0.8265, 1.0688936004638672, 1.3445606689453125], [0.0, -0.16963940429687524, -0.33866711425781265, -0.4287086181640625]], "r": [2.2674872968050956, 2.1868020873233145, -0.2909080506839582, 2.172704060001267, -1.7028834418223298, 1.7742276283209661, -0.06520509650653905]}, "3": {"h": [[-0.0, -0.04631934356689453, -0.0645755615234375, -0.01363868713378906], [0.0, 0.8265, 1.0761765747070313, 1.3491025390625], [0.0, -0.17660729980468776, -0.34097241210937496, -0.42734802246093767]], "r": [1.9920525671945906, 2.137982707886756, -0.3603593713872278, 2.0382313773286267, -1.5795836578779576, 1.823547099028849, 0.9137032891651347]}, "4": {"h": [[-0.0, -0.02199543762207031, -0.016074417114257812, 0.08162551116943359], [0.0, 0.8265, 1.0554032745361328, 1.315995132446289], [0.0, -0.17097851562499994, -0.33591406249999994, -0.4150252685546874]], "r": [2.2383980087829918, 2.4446681035568996, -0.12262903518280868, 2.2443226442655777, -1.5214305711009881, 1.5702209850958717, -1.1265615266929743]}, "5": {"h": [[-0.0, -0.005195812225341795, 0.0394304313659668, 0.18313570404052734], [0.0, 0.8265, 1.0339175262451172, 1.2678648681640625], [0.0, -0.1717753906250002, -0.3389558105468751, -0.39771325683593745]], "r": [1.934294221888222, 2.5102135478586582, -0.16393307969067505, 2.4394728583093914, -1.477141827092574, 1.3956746514644887, -1.7965154861751789]}}, "id": 78}