{"count": 48, "poses_seq": {"0": {"h": [[-0.0, -0.04829700469970703, -0.20127075958251955, -0.4058319778442383], [0.0, 0.8265, 0.6466585235595703, 0.5813271331787109], [0.0, -0.1331196289062498, -0.3617980957031249, -0.5637989501953125]], "r": [5.200984404422489, 4.963152903900128, -5.688117809148051, 4.144783682088281, -1.1654465606654874, 0.8960708445365246, 1.4489167929398579]}, "1": {"h": [[-0.0, -0.049041633605957036, -0.14695346832275394, -0.28715534210205074], [0.0, 0.8265, 0.6177667999267578, 0.5061365203857422], [0.0, -0.1327941894531251, -0.3620263671875, -0.597912353515625]], "r": [-1.1736417120071905, 4.96586588671062, 0.6915446473607849, 4.038337728241353, -1.0982272387622884, 0.6382729057932368, -1.4721399449385073]}, "2": {"h": [[-0.0, -0.04588672637939453, -0.1044794692993164, -0.17471479034423829], [0.0, 0.8265, 0.5971662902832031, 0.46138967895507815], [0.0, -0.1338568115234378, -0.3655543212890627, -0.6215731201171877]], "r": [-1.159527905236561, 5.068565507409796, 1.006648655290034, 4.082675219565885, -0.912557428598745, 0.6930861300852798, -2.5987035609827625]}, "3": {"h": [[-0.0, -0.04393079376220704, -0.06922762298583984, -0.05452523040771484], [0.0, 0.8265, 0.5915262298583985, 0.4405100250244141], [0.0, -0.13068017578125019, -0.3614265136718751, -0.6149582519531249]], "r": [-1.317703706062428, 5.025187839138727, 1.3396132547597301, 4.4718361274957905, -1.2246682961269844, 0.5890021715520232, -4.850804932548599]}, "4": {"h": [[-0.0, -0.037205162048339846, -0.03534114837646485, 0.03865681457519532], [0.0, 0.8265, 0.5863598327636719, 0.4363886413574219], [0.0, -0.12921765136718727, -0.3553861083984374, -0.5983312988281249]], "r": [-1.524361408897379, 5.161337473060237, 1.1871000301569852, 4.76246519166672, -1.2839106924089887, 0.7435032464521202, -0.5872338769178593]}, "5": {"h": [[-0.0, -0.0381373748779297, -0.02504228210449219, 0.0744264678955078], [0.0, 0.8265, 0.5886582946777343, 0.44277279663085933], [0.0, -0.12914550781250017, -0.36066979980468755, -0.5945687255859375]], "r": [-1.747071700074231, 5.185599472807752, 0.9205681042997832, 5.138105555661011, -1.508680856919147, 0.781712707635943, -0.8545165769895343]}, "6": {"h": [[-0.0, -0.034689102172851566, 0.017442794799804692, 0.18867974853515623], [0.0, 0.8265, 0.5982677307128906, 0.4872065277099609], [0.0, -0.12250903320312495, -0.35729174804687497, -0.5700976562499998]], "r": [-1.8132233821333188, 5.043606927841162, 1.1657764986111294, 5.399945948895715, -1.743834161215141, 0.6868552234922266, -2.716087776345372]}, "7": {"h": [[-0.0, -0.047336418151855464, 0.03457098388671875, 0.2629156265258789], [0.0, 0.8265, 0.6332672119140625, 0.5678148803710938], [0.0, -0.13101086425781278, -0.3633287353515627, -0.5292899169921876]], "r": [-1.6696003163167252, 4.946439872594525, 1.5325462528847709, 5.5184483592221145, -1.8670980042895409, 0.9333963393641963, -1.4787794215025498]}, "8": {"h": [[-0.0, -0.06295293807983399, 0.061755245208740234, 0.30255773544311526], [0.0, 0.8265, 0.7684754905700684, 0.8227599830627441], [0.0, -0.17580200195312506, -0.403907470703125, -0.5358310546875]], "r": [-1.6576463227380303, 4.622320826895079, 1.2237007934209636, 5.2600698716210434, -2.2029137133660432, 1.204945347392983, -0.6974325785617426]}, "9": {"h": [[-0.0, -0.07144540023803711, 0.03657999038696289, 0.20168720626831055], [0.0, 0.8265, 0.8743863983154296, 1.003394317626953], [0.0, -0.1757739257812499, -0.44171203613281246, -0.595472900390625]], "r": [-1.5370388091968321, 4.578762177544778, 0.8399067058338008, 5.103186028068929, -2.386891554946198, 1.5905075637896429, -2.4203250132178002]}, "10": {"h": [[-0.0, -0.06792363357543944, -0.006069553375244143, 0.09826442337036133], [0.0, 0.8265, 0.9137337341308593, 1.0626939392089843], [0.0, -0.15933312988281229, -0.4401881103515624, -0.6245926513671873]], "r": [-1.680493939653713, 4.374024345694754, 0.700714556635589, 4.744505994184857, -2.3178757003832273, 1.2804741874709664, -0.03390191671918852]}, "11": {"h": [[-0.0, -0.012629821777343744, -0.02880608367919922, 0.011797966003417967], [0.0, 0.8265, 0.9151057891845703, 1.075039810180664], [0.0, -0.15226745605468733, -0.4471395263671874, -0.6477773437499998]], "r": [-1.8090475221062943, 4.422952394642745, 0.3866316228234616, 4.648295232522479, -2.100136542029793, 1.4463757045955556, 0.8701159548195864]}, "12": {"h": [[-0.0, -0.01688713836669921, -0.07365869140625, -0.09395477294921875], [0.0, 0.8265, 0.9137609405517577, 1.0710965881347656], [0.0, -0.15369372558593725, -0.45711206054687487, -0.6726608886718748]], "r": [-1.4843066846750024, 4.61916134074926, 0.37741963321550426, 4.945391927926238, -2.349227645221112, 1.7054988712331351, -0.24863235997091038]}, "13": {"h": [[-0.0, -0.01936231994628905, -0.14260929870605468, -0.2552582550048828], [0.0, 0.8265, 0.8760350952148438, 1.017972854614258], [0.0, -0.15002404785156248, -0.44927038574218764, -0.6746204833984375]], "r": [-1.21791363597797, 4.606131651089103, 0.5857654180664724, 4.839875739560142, -2.207130177826106, 1.4597879262632345, 1.2222221439580645]}, "14": {"h": [[-0.0, -0.006399665832519538, -0.20574182891845702, -0.4024920730590821], [0.0, 0.8265, 0.8079209709167481, 0.8891426849365235], [0.0, -0.1452650146484376, -0.4358077392578124, -0.6475426025390625]], "r": [-1.0692341152404317, 4.8171658327400495, 0.5738649114572817, 4.945714206696114, -2.0616571991770143, 1.4129979992577089, -1.3761135554721797]}, "15": {"h": [[-0.0, -0.06359487152099609, -0.2588300552368164, -0.48287937164306644], [0.0, 0.8265, 0.7176516494750977, 0.6301196594238282], [0.0, -0.15796960449218772, -0.4199787597656251, -0.6005090332031251]], "r": [-0.8654648825331532, 5.175211679678493, 0.7631396947131478, 5.082683531456818, -1.888187968771366, 1.3630485880176437, -2.5206752151346685]}, "16": {"h": [[-0.0, -0.062273590087890615, -0.1702323760986328, -0.308406982421875], [0.0, 0.8265, 0.6091823730468751, 0.43253871154785156], [0.0, -0.1574819335937499, -0.4018165283203124, -0.6031076660156247]], "r": [-1.15469817914163, 5.408791942940619, 0.7636473863169231, 5.319299699313598, -1.7861653848103838, 1.1550223406301048, -2.05239428253249]}, "17": {"h": [[-0.0, -0.05977077484130858, -0.1284089584350586, -0.22547368621826172], [0.0, 0.8265, 0.5860574035644531, 0.3872912292480469], [0.0, -0.15878918457031227, -0.39946386718749977, -0.6047185058593747]], "r": [-1.398012403370446, 5.6894627305272545, 0.5831587447040107, 5.413402880661738, -1.6927867542159862, 1.4714030218912533, 0.8526411474965322]}, "18": {"h": [[-0.0, -0.04567886352539062, 0.03387545776367188, 0.1117209701538086], [0.0, 0.8265, 0.5882378845214844, 0.39747401428222656], [0.0, -0.15306750488281257, -0.363215576171875, -0.5744310302734374]], "r": [-1.7636156510471834, 5.541069773187378, 0.9113838623321647, 5.125361880231994, -1.3381858925482593, 1.190704450414862, 1.3460766895665819]}, "19": {"h": [[-0.0, -0.04296914672851562, 0.09551666259765625, 0.25117145538330077], [0.0, 0.8265, 0.6158092346191406, 0.459052963256836], [0.0, -0.16183154296874985, -0.36489331054687485, -0.5607864990234372]], "r": [-1.8746673627516524, 5.506453585561629, 0.8801216182391399, 4.793157834004973, -1.0578107594599877, 1.3418973886421834, 3.87469047936814]}, "20": {"h": [[-0.0, -0.04921510314941407, 0.1183284454345703, 0.34114662170410154], [0.0, 0.8265, 0.6846994323730469, 0.6064186096191406], [0.0, -0.17821948242187508, -0.3700078125, -0.5366804199218751]], "r": [-2.1669837264811385, 5.3958823890986025, 0.639383137514104, 4.98037734346992, -1.286719925958529, 1.661658739453223, -4.148470323055224]}, "21": {"h": [[-0.0, -0.014055213451385497, 0.14334203577041627, 0.3894275002479553], [0.0, 0.8265, 0.7958760795593263, 0.8272228183746337], [0.0, -0.20843469238281248, -0.3910433349609375, -0.5091131591796874]], "r": [-1.9905778511786172, 5.0522015007191845, 0.7547794000123736, 4.834460075986029, -1.3906355398789585, 1.9531397215374529, 2.804179928530338]},