{"count": 29, "poses_seq": {"0": {"h": [[-0.0, -0.04886235809326171, -0.17639168548583983, -0.07724913787841796], [0.0, 0.8265, 0.6251698608398437, 0.7748904266357421], [0.0, -0.14910034179687487, -0.2575380859375001, -0.43938769531250005]], "r": [-3.1429226483634767, 2.0586382485606607, 0.5006047800568922, 0.5507886351741011, 2.357031447387863, 4.462669926911637, 3.1152087690033827]}, "1": {"h": [[-0.0, -0.042673507690429685, -0.09853536987304687, 0.10788105773925782], [0.0, 0.8265, 0.6469120635986328, 0.7576037902832031], [0.0, -0.16352905273437496, -0.31751733398437515, -0.4293846435546876]], "r": [3.0794274818301135, 2.2607297642677167, 0.47300444697268385, 0.6010676016187597, 2.2603567084151175, 4.214588600404029, 5.635274504152773]}, "2": {"h": [[-0.0, -0.0458746452331543, 0.057466197967529296, 0.305940860748291], [0.0, 0.8265, 0.7387887878417969, 0.805515121459961], [0.0, -0.17503588867187486, -0.3891887207031251, -0.43306005859375013]], "r": [3.0999994701551303, 2.605972770690387, 0.5236015199011627, 0.77728553148259, 2.44309942422544, 3.9430243869121244, 2.2152832227373747]}, "3": {"h": [[-0.0, -0.07924467468261719, -0.052112342834472664, 0.17404186248779296], [0.0, 0.8265, 0.7434705657958984, 0.8043337020874024], [0.0, -0.15848706054687495, -0.38871813964843743, -0.49527966308593757]], "r": [2.813979329200068, 2.374159905107003, 0.7143301971121053, 0.7298053149218315, 2.443659066216615, 4.293124368553836, 4.139037142234937]}, "4": {"h": [[-0.0, -0.06683052825927734, -0.13211760711669923, 0.03026396942138672], [0.0, 0.8265, 0.651099105834961, 0.7641049041748047], [0.0, -0.1424864501953123, -0.30600964355468735, -0.46878540039062494]], "r": [3.0964727835985983, 2.1070401848837705, 0.4953111563265121, 0.7329602787957301, 2.0504072375908873, 4.127623812601682, -3.437530653637112]}, "5": {"h": [[-0.0, -0.06273375701904295, -0.15526509857177734, -0.058631919860839835], [0.0, 0.8265, 0.6068998260498046, 0.729125099182129], [0.0, -0.15341955566406257, -0.21292932128906267, -0.4185115966796878]], "r": [3.123029498518658, 2.067041100795581, 0.25349158768676777, 0.725863699578938, 1.7361545481499303, 4.506192026704183, 3.8103203435049378]}, "6": {"h": [[-0.0, -0.055355628967285145, -0.147765007019043, -0.13455835723876952], [0.0, 0.8265, 0.6096170654296875, 0.7348606491088867], [0.0, -0.1453907470703129, -0.19832263183593773, -0.4234249267578128]], "r": [3.0044049448019186, 1.716480793202344, 0.27095697199375324, 0.6249975154497112, 2.0390632556543555, 4.484238157833669, -1.3761084717886531]}, "7": {"h": [[-0.0, -0.04882806396484374, -0.20997750854492186, -0.2810614929199219], [0.0, 0.8265, 0.6476150512695312, 0.7655616607666016], [0.0, -0.1426317138671876, -0.24678979492187497, -0.4632244873046874]], "r": [2.7656573676299407, 1.40086949580833, 0.0601081268432136, 0.8060039048895631, 2.084257482728198, 4.558941965152486, -0.019549722908832196]}, "8": {"h": [[-0.0, -0.05841507720947264, -0.2997562789916992, -0.47890294647216797], [0.0, 0.8265, 0.7202085494995117, 0.8210576934814453], [0.0, -0.1448154296875, -0.29745385742187486, -0.4577363281249998]], "r": [2.6616399825226966, 1.168620223486587, -0.1292009463515978, 0.997875427617241, 2.166353341995427, 4.265561364562548, -1.1299724932680852]}, "9": {"h": [[-0.0, -0.05444016265869141, -0.32791316986083985, -0.5980645980834961], [0.0, 0.8265, 0.7916852416992188, 0.8299736595153808], [0.0, -0.14225012207031257, -0.3083084716796874, -0.41329187011718754]], "r": [2.9454121626238776, 1.0977804058851708, 0.025457881473532357, 1.192804034399687, 1.7852883719719135, 3.997127130701617, -4.008959783886748]}, "10": {"h": [[-0.0, -0.05099957275390625, -0.28007839965820314, -0.4703167419433594], [0.0, 0.8265, 0.6793159027099609, 0.792532211303711], [0.0, -0.15726513671875014, -0.2313593750000001, -0.4154426269531251]], "r": [3.0260539087886666, 1.2469864733857376, 0.054054700648428364, 1.2495314700230322, 1.4609264747281356, 4.288141890815023, 1.5193842660419754]}, "11": {"h": [[-0.0, -0.0507577896118164, -0.2260326614379883, -0.34919367218017583], [0.0, 0.8265, 0.6408204193115234, 0.7695713348388673], [0.0, -0.16186120605468785, -0.18620129394531287, -0.4087088623046878]], "r": [2.9816173637728305, 1.3123511372308945, 0.03808638378290018, 0.9173758455821345, 1.7880493058936644, 4.388383771298888, 2.6841661448952143]}, "12": {"h": [[-0.0, -0.04844275665283203, -0.20094875335693363, -0.09215453338623046], [0.0, 0.8265, 0.6332930450439453, 0.7623206481933594], [0.0, -0.16774780273437512, -0.22028466796874985, -0.4134071044921875]], "r": [2.91241027383702, 1.6253449007391603, 0.15262989006172584, 0.9814889629858234, 1.391119787910103, 4.355285258836547, 5.6135793747274025]}, "13": {"h": [[-0.0, -0.05064525604248046, -0.18699713897705078, -0.01817647552490234], [0.0, 0.8265, 0.6586338348388672, 0.7936271362304688], [0.0, -0.1708878173828124, -0.26993518066406225, -0.41354479980468734]], "r": [2.8146787848995376, 1.9213609846225166, 0.2070520549128035, 1.3030577716742786, 1.1196468242521516, 4.582734835711602, -0.024987613784712953]}, "14": {"h": [[-0.0, -0.05856502151489258, -0.0062087745666503935, 0.1593902244567871], [0.0, 0.8265, 0.783104866027832, 0.8379009895324707], [0.0, -0.15849707031249977, -0.43366308593749997, -0.6237558593749999]], "r": [2.4449591975017855, 2.1032405673279055, 0.5906023271169383, 1.4197084366082728, 1.4938903377982684, 4.4452976342952315, 2.068520716468569]}, "15": {"h": [[-0.0, -0.054596809387207026, -0.14937393951416017, 0.05353226470947266], [0.0, 0.8265, 0.675493865966797, 0.7578720245361328], [0.0, -0.17003808593749997, -0.3410107421875, -0.47777221679687504]], "r": [2.7812923454945717, 1.861675865862009, 0.3924814004321042, 1.0591249397838922, 1.384681464809639, 4.251222374556905, -0.4938420893427235]}, "16": {"h": [[-0.0, -0.04664547729492187, -0.049447723388671885, 0.18492276000976562], [0.0, 0.8265, 0.7079057998657227, 0.7844267807006836], [0.0, -0.1603854980468749, -0.3749937744140624, -0.4543388671874998]], "r": [2.450550930957181, 1.9669750247753608, 0.3979604675111138, 1.2974668404748302, 1.1899631954324619, 4.424547403881509, -2.0446141218764096]}, "17": {"h": [[-0.0, -0.06487435150146484, -0.17135688018798828, -0.2859740676879883], [0.0, 0.8265, 0.6931710205078125, 0.6170779266357422], [0.0, -0.13961242675781255, -0.4156298828125001, -0.6714154052734376]], "r": [2.8094094636078815, 1.5733396432889772, 0.5417758217993842, 1.5705835018382959, 1.2591591855969337, 4.711420099734502, 0.87478380743455]}, "18": {"h": [[-0.0, -0.07261589050292969, -0.03729968261718751, -0.0020157241821289057], [0.0, 0.8265, 0.6642658081054688, 0.6203228302001953], [0.0, -0.14718652343749988, -0.42781884765624995, -0.7017644042968749]], "r": [2.4418353452312433, 1.8672613759142809, 0.6995168051224475, 1.497869719797801, 1.3755709179273194, 4.851090258271232, -1.187696393615697]}, "19": {"h": [[-0.0, -0.07316944885253905, -0.20408615112304684, -0.25861422729492184], [0.0, 0.8265, 0.6981466369628906, 0.6361582946777344], [0.0, -0.1586083984374998, -0.42156396484374997, -0.6810310058593749]], "r": [2.6272617670771012, 2.018597535274908, 0.8151773301545278, 1.5060620841383332, 1.6462661134358023, 5.079888886271196, -2.4583591827363076]}, "20": {"h": [[-0.0, -0.07149055480957031, -0.24426045227050783, -0.3988799896240235], [0.0, 0.8265, 0.7144384460449219, 0.6480156402587891], [0.0, -0.1536611328125, -0.3765413818359374, -0.6007683105468749]], "r": [2.9822949215718006, 1.6700648179382704, 0.5398188597545688, 1.157491523862247, 1.8377423643646156, 4.743872720509255, -0.15680046204001316]}, "21": {"h": [[-0.0, -0.06953895568847657, -0.1313063507080078, -0.18668585205078125], [0.0, 0.8265, 0.6703844146728516, 0.6125752258300782], [0.0, -0.14498315429687497, -0.42994421386718745, -0.7048975830078124]], "r": [2.8024918725883956, 1.6698390269501626, 0.6737801462304038, 1.2808573598150605, 1.5026787137218283, 4.532128375259632, -1.2664764953003431]},