{"count": 35, "poses_seq": {"0": {"h": [[-0.0, -0.07779711151123046, 0.031554580688476566, 0.2367385787963867], [0.0, 0.8265, 0.782616569519043, 0.9747593841552734], [0.0, -0.1678437499999999, -0.3881627197265625, -0.40600244140625]], "r": [-1.2576064914208898, 4.393472261889619, 0.2823122369941618, 4.285535903896103, -2.560308725394416, 4.649046258905687, 0.09957595021259127]}, "1": {"h": [[-0.0, -0.08334888076782226, -0.013199703216552734, 0.1413262825012207], [0.0, 0.8265, 0.7739406356811523, 0.9690490417480468], [0.0, -0.16569470214843768, -0.4091798095703126, -0.50843701171875]], "r": [-1.26288700557385, 4.66835969752079, 0.20461980111678735, 4.34805264139353, -2.6881549773476285, 4.435135726692403, -1.1026028728782227]}, "2": {"h": [[-0.0, -0.08018952178955079, -0.049146255493164065, 0.07698065185546875], [0.0, 0.8265, 0.7355348968505859, 0.8942908630371094], [0.0, -0.16598022460937517, -0.4249078369140627, -0.5842222900390626]], "r": [-1.1680638617653543, 4.8046803902196125, 0.03793122612747224, 4.4860245731983035, -2.309647966704396, 4.473005460251372, -2.97593465054438]}, "3": {"h": [[-0.0, -0.06515048980712891, -0.0926413345336914, -0.0005742340087890596], [0.0, 0.8265, 0.6257645416259765, 0.6829986114501954], [0.0, -0.1460601806640625, -0.36129687500000013, -0.5906827392578127]], "r": [-0.7894233836785522, 4.885029795513692, 0.20334038437243368, 4.7757267183481265, -2.104000113032427, 4.67278183772338, -4.819284557610099]}, "4": {"h": [[-0.0, -0.059269889831542966, -0.05688164520263672, 0.12046764373779296], [0.0, 0.8265, 0.5883009643554687, 0.6123714294433593], [0.0, -0.13845324707031265, -0.314996826171875, -0.49746813964843756]], "r": [-0.6439861020601785, 4.857885705622716, 0.4572145258308291, 5.152264701011839, -2.129039802355315, 4.361797904555549, 3.786885423481834]}, "5": {"h": [[-0.0, -0.07167710113525391, -0.11381671905517579, -0.019517448425292974], [0.0, 0.8265, 0.6440359802246094, 0.8215545501708985], [0.0, -0.15042980957031277, -0.3450952148437501, -0.5027259521484375]], "r": [-0.8158998437629512, 4.916040644930102, 0.07715369355208573, 4.878818149194446, -2.185011172899285, 4.328421963969389, 0.44262945578232743]}, "6": {"h": [[-0.0, -0.07032833099365236, -0.15230716705322267, -0.11902835845947267], [0.0, 0.8265, 0.6367269134521485, 0.8045360870361329], [0.0, -0.14251293945312532, -0.34459179687500013, -0.53262451171875]], "r": [-0.48224354807224246, 4.98802944650199, 0.2898582388920976, 5.038151197999476, -2.0999576556757193, 4.007154821318925, 3.5313460035827884]}, "7": {"h": [[-0.0, -0.0511869659423828, -0.10137725830078125, -0.0514369659423828], [0.0, 0.8265, 0.5570961456298829, 0.5515281524658203], [0.0, -0.13984265136718738, -0.2996453857421873, -0.5551090087890622]], "r": [-0.5372403584640837, 5.294272590917783, 0.49810797616180547, 4.952694181720567, -2.4357937366834705, 4.378106764479703, -1.18786076058873]}, "8": {"h": [[-0.0, -0.055713363647460934, -0.05978352355957031, 0.07505854797363282], [0.0, 0.8265, 0.5690993957519531, 0.5263076477050781], [0.0, -0.14741735839843734, -0.33861608886718747, -0.5691710205078124]], "r": [-0.8082705740175926, 5.089150041978061, 0.3838335385193, 4.888489776650136, -2.221378019329106, 4.72569841584498, -1.4723249285649407]}, "9": {"h": [[-0.0, -0.0617080955505371, 5.044555664062561e-05, 0.08185466766357422], [0.0, 0.8265, 0.7007332763671875, 0.6789355773925781], [0.0, -0.18478552246093743, -0.47396887207031263, -0.7331693115234375]], "r": [-1.1206962367595428, 4.9189654420517215, 0.04250282404708832, 4.518781189974966, -1.903237951576338, 4.864400499316562, -1.6059667486096627]}, "10": {"h": [[-0.0, -0.06367665100097657, -0.14125522613525393, -0.11909824371337892], [0.0, 0.8265, 0.6990445709228515, 0.690661392211914], [0.0, -0.18109790039062484, -0.49725683593749986, -0.7534073486328123]], "r": [-0.8350275503612065, 5.051780406286188, 0.04307541455804079, 4.780895440984843, -1.7367345487582917, 4.600476232134137, -0.13675924319865432]}, "11": {"h": [[-0.0, -0.05710278320312501, -0.1813988037109375, -0.08273329162597656], [0.0, 0.8265, 0.6159501342773437, 0.6159187469482421], [0.0, -0.16680664062499978, -0.31859582519531254, -0.5534990234374999]], "r": [-0.6523610377055616, 5.267493878431012, 0.10607962776132562, 5.175799036585911, -1.9166114323187669, 4.386146437194603, -2.760088103087869]}, "12": {"h": [[-0.0, -0.05163190460205079, -0.14854141998291015, 0.01549134063720703], [0.0, 0.8265, 0.6214875488281251, 0.6132558441162109], [0.0, -0.16120690917968777, -0.3295294189453127, -0.5222235107421875]], "r": [-0.7825853228455556, 5.354309572767954, 0.1956750759501666, 5.1852121605036405, -2.1013021006008734, 4.234182253766634, -4.372366635446752]}, "13": {"h": [[-0.0, -0.04922768402099609, -0.06298352813720703, 0.15269423675537108], [0.0, 0.8265, 0.6312920074462891, 0.6400932006835938], [0.0, -0.17354760742187497, -0.3759757080078126, -0.514629638671875]], "r": [-1.1104487973289938, 5.196458083322757, 0.24898649298196585, 4.865063595651508, -2.4115165022370317, 4.454848444930633, 3.5967506783783296]}, "14": {"h": [[-0.0, -0.05301321411132812, 0.025043670654296874, 0.19415375518798828], [0.0, 0.8265, 0.7336322479248047, 0.7459607925415039], [0.0, -0.19757080078125006, -0.4825805664062502, -0.6891384277343751]], "r": [-1.410096354139046, 5.204681110558646, 0.21962447431978335, 4.514851871362414, -2.7113872030539734, 4.283244416382251, -2.6545175547026094]}, "15": {"h": [[-0.0, -0.05257605743408203, 0.02053630828857422, 0.11655035400390625], [0.0, 0.8265, 0.7606084213256836, 0.770745704650879], [0.0, -0.19398937988281234, -0.5200600585937498, -0.7619954833984375]], "r": [-1.143898178988103, 5.178497883517559, 0.43282483644233066, 4.596858296454996, -2.762158866646891, 4.008931707525964, 0.016768250032239362]}, "16": {"h": [[-0.0, -0.055015441894531246, -0.04787199401855468, -0.02175341796875], [0.0, 0.8265, 0.7678623046875, 0.7744643898010255], [0.0, -0.19479382324218736, -0.5400355224609374, -0.7968524169921873]], "r": [-0.8161550804417064, 4.903137891156652, 0.5249950629091322, 4.412772704944442, -2.5185410283941922, 4.29731214101214, 1.2626138296030442]}, "17": {"h": [[-0.0, -0.056107681274414054, -0.21284988403320315, -0.11144221496582031], [0.0, 0.8265, 0.6606338195800782, 0.6784235229492188], [0.0, -0.17780676269531243, -0.32622912597656245, -0.5686785888671873]], "r": [-0.5889785219436483, 5.0586352160511066, 0.46102723329652173, 4.673959258330994, -2.6399815676032254, 4.422815511862696, 2.5935221469659746]}, "18": {"h": [[-0.0, -0.0535535888671875, -0.18695091247558593, -0.020247360229492195], [0.0, 0.8265, 0.6542467041015625, 0.6689746704101562], [0.0, -0.17809753417968716, -0.34222192382812483, -0.5339924316406248]], "r": [-0.702737317583174, 5.265409132070484, 0.5342986026361495, 4.930233792257435, -2.783330046041947, 4.085700021740674, 2.121394069985566]}, "19": {"h": [[-0.0, -0.04776184082031251, -0.08085893249511719, 0.14779115295410156], [0.0, 0.8265, 0.6520613555908203, 0.6814375305175782], [0.0, -0.17428735351562513, -0.3863092041015624, -0.5047353515624999]], "r": [-1.011802378810207, 5.191058299813131, 0.46266766805081594, 4.903271895858415, -2.6683641670025255, 4.191866243501512, 2.911869594612116]}, "20": {"h": [[-0.0, -0.05466822052001954, 0.013726516723632811, 0.20628795623779295], [0.0, 0.8265, 0.7586306381225586, 0.7960338630676269], [0.0, -0.19917871093750011, -0.48026599121093755, -0.64811572265625]], "r": [-0.9271993640030727, 4.812954710266501, 0.7496257071447214, 4.653508416708957, -2.8214636866439835, 4.016333996639779, 0.5499956052717279]}, "21": {"h": [[-0.0, -0.05596434020996094, -0.0016736221313476546, 0.13066698455810546], [0.0, 0.8265, 0.7910398445129394, 0.8251710319519043], [0.0, -0.20041333007812506, -0.499197509765625, -0.7143093261718749]], "r": [-0.9063288278574831, 4.924642004690494, 0.7585026238203795, 4.692548133583664, -3.046869827712783, 3.782077925064801, -2.215050285954293]},