{"count": 27, "poses_seq": {"0": {"h": [[-0.0, -0.05447421264648439, -0.14449404907226562, -0.20666014099121097], [0.0, 0.8265, 0.6078970794677734, 0.5366851959228516], [0.0, -0.14745703124999993, -0.3743077392578125, -0.6524940185546875]], "r": [-0.8401053793042552, 4.497562671624165, -0.5120942259273267, 1.946130547032807, 1.6827897132271274, 0.6267645302330662, -2.3860041415445705]}, "1": {"h": [[-0.0, -0.051199821472167964, -0.057877601623535155, 0.0444978256225586], [0.0, 0.8265, 0.5935013427734375, 0.4868145294189454], [0.0, -0.15509399414062514, -0.3777640380859378, -0.6221164550781251]], "r": [-1.2171305523282527, 4.461840095667699, -0.41322294544762317, 1.975655013252536, 2.014865190605133, 0.5889814932076638, 0.32734932589852783]}, "2": {"h": [[-0.0, -0.0497354507446289, 0.0071283950805663965, 0.20749587249755858], [0.0, 0.8265, 0.6178419189453126, 0.5568951873779298], [0.0, -0.14379638671875, -0.3743258056640624, -0.57270458984375]], "r": [-1.4146144494073216, 4.138232545484024, -0.09511533101952896, 1.6482011587380352, 1.8835585503641792, 0.7896791450085613, -0.7429771935159174]}, "3": {"h": [[-0.0, -0.05273357391357421, 0.0391009521484375, 0.2795050354003906], [0.0, 0.8265, 0.6840715637207031, 0.7319283676147461], [0.0, -0.15737243652343752, -0.3838280029296875, -0.522649658203125]], "r": [-1.3667414239922155, 3.9746084757310807, -0.45815324671299473, 1.5635193375852632, 1.6374066526401236, 0.9301904146811725, -3.506254794855873]}, "4": {"h": [[-0.0, -0.07023789978027344, -0.013574760437011717, 0.17281937408447265], [0.0, 0.8265, 0.8290550537109375, 0.9825009155273438], [0.0, -0.1585582275390625, -0.41631799316406265, -0.5127310791015625]], "r": [-1.1505774162092532, 3.6649475458069025, -0.4265563402440357, 1.9128896314970836, 1.3543470996334686, 1.0074014805516684, 2.992575369867467]}, "5": {"h": [[-0.0, -0.06147592163085938, -0.09189939880371095, 0.022066795349121086], [0.0, 0.8265, 0.8688769187927247, 1.0719390869140626], [0.0, -0.14274133300781272, -0.41713757324218764, -0.5304749755859375]], "r": [-0.8693768040464974, 3.7064325745863864, -0.6114833511480007, 2.0503466566542454, 1.2388590663288144, 1.062649917977306, 3.1783125995952988]}, "6": {"h": [[-0.0, -0.06820066833496093, -0.14589399719238283, -0.0919980010986328], [0.0, 0.8265, 0.8466294250488282, 1.0550892181396485], [0.0, -0.14402392578124995, -0.4160410156250001, -0.5570771484375001]], "r": [-0.6699483940386449, 3.7129548004125716, -0.47371413224654113, 2.4015128364105527, 1.5061144239095867, 1.0979765534967558, -0.14986304133414696]}, "7": {"h": [[-0.0, -0.05768646240234375, -0.07583067321777344, 0.03919510650634765], [0.0, 0.8265, 0.8531094894409179, 1.0539051818847658], [0.0, -0.14739916992187513, -0.4223275146484376, -0.5365117187500001]], "r": [-0.9888142305432175, 3.7260622661485754, -0.29423505040958453, 2.574976467030442, 1.4132792968209533, 0.9844632260784317, 0.9543757293324278]}, "8": {"h": [[-0.0, -0.06961079406738283, -0.01437538528442383, 0.16738863372802734], [0.0, 0.8265, 0.8354874486923218, 0.9946630859375001], [0.0, -0.16818286132812493, -0.4226656494140624, -0.5156619873046875]], "r": [-1.2809081454423292, 3.8807768398580977, -0.5795208128094478, 2.784014965474683, 1.6707517811513666, 0.9158783122412056, 2.7741624173833275]}, "9": {"h": [[-0.0, -0.06774370193481445, 0.020728061676025387, 0.26185400772094725], [0.0, 0.8265, 0.7504155502319336, 0.8211910781860352], [0.0, -0.17895385742187503, -0.40945263671874993, -0.4720909423828124]], "r": [-1.5486401429844128, 3.8081895479021064, -0.25930870757941277, 2.451237902030895, 1.9192125225162406, 0.7133556027581084, 4.1723413479950695]}, "10": {"h": [[-0.0, -0.0609298400878906, -0.14795379638671874, 0.08680433654785158], [0.0, 0.8265, 0.7099610214233398, 0.7408202228546142], [0.0, -0.24577734375, -0.44242309570312505, -0.6234029541015627]], "r": [-1.2108610374434312, 3.869383534630952, -0.09564917778902302, 2.172425884086045, 1.8722884823270347, 0.8479163298661665, -2.9553540692589713]}, "11": {"h": [[-0.0, -0.0428770446777344, -0.13168820190429686, 0.14663778686523438], [0.0, 0.8265, 0.6995073547363282, 0.7638755187988282], [0.0, -0.22604382324218736, -0.42076110839843733, -0.4907208251953124]], "r": [-1.4465203372599107, 3.7005436346394482, 0.19557992640034605, 1.7931219017575921, 1.7997034532835334, 0.6718557523920691, -0.542828607773111]}, "12": {"h": [[-0.0, -0.04382112121582031, -0.0940581512451172, 0.050455886840820315], [0.0, 0.8265, 0.748734130859375, 0.8973793334960938], [0.0, -0.1119976806640624, -0.3338740234375, -0.41004772949218743]], "r": [-1.2774823339949655, 3.460476940283046, 0.3858096168529231, 1.974907884602182, 1.4158762178959032, 0.6763518564826028, -2.6533871839997833]}, "13": {"h": [[-0.0, -0.057698883056640615, -0.12111805725097655, 0.0029751052856445415], [0.0, 0.8265, 0.7810421295166016, 1.0341566467285157], [0.0, -0.13011340332031246, -0.3407934570312499, -0.4601376953124999]], "r": [-1.1516799158891449, 3.3767961421735615, 0.4514145979208509, 2.00066293817956, 1.2715784275194373, 0.8781371120008259, -3.586296564244067]}, "14": {"h": [[-0.0, -0.05419660949707031, -0.15415692138671877, -0.08393112182617188], [0.0, 0.8265, 0.744841682434082, 1.0204266815185548], [0.0, -0.12085070800781234, -0.30328149414062505, -0.45161535644531253]], "r": [-0.840192110377673, 3.3901405475612973, 0.2724688310583649, 2.0754170854927367, 1.403195229966977, 0.8671387593231992, 1.6895930808898643]}, "15": {"h": [[-0.0, -0.05112377929687499, -0.16907781982421877, -0.16351678466796876], [0.0, 0.8265, 0.7475306625366211, 1.023405532836914], [0.0, -0.1290609130859373, -0.3043750000000001, -0.4588060302734374]], "r": [-0.7412190809183318, 3.45437613500826, 0.144882218365106, 1.69298141543, 1.042624136662547, 0.8652962671230592, 2.4243735404909583]}, "16": {"h": [[-0.0, -0.04842124938964844, -0.18332116699218748, -0.22800546264648436], [0.0, 0.8265, 0.7532023620605468, 1.0200868835449217], [0.0, -0.12312609863281249, -0.29782104492187483, -0.4546273193359374]], "r": [-0.5345888944697197, 3.602617140216632, -0.050109898609783696, 2.087050075245415, 1.1925899377605378, 0.8406275946068796, 5.046288796418051]}, "17": {"h": [[-0.0, -0.03868099975585937, -0.20975965881347655, -0.3256255340576172], [0.0, 0.8265, 0.7533949203491211, 0.9827728576660156], [0.0, -0.13691503906249985, -0.28853820800781255, -0.45504321289062505]], "r": [-0.42406090902623994, 3.534084058681909, 0.13931403500273548, 2.01188090211172, 1.3409919107352433, 0.9632734969176258, -1.100434910328487]}, "18": {"h": [[-0.0, -0.0339332275390625, -0.20854893493652346, -0.39243415832519524], [0.0, 0.8265, 0.6795483398437501, 0.7308248519897461], [0.0, -0.15980578613281243, -0.25741320800781226, -0.4800123291015624]], "r": [-0.5273016622008393, 3.922019952779051, 0.1860690530516069, 2.080088667837971, 1.5401117456399487, 0.6743237343834868, 1.0627479805289874]}, "19": {"h": [[-0.0, -0.03422640228271484, -0.16700934600830078, -0.30380200958251957], [0.0, 0.8265, 0.6431817474365235, 0.5642299041748047], [0.0, -0.1499605712890622, -0.23521032714843743, -0.4999970703124999]], "r": [-0.8120500867990911, 3.941820169278139, 0.5486494138161567, 1.7319525371770546, 1.8685656201820864, 0.71302170450734, -0.39360855074329704]}, "20": {"h": [[-0.0, -0.04302827453613281, -0.14538018798828126, -0.19878997802734374], [0.0, 0.8265, 0.6163568572998047, 0.5242874603271485], [0.0, -0.16262792968750023, -0.23718212890625018, -0.537071044921875]], "r": [-1.119533005229428, 3.8848844492023664, 0.8005789983301668, 1.553864204294541, 1.9363056857727166, 0.8357523855428688, -2.311765808350865]}, "21": {"h": [[-0.0, -0.047995513916015614, -0.0870269775390625, -0.052362548828124994], [0.0, 0.8265, 0.5756562652587891, 0.4318877716064453], [0.0, -0.12558776855468762, -0.33219030761718754, -0.5886195068359374]], "r": [-1.2682935792527683, 4.181313581912952, 0.6320390041934887, 1.3353413591294578, 1.8141932915658385, 0.7046841197076437, 0.5748168171236967]},