{"count": 13, "poses_seq": {"0": {"h": [[-0.0, -0.07565234375, 0.039412590026855474, 0.26007035064697265], [0.0, 0.8265, 0.8857162055969239, 1.0194442443847656], [0.0, -0.15701611328125004, -0.36097668457031246, -0.3359572753906251]], "r": [0.8453139584558308, 1.9584290989959032, -2.392180497777983, 4.227956703237245, -1.343072982771393, 1.2591994631031724, -1.1405262067005768]}, "1": {"h": [[-0.0, -0.06577612304687498, -0.05092340087890625, 0.10404234313964844], [0.0, 0.8265, 0.9295611267089844, 1.1384318084716796], [0.0, -0.1373457031250001, -0.37574267578125015, -0.4008642578125002]], "r": [0.95723292547846, 2.035118769996335, -2.7747937478642397, 4.090110311883842, -1.157017849716043, 1.5104560431605145, -3.959954105565726]}, "2": {"h": [[-0.0, -0.060047828674316406, -0.13648923492431642, -0.06904778289794922], [0.0, 0.8265, 0.9124189453125, 1.1653427276611328], [0.0, -0.13304113769531273, -0.37119177246093754, -0.4193428955078125]], "r": [1.3315482117414381, 2.0535298272323397, -2.8136754322133046, 4.085706195269534, -1.1818045823221874, 1.5630611202021605, 4.89363122928511]}, "3": {"h": [[-0.0, -0.05761170196533204, -0.16343245697021486, -0.1446443405151367], [0.0, 0.8265, 0.903411979675293, 1.1624955139160158], [0.0, -0.13337585449218753, -0.3744232177734373, -0.4330213623046873]], "r": [1.2953456941064412, 2.3663322508301436, -2.8405555977374077, 3.6970499542926603, -1.4896348217439586, 1.210537244861667, -4.071905358837648]}, "4": {"h": [[-0.0, -0.05722232818603515, -0.18721068572998045, -0.21288634490966796], [0.0, 0.8265, 0.901332145690918, 1.1547373657226563], [0.0, -0.1331196289062498, -0.3744936523437499, -0.4420375976562499]], "r": [1.3430442321759364, 2.4778985225530334, -3.0267649027421446, 3.6351182704340643, -1.587973175076873, 1.1754882323016933, 5.3141400795698]}, "5": {"h": [[-0.0, -0.05680802917480468, -0.22434895324707033, -0.3111182098388672], [0.0, 0.8265, 0.8590890350341798, 1.0943938903808594], [0.0, -0.13100585937499992, -0.3708925781249999, -0.4664908447265626]], "r": [1.5911691047191492, 2.1965646343619643, -3.013010296386174, 3.9019068532253116, -1.4686688442758808, 1.254951654787944, 0.0608854852620712]}, "6": {"h": [[-0.0, -0.057439613342285145, -0.2593871994018555, -0.45206395721435555], [0.0, 0.8265, 0.7799187431335449, 0.9262014617919923], [0.0, -0.128253173828125, -0.36448608398437515, -0.513498779296875]], "r": [1.9135754843444588, 1.9579511696292835, -2.8654255437148435, 3.984873153955956, -1.6533618446586658, 1.025280316361562, 0.9743958051073961]}, "7": {"h": [[-0.0, -0.050908447265625004, -0.22621850585937503, -0.4475310974121094], [0.0, 0.8265, 0.6712467346191406, 0.6452596740722657], [0.0, -0.13080676269531227, -0.3612086181640624, -0.5553233642578124]], "r": [1.922579110368028, 1.6444676073542952, -3.0191413270457206, 4.331045073279278, -1.636002519158033, 0.7618551382518676, 2.8087474642131225]}, "8": {"h": [[-0.0, -0.05198278808593751, -0.1600416717529297, -0.3144780731201172], [0.0, 0.8265, 0.6243534698486328, 0.5214103393554688], [0.0, -0.13354150390625003, -0.36117822265625016, -0.5905793457031252]], "r": [1.839165558379615, 1.3007783288247172, -2.71096184834296, 4.451027438863073, -1.3601545165818647, 0.7977916851714663, 4.301126329604772]}, "9": {"h": [[-0.0, -0.04588672637939453, -0.1044794692993164, -0.17471479034423829], [0.0, 0.8265, 0.5971662902832031, 0.46138967895507815], [0.0, -0.1338568115234378, -0.3655543212890627, -0.6215731201171877]], "r": [1.6583073101630377, 1.3148798765317102, -2.708543845849926, 4.577857258233773, -1.4388881197639467, 0.5878309456020185, -1.3078860980694262]}, "10": {"h": [[-0.0, -0.046142967224121104, -0.07510297393798827, -0.07124117279052734], [0.0, 0.8265, 0.591009750366211, 0.4434860076904297], [0.0, -0.1312569580078125, -0.3645817871093751, -0.6195318603515627]], "r": [1.5196144330528194, 1.2403388777703754, -2.586454010229936, 4.844171345534488, -1.482936751707369, 0.6258558182255369, 0.6789153160280142]}, "11": {"h": [[-0.0, -0.037205162048339846, -0.03534114837646485, 0.03865681457519532], [0.0, 0.8265, 0.5863598327636719, 0.4363886413574219], [0.0, -0.12921765136718727, -0.3553861083984374, -0.5983312988281249]], "r": [1.3319592585089994, 1.0504367408055761, -2.5430940044509507, 4.79293394563946, -1.2542173546302873, 0.8713842125455007, -1.5118677140529422]}, "12": {"h": [[-0.0, -0.03911707305908205, -0.03247417449951173, 0.053642692565917964], [0.0, 0.8265, 0.590903823852539, 0.4415462036132813], [0.0, -0.13004602050781228, -0.3572947998046874, -0.5961838378906248]], "r": [1.2018009364730387, 1.0569410428686665, -2.675344092050866, 4.9727565658311, -1.3573715807604014, 0.9325343447607408, -3.262908807667077]}}, "id": 1}