{"count": 48, "poses_seq": {"0": {"h": [[-0.0, -0.0609298400878906, -0.14795379638671874, 0.08680433654785158], [0.0, 0.8265, 0.7099610214233398, 0.7408202228546142], [0.0, -0.24577734375, -0.44242309570312505, -0.6234029541015627]], "r": [-1.458261243096859, 3.737894998236619, 0.39347605699859756, 2.3340235248315953, -1.1287075727230416, 5.452183073866747, -0.02373476132719682]}, "1": {"h": [[-0.0, -0.0428770446777344, -0.13168820190429686, 0.14663778686523438], [0.0, 0.8265, 0.6995073547363282, 0.7638755187988282], [0.0, -0.22604382324218736, -0.42076110839843733, -0.4907208251953124]], "r": [-1.4835366793796425, 3.7511774163648286, 0.15973044946767623, 2.0047297068901164, -1.250938434495065, 5.683949538931654, 0.11629484183875952]}, "2": {"h": [[-0.0, -0.04503254699707032, -0.09895414733886718, 0.09821615600585938], [0.0, 0.8265, 0.755177345275879, 0.9825087890625], [0.0, -0.12431518554687498, -0.34647253417968754, -0.44087158203124993]], "r": [-1.2204142412605432, 3.4055551633737746, 0.1727225111850673, 2.3839886798238177, -1.3514572170911905, 5.4757419322526, 1.360291451198927]}, "3": {"h": [[-0.0, -0.057698883056640615, -0.12111805725097655, 0.0029751052856445415], [0.0, 0.8265, 0.7810421295166016, 1.0341566467285157], [0.0, -0.13011340332031246, -0.3407934570312499, -0.4601376953124999]], "r": [-1.0271435795813013, 3.3448932644912652, 0.3185937789520378, 2.389163158662961, -1.5050897507085335, 5.342424710960865, 0.8761732901330377]}, "4": {"h": [[-0.0, -0.05496907043457032, -0.15492308044433595, -0.10103326416015625], [0.0, 0.8265, 0.742821662902832, 1.014402801513672], [0.0, -0.12113342285156242, -0.3036971435546874, -0.44966577148437487]], "r": [-0.7809595953618707, 3.388685459893711, 0.24204002862011065, 2.0578241201418335, -1.731032605276315, 5.400547324543034, 0.9015554232147678]}, "5": {"h": [[-0.0, -0.05163342285156251, -0.17389891052246093, -0.1751816253662109], [0.0, 0.8265, 0.7503210906982423, 1.0280835723876953], [0.0, -0.1265919189453127, -0.3031787109375, -0.45927392578125]], "r": [-0.694951358089391, 3.480044440134924, 0.07946141198123038, 1.726117051984034, -2.1014829110303754, 5.424191647526028, 2.681790185068645]}, "6": {"h": [[-0.0, -0.046344589233398445, -0.1902076416015625, -0.24636004638671877], [0.0, 0.8265, 0.7526634674072266, 1.0084469604492188], [0.0, -0.12497900390625022, -0.2965241699218751, -0.45391064453125]], "r": [-0.4262514256731536, 3.2730816945069408, 0.11041220294138539, 1.6455601683698124, -1.796736334532855, 5.1017270634745335, 1.2684638096237868]}, "7": {"h": [[-0.0, -0.03784664154052736, -0.22184683990478518, -0.3499012222290039], [0.0, 0.8265, 0.7591400451660156, 0.9644031219482422], [0.0, -0.14729077148437525, -0.2931585693359376, -0.45743835449218767]], "r": [-0.3336907681801495, 3.2557384009537853, 0.14854378774413793, 1.7461739940155292, -1.5539967778264134, 4.908775174943711, -1.0710056491532152]}, "8": {"h": [[-0.0, -0.034733428955078124, -0.20592057800292968, -0.39284190368652344], [0.0, 0.8265, 0.6766279449462891, 0.7056789703369141], [0.0, -0.15759606933593756, -0.25957824707031235, -0.48101647949218745]], "r": [-0.5188328625432697, 3.3908696468579573, 0.30040210591628314, 1.607742603395603, -1.1972808630299943, 4.840563156613733, -3.0687169236288216]}, "9": {"h": [[-0.0, -0.035440750122070305, -0.1620277557373047, -0.28160115051269535], [0.0, 0.8265, 0.6371095886230469, 0.5556095275878906], [0.0, -0.15396923828125014, -0.23386096191406242, -0.5113297119140625]], "r": [-0.7300035886903083, 3.5937740310933544, 0.431719004687731, 1.3561079742217448, -1.2261441090539305, 4.994487811599594, -0.9293708314678838]}, "10": {"h": [[-0.0, -0.046322013854980484, -0.11634122467041015, -0.1304579544067383], [0.0, 0.8265, 0.5731419372558594, 0.44061625671386717], [0.0, -0.1316914062499997, -0.3322104492187499, -0.5969078369140624]], "r": [-0.8937017577501869, 3.663446104659281, 0.3047795038024732, 1.054596691800228, -1.3328821003643463, 4.714402935124925, -1.141777540407795]}, "11": {"h": [[-0.0, -0.047429771423339845, -0.09804363250732423, -0.08338858795166015], [0.0, 0.8265, 0.5706519165039062, 0.4304510955810547], [0.0, -0.12994177246093735, -0.3351820068359373, -0.5949147949218747]], "r": [-1.0390164603720482, 3.905061419379026, 0.44513298424860087, 1.0782029537720905, -1.3829317856839716, 5.0859807146578575, 1.4648764509744212]}, "12": {"h": [[-0.0, -0.05388728332519531, -0.04649278259277344, 0.09602050781249999], [0.0, 0.8265, 0.5882384948730468, 0.4615686187744141], [0.0, -0.13073168945312502, -0.34664306640625014, -0.5687629394531253]], "r": [-1.0579531096292711, 3.801290115826773, 0.11998797168180157, 0.7435231951804738, -1.5930253312723164, 4.873124028364464, -1.3382495672226868]}, "13": {"h": [[-0.0, -0.05400019836425782, -0.04499304199218751, 0.10661882019042969], [0.0, 0.8265, 0.5877440948486328, 0.4628870239257813], [0.0, -0.1297038574218748, -0.3472858886718749, -0.5635439453124997]], "r": [-1.2608398400346756, 3.650689066529235, 0.3053458562439008, 1.048808182177375, -1.2720336769831198, 4.802386376936182, -0.9879715866210765]}, "14": {"h": [[-0.0, -0.05473289489746093, -0.037588516235351574, 0.13089933776855467], [0.0, 0.8265, 0.5883310241699219, 0.4724752960205078], [0.0, -0.12574597167968743, -0.34984423828124994, -0.558638427734375]], "r": [-1.3069701222830323, 3.843199107470697, 0.2236653063389595, 1.3369845142085357, -1.113319707512774, 5.077632845028099, -1.1408887116205735]}, "15": {"h": [[-0.0, -0.05210352325439452, 0.004069953918457034, 0.23332036590576172], [0.0, 0.8265, 0.6150359802246094, 0.5349184722900391], [0.0, -0.13273132324218767, -0.35607092285156244, -0.5153984375]], "r": [-1.456722437978868, 3.9128114859638283, -0.028522687300582838, 1.660006146539819, -0.9487265828994902, 5.269998453847745, -1.2316684603996682]}, "16": {"h": [[-0.0, -0.051357368469238274, 0.040754615783691404, 0.3075532302856445], [0.0, 0.8265, 0.6663425750732422, 0.6492659606933594], [0.0, -0.12823229980468748, -0.35983605957031256, -0.4627464599609375]], "r": [-1.6496117455004975, 3.9812821813819848, -0.2639028823814811, 1.9764398031264243, -0.9911069288512597, 5.56196217154158, 1.3338979582009465]}, "17": {"h": [[-0.0, -0.0655234909057617, 0.04756503295898438, 0.2982315826416016], [0.0, 0.8265, 0.7959257583618164, 0.9035395660400392], [0.0, -0.1538398437500002, -0.387093505859375, -0.459092041015625]], "r": [-1.3457460729258786, 3.7569542523574615, -0.6267925438799229, 2.2036717323406068, -1.260502235374353, 5.293795640960845, -0.1834638919392734]}, "18": {"h": [[-0.0, -0.008860801696777353, -0.010114387512207036, 0.1585109329223633], [0.0, 0.8265, 0.8423864364624023, 1.0296841888427735], [0.0, -0.13523327636718757, -0.3968269042968749, -0.4916275634765624]], "r": [-1.0117343311322002, 3.528956555740672, -0.4035883875309597, 2.2871730631118923, -1.496251774806137, 5.190784410673414, 0.034152210352483905]}, "19": {"h": [[-0.0, -0.00976816558837891, -0.04690308380126952, 0.057331733703613275], [0.0, 0.8265, 0.9207946014404297, 1.1312729797363281], [0.0, -0.1414929199218749, -0.40703808593750007, -0.518480712890625]], "r": [-1.0561301166402004, 3.827032153604222, -0.6303275104157063, 2.615759129561521, -1.8100784694772232, 5.196551864937117, -2.215477840242836]}, "20": {"h": [[-0.0, -0.06203545379638671, -0.1273413314819336, -0.07173040008544922], [0.0, 0.8265, 0.8940944213867188, 1.1177795867919922], [0.0, -0.1332785644531252, -0.4024785156250002, -0.5219130859375001]], "r": [-0.9391021918707441, 3.9386215868824923, -0.545287839639581, 2.933931208553797, -1.8635245721384965, 5.236487963220066, -2.108201880076037]}, "21": {"h": [[-0.0, -0.061007003784179684, -0.1620448455810547, -0.1591548614501953], [0.0, 0.8265, 0.8890182723999023, 1.114139434814453], [0.0, -0.13294885253906258, -0.4036376953125001, -0.5313267822265624]], "r": [-0.7577256220286035, 3.937361053132309, -0.6534709512029803, 2.740654231303005, -1.823743052487168, 5.22006106698889, -5.043490325453016]},