{"count": 18, "poses_seq": {"0": {"h": [[-0.0, -0.0481209487915039, -0.15274604034423828, -0.03126674652099609], [0.0, 0.8265, 0.6029768371582032, 0.7228678512573242], [0.0, -0.15947644042968784, -0.19531958007812494, -0.39133227539062504]], "r": [-0.5779186156189942, 3.7646403683197307, -0.7856656466154581, 1.730956309004448, -0.8841305205987039, 5.421174219137487, -1.5856624980657485]}, "1": {"h": [[-0.0, -0.04466757965087892, -0.060879432678222656, 0.1615420150756836], [0.0, 0.8265, 0.6640109405517578, 0.7628860931396484], [0.0, -0.1579711914062501, -0.34722961425781246, -0.43306799316406247]], "r": [-0.6393617849591507, 3.3924423727036093, -0.6547154806140775, 1.4663468034052134, -1.1950959167118664, 5.042072520712677, -3.636749842158366]}, "2": {"h": [[-0.0, -0.07574060440063476, -0.09448445510864256, 0.09696741867065431], [0.0, 0.8265, 0.7063183898925781, 0.7906904602050782], [0.0, -0.15356152343750012, -0.3669010009765626, -0.5164322509765626]], "r": [-1.004679162494964, 3.744588884376002, -0.38622221084936265, 1.595064609040667, -1.545355861448839, 5.355236348471735, 0.9124690478688835]}, "3": {"h": [[-0.0, -0.06273375701904295, -0.15526509857177734, -0.058631919860839835], [0.0, 0.8265, 0.6068998260498046, 0.729125099182129], [0.0, -0.15341955566406257, -0.21292932128906267, -0.4185115966796878]], "r": [-0.7830535662169392, 3.961916355543516, -0.599252342518388, 1.3019014777233218, -1.3917701199020684, 5.637336947967064, 0.6393446242626051]}, "4": {"h": [[-0.0, -0.05799375915527344, -0.14013618469238281, -0.1215245819091797], [0.0, 0.8265, 0.6087921142578125, 0.7308684692382813], [0.0, -0.1419605712890622, -0.19526245117187485, -0.42223303222656244]], "r": [-0.6548002948251356, 3.9511578434545065, -0.6405868936111003, 1.6995139398142831, -1.2267877823095639, 5.63297598753451, -1.7067778702511827]}, "5": {"h": [[-0.0, -0.04882806396484374, -0.20997750854492186, -0.2810614929199219], [0.0, 0.8265, 0.6476150512695312, 0.7655616607666016], [0.0, -0.1426317138671876, -0.24678979492187497, -0.4632244873046874]], "r": [-0.286629452220679, 3.7260367423486156, -0.3076170076909636, 1.4705004292174695, -1.5572214592107527, 5.309357108997952, -0.9310727700961337]}, "6": {"h": [[-0.0, -0.05841507720947264, -0.2997562789916992, -0.47890294647216797], [0.0, 0.8265, 0.7202085494995117, 0.8210576934814453], [0.0, -0.1448154296875, -0.29745385742187486, -0.4577363281249998]], "r": [-0.04356353761868212, 3.8227378484381522, -0.45962976013716333, 1.4176411816137235, -1.880724437077928, 5.143647985836551, 1.0560145117745336]}, "7": {"h": [[-0.0, -0.05444016265869141, -0.32791316986083985, -0.5980645980834961], [0.0, 0.8265, 0.7916852416992188, 0.8299736595153808], [0.0, -0.14225012207031257, -0.3083084716796874, -0.41329187011718754]], "r": [0.1378284120043047, 3.9939797900696896, -0.8187356663349181, 1.1849569910421578, -2.1967420679988083, 5.059395223187208, -1.3780786877000517]}, "8": {"h": [[-0.0, -0.05099957275390625, -0.28007839965820314, -0.4703167419433594], [0.0, 0.8265, 0.6793159027099609, 0.792532211303711], [0.0, -0.15726513671875014, -0.2313593750000001, -0.4154426269531251]], "r": [0.48814987130639625, 3.6828594656317075, -0.914897003476382, 1.019445625388062, -1.9164576047376312, 4.677765041891833, 0.1866355691461604]}, "9": {"h": [[-0.0, -0.043841194152832025, -0.18503502655029294, -0.27496706390380854], [0.0, 0.8265, 0.6336885681152344, 0.748632827758789], [0.0, -0.16292529296874997, -0.16788525390625014, -0.39850671386718767]], "r": [0.358373875576893, 3.952969082853396, -1.1781357114940394, 0.7063463216670239, -1.9458768568433287, 4.769162782990524, -1.8371557260398648]}, "10": {"h": [[-0.0, -0.04100969696044923, -0.28175519561767576, -0.431095832824707], [0.0, 0.8265, 0.6957735443115234, 0.8394106140136719], [0.0, -0.1622955322265625, -0.24451794433593782, -0.4068518066406253]], "r": [0.4105369253313878, 4.181463162165828, -1.5132746814895517, 0.8564325335267216, -2.254540769410709, 4.547861666546929, -1.5497067562421787]}, "11": {"h": [[-0.0, -0.03978884887695314, -0.2869365692138672, -0.5468741912841797], [0.0, 0.8265, 0.75991455078125, 0.7792164993286133], [0.0, -0.16922863769531232, -0.35810864257812486, -0.48712658691406246]], "r": [0.14357854715293736, 4.27721686689684, -1.3573014219335442, 0.9060182589988467, -2.4740343930678246, 4.809901250999004, -1.5469978033298475]}, "12": {"h": [[-0.0, -0.05142356872558593, -0.25942832946777344, -0.4741147308349609], [0.0, 0.8265, 0.7747485771179199, 0.8200830879211426], [0.0, -0.16898645019531272, -0.39087194824218746, -0.5829471435546876]], "r": [-0.23695455173641333, 4.336583831696138, -1.413821192732891, 1.0918711537357844, -2.496371179828875, 5.053956652621985, -2.6906937913233446]}, "13": {"h": [[-0.0, -0.05606632995605469, -0.21763053894042972, -0.3606527557373047], [0.0, 0.8265, 0.7737304000854492, 0.8240859489440918], [0.0, -0.16739721679687475, -0.41582922363281233, -0.6616579589843747]], "r": [-0.6417396581602559, 4.25803652520118, -1.285564413695744, 1.3174685054506514, -2.6364524185930476, 5.361271224219835, -0.6591976695157584]}, "14": {"h": [[-0.0, -0.055979705810546884, -0.1817063446044922, -0.24722596740722658], [0.0, 0.8265, 0.766093276977539, 0.7863205566406251], [0.0, -0.1655139160156252, -0.449002685546875, -0.71826708984375]], "r": [-0.7090073721793589, 4.544009224533338, -1.525534619200414, 1.2215029742033319, -2.2883450089290154, 5.096122651942125, -0.6881151117694333]}, "15": {"h": [[-0.0, -0.05968982696533204, -0.10796622467041016, -0.09829578399658202], [0.0, 0.8265, 0.7470596466064453, 0.7647883758544922], [0.0, -0.17453588867187514, -0.47310253906249994, -0.7301873779296875]], "r": [-0.7871501320375912, 4.348443683479483, -1.3380294741407754, 1.0563282280595678, -2.473695490226709, 5.0891237332344454, -1.516920433411817]}, "16": {"h": [[-0.0, -0.06380316543579101, -0.04117972183227538, 0.03317987442016602], [0.0, 0.8265, 0.767750503540039, 0.8015604286193847], [0.0, -0.18121337890624983, -0.4536712646484374, -0.6947956542968747]], "r": [-1.1596612850534718, 4.162642281454461, -1.296260608099357, 1.1824146668796929, -2.8163725223322826, 5.399127119181202, -0.9975313702849836]}, "17": {"h": [[-0.0, -0.06391529464721679, 0.05301354598999023, 0.2015474281311035], [0.0, 0.8265, 0.7357338638305664, 0.7605385437011718], [0.0, -0.1738992919921874, -0.4344616699218751, -0.6461845703125]], "r": [-1.4692804499598893, 4.20605385255321, -1.0124801909779595, 1.234993451312092, -2.5287628061212555, 5.5704980538708915, -2.644330480833529]}}, "id": 7}