{"count": 8, "poses_seq": {"0": {"h": [[-0.0, -0.0609298400878906, -0.14795379638671874, 0.08680433654785158], [0.0, 0.8265, 0.7099610214233398, 0.7408202228546142], [0.0, -0.24577734375, -0.44242309570312505, -0.6234029541015627]], "r": [-4.6602855412835655, 2.962078634698778, -0.9301376851618622, 5.293837999275867, 1.8917392633033006, 1.5176712688436973, 1.7581550009227385]}, "1": {"h": [[-0.0, -0.054223419189453115, -0.13603573608398434, 0.1463701171875], [0.0, 0.8265, 0.694501724243164, 0.7650161819458008], [0.0, -0.240208984375, -0.4343293457031248, -0.4937475585937499]], "r": [1.3376312313594092, 2.997281542055284, -0.9725901147400347, 5.305214418498401, 1.6710753606316384, 1.21128206843332, 1.7294962158878653]}, "2": {"h": [[-0.0, -0.04382112121582031, -0.0940581512451172, 0.050455886840820315], [0.0, 0.8265, 0.748734130859375, 0.8973793334960938], [0.0, -0.1119976806640624, -0.3338740234375, -0.41004772949218743]], "r": [1.6601812135056975, 3.158979832204617, -1.0276257472197454, 5.155887454275251, 1.9313930305958165, 1.139790375819595, -1.0023609016098394]}, "3": {"h": [[-0.0, -0.057698883056640615, -0.12111805725097655, 0.0029751052856445415], [0.0, 0.8265, 0.7810421295166016, 1.0341566467285157], [0.0, -0.13011340332031246, -0.3407934570312499, -0.4601376953124999]], "r": [1.5427145022292903, 3.1498257986340454, -0.8016247157347114, 4.825932891361935, 1.8976601629746863, 1.2163201426115575, -1.8551593423642327]}, "4": {"h": [[-0.0, -0.05419660949707031, -0.15415692138671877, -0.08393112182617188], [0.0, 0.8265, 0.744841682434082, 1.0204266815185548], [0.0, -0.12085070800781234, -0.30328149414062505, -0.45161535644531253]], "r": [1.7862443080164117, 3.0750665055640254, -0.9628011698186778, 4.604097156017722, 1.7613044303089767, 1.0648496779935117, -4.004545433998571]}, "5": {"h": [[-0.0, -0.054413558959960945, -0.1682583923339844, -0.1567242431640625], [0.0, 0.8265, 0.7427834777832031, 1.028716339111328], [0.0, -0.12551892089843736, -0.30658947753906257, -0.45857287597656243]], "r": [1.9851879943597404, 2.834732131453745, -1.3396761962026733, 4.216337708668221, 2.0013532334878543, 0.767210087720309, 4.624479499334707]}, "6": {"h": [[-0.0, -0.04842124938964844, -0.18332116699218748, -0.22800546264648436], [0.0, 0.8265, 0.7532023620605468, 1.0200868835449217], [0.0, -0.12312609863281249, -0.29782104492187483, -0.4546273193359374]], "r": [2.047319203896427, 2.862898650411882, -1.1736005508195466, 4.149835869465052, 1.8555057416431373, 0.873550591192161, -4.111521520795727]}, "7": {"h": [[-0.0, -0.03862631988525389, -0.21338188934326172, -0.3305240707397461], [0.0, 0.8265, 0.7559559860229492, 0.970222381591797], [0.0, -0.13950183105468766, -0.28831628417968763, -0.4511226806640625]], "r": [1.960670902229012, 2.586892342727393, -0.8484963943298128, 3.898371381110027, 2.237539051185421, 0.7083794189266873, 2.3219703088068853]}}, "id": 0}