{"count": 39, "poses_seq": {"0": {"h": [[-0.0, -0.06468784713745118, 0.06730002212524414, 0.2783579444885254], [0.0, 0.8265, 0.8618048667907715, 1.0246137237548827], [0.0, -0.18146252441406224, -0.41116674804687486, -0.47806982421875005]], "r": [-0.8439217327331415, 2.9689943561966086, -4.162932564540962, 4.00553515228951, -0.12254059851126088, 1.6689777751894956, -1.9340034477714962]}, "1": {"h": [[-0.0, -0.06951499938964845, 0.01940827178955078, 0.1842862319946289], [0.0, 0.8265, 0.8580666198730469, 1.022177017211914], [0.0, -0.17308215332031246, -0.4361363525390625, -0.5685576171875]], "r": [-0.7556555368198489, 2.906328376191605, 2.0982546232710093, 4.207214922882017, 0.15177197630569206, 1.9320845007935195, 0.8608229075256411]}, "2": {"h": [[-0.0, -0.06488653564453126, -0.0019398727416992181, 0.11633122253417968], [0.0, 0.8265, 0.8201172671318054, 0.9379530792236328], [0.0, -0.16568420410156254, -0.4618446044921874, -0.6562879638671875]], "r": [-1.0543614313080778, 3.01747859185556, 2.4782609184590254, 4.417460136710282, 0.005651275513674947, 2.1693710178665584, -0.44057251482628773]}, "3": {"h": [[-0.0, -0.06556227493286132, -0.008836872100830083, 0.06476208877563476], [0.0, 0.8265, 0.7788664855957032, 0.8220015335083009], [0.0, -0.16496264648437525, -0.46712548828124995, -0.7098916015625001]], "r": [-1.4133365813510417, 3.1671498602214716, 2.7203884655335058, 4.45440068947052, 0.3049639304379907, 2.086348368938287, -1.797898339132381]}, "4": {"h": [[-0.0, -0.06291053771972657, 0.015805580139160155, 0.12994559478759765], [0.0, 0.8265, 0.652513427734375, 0.5625401611328125], [0.0, -0.1655198974609376, -0.4267821044921876, -0.6566331787109374]], "r": [-1.6217391075022989, 3.242192173946349, 2.8136424814584085, 4.82084787789703, 0.3166932867131862, 2.1870184317668078, -4.16593860828073]}, "5": {"h": [[-0.0, -0.0610851821899414, 0.061880004882812506, 0.24731690216064456], [0.0, 0.8265, 0.6065861358642578, 0.4638153381347656], [0.0, -0.1532181396484376, -0.3636358642578124, -0.5440198974609374]], "r": [-1.5453086936721823, 3.4123338103786836, 2.5388924022209833, 4.7969167925737315, 0.1434617038026269, 1.9205599293346487, -0.8550267130435909]}, "6": {"h": [[-0.0, -0.057454246520996094, 0.08424141693115235, 0.2955846099853516], [0.0, 0.8265, 0.5979698791503907, 0.450144027709961], [0.0, -0.14130065917968754, -0.3425638427734375, -0.49159777832031254]], "r": [-1.6694236748515419, 3.401387954403745, 2.688430695337151, 4.8415022361206494, -0.06572012202259843, 1.9266184736317067, 0.9013596136612813]}, "7": {"h": [[-0.0, -0.061993259429931634, 0.14796152877807617, 0.430051456451416], [0.0, 0.8265, 0.6360993957519532, 0.5498385009765625], [0.0, -0.14977551269531247, -0.30090820312500016, -0.32126074218750006]], "r": [-2.04030511832978, 3.0965195355564608, 2.810164133976638, 4.972578433471563, -0.24781844746497808, 2.0666206012389385, 3.5472505911778445]}, "8": {"h": [[-0.0, -0.06377048873901367, 0.15018059158325195, 0.43160824966430666], [0.0, 0.8265, 0.7346001892089844, 0.7557625846862793], [0.0, -0.17798852539062487, -0.3124709472656249, -0.263653076171875]], "r": [-1.9956623635829225, 2.9251256669253305, 2.555234575383993, 4.6341379090715655, 0.03904877187464587, 1.8237331279130755, -5.621548278868428]}, "9": {"h": [[-0.0, -0.06746055412292482, 0.11120550727844238, 0.34685119819641114], [0.0, 0.8265, 0.8547359313964844, 0.9835124359130859], [0.0, -0.19595275878906243, -0.3796373291015625, -0.3831478271484375]], "r": [-1.8279141150024625, 2.88641356548286, 2.582664671958568, 4.331947967255352, 0.2690460690325447, 1.8702529842546338, -0.1170944518837419]}, "10": {"h": [[-0.0, -0.07580783653259276, 0.058918329238891606, 0.26938810157775883], [0.0, 0.8265, 0.8699005355834961, 1.0137791900634765], [0.0, -0.19414672851562514, -0.4214827880859376, -0.5083754882812501]], "r": [-1.6182360593978669, 3.1171825783294755, 2.414055748649005, 4.011165564629669, 0.4282157080649815, 1.6093333522881614, 1.8071704797997208]}, "11": {"h": [[-0.0, -0.07705587387084961, 0.028108020782470704, 0.1903517417907715], [0.0, 0.8265, 0.861174057006836, 0.9868470611572266], [0.0, -0.17911535644531257, -0.44674731445312515, -0.6115805664062501]], "r": [-1.6829749318418388, 3.0558171133683167, 2.709068820349874, 4.301946836587323, 0.4681882430917727, 1.9841809256711134, 0.9543230736890891]}, "12": {"h": [[-0.0, -0.07753902816772461, 0.021929439544677735, 0.13405521774291992], [0.0, 0.8265, 0.8322755031585694, 0.8933371963500977], [0.0, -0.17250000000000015, -0.46891882324218753, -0.6972901611328124]], "r": [-1.645512235345681, 3.1090984680689617, 2.8252687709532647, 4.462643213170679, 0.41303878485313367, 2.1570358884561625, -1.1041567238205252]}, "13": {"h": [[-0.0, -0.06945333099365235, 0.02919061279296875, 0.1595319290161133], [0.0, 0.8265, 0.6731064147949218, 0.590215576171875], [0.0, -0.17844885253906245, -0.44592431640625013, -0.662913818359375]], "r": [-1.5962545273562778, 3.3655799036118728, 2.8441855717391196, 4.540776368339329, 0.06507053707635521, 1.8773354067178385, 0.3848114134156122]}, "14": {"h": [[-0.0, -0.0717562255859375, 0.06088272094726563, 0.2547830276489258], [0.0, 0.8265, 0.6347184906005859, 0.4974896087646484], [0.0, -0.1653074951171874, -0.377295166015625, -0.5462103271484375]], "r": [-1.5433076799236345, 3.4599991185019703, 2.708993239515836, 4.661814950508868, -0.16020385587229632, 1.7676550978794932, -0.6840771718935454]}, "15": {"h": [[-0.0, -0.06797274017333985, 0.08930908966064453, 0.3239284057617188], [0.0, 0.8265, 0.6267400512695313, 0.4945884857177735], [0.0, -0.16363940429687523, -0.345285400390625, -0.46008508300781253]], "r": [-1.6082638206727295, 3.7325144730905735, 2.759153667636874, 4.539295235684277, -0.4791886533631197, 1.369667469069172, 2.067588518686251]}, "16": {"h": [[-0.0, -0.06381357955932618, 0.12707277297973632, 0.40453334426879883], [0.0, 0.8265, 0.6422483062744141, 0.5607228698730469], [0.0, -0.16520361328124983, -0.32133911132812504, -0.36193408203125005]], "r": [-1.8768835401441342, 3.5748912194069526, 2.6760193514147748, 4.471463231664191, -0.27905855052125106, 1.3452684351732467, 5.042624595640434]}, "17": {"h": [[-0.0, -0.049377548217773445, 0.1661284637451172, 0.44825521850585937], [0.0, 0.8265, 0.7354475173950196, 0.7715929260253906], [0.0, -0.18217797851562506, -0.3194909667968751, -0.26848535156250014]], "r": [-1.986449659011509, 3.424485759631001, 2.794092102449078, 4.210833443835514, -0.6052341422612824, 1.1539552345083228, -0.623098127569449]}, "18": {"h": [[-0.0, -0.057159550666809084, 0.11226574230194092, 0.3373682661056519], [0.0, 0.8265, 0.864388240814209, 1.012144073486328], [0.0, -0.20964904785156252, -0.38159301757812486, -0.38273620605468733]], "r": [-1.639609872509613, 3.116904046780915, 3.0804647940111947, 4.1376620919444935, -0.989553859915687, 1.4633644493866707, 1.4412254070012882]}, "19": {"h": [[-0.0, -0.0736737995147705, 0.062649564743042, 0.247124174118042], [0.0, 0.8265, 0.8796962203979493, 1.0572659759521486], [0.0, -0.19387829589843736, -0.420693359375, -0.48760998535156236]], "r": [-1.437763987141, 3.250055093249049, 3.048951244805979, 3.851428898666624, -0.9380716815373886, 1.3730974748779174, 0.8846583093602696]}, "20": {"h": [[-0.0, -0.07438223648071289, 0.021904376983642577, 0.1619760093688965], [0.0, 0.8265, 0.871438045501709, 1.0455576171875], [0.0, -0.17908337402343727, -0.44401171874999995, -0.5790234374999998]], "r": [-1.3759904169684265, 3.3990941540797968, 3.0506689122088666, 3.6047592383812312, -0.7991831395023059, 1.289193165358522, 3.184654778245723]}, "21": {"h": [[-0.0, -0.07759372329711914, -0.012788715362548827, 0.0859245491027832], [0.0, 0.8265, 0.8309987182617188, 0.9479186248779297], [0.0, -0.17679992675781248, -0.4850456542968749, -0.6909510498046874]], "r": [-1.3554248364577, 3.619286765349791, 2.892441706537773, 3.4175255087885725, -0.4858852301596829, 1.155779421149035, -5.554774546587089]},