{"count": 18, "poses_seq": {"0": {"h": [[-0.0, -0.055732894897460944, -0.31911309814453126, -0.5246224365234375], [0.0, 0.8265, 0.6509999542236329, 0.5445493621826172], [0.0, -0.13273620605468733, -0.23275756835937483, -0.4190916748046876]], "r": [-0.7902104454891297, 5.692812808884267, -2.628198172694793, 0.9388895178002239, -1.6205597705550763, 4.299844062159758, -2.1608671910911412]}, "1": {"h": [[-0.0, -0.05583837890625, -0.2904901580810547, -0.3976722259521484], [0.0, 0.8265, 0.6443275451660156, 0.5461126403808594], [0.0, -0.13697045898437504, -0.22883410644531238, -0.48168847656249986]], "r": [-1.0404066335679347, 5.621761141828008, -2.5769545427513534, 0.8753582989405289, -1.6246405239915098, 4.476696831712754, -1.226318906119732]}, "2": {"h": [[-0.0, -0.05450996398925782, -0.2756715393066406, -0.29508462524414064], [0.0, 0.8265, 0.6363998107910156, 0.6003616943359376], [0.0, -0.13759069824218734, -0.23182165527343718, -0.5080400390624997]], "r": [-1.3596401735495096, 5.307371246659197, -2.684316305602173, 1.2659265814684837, -1.230096432636015, 4.823954254440598, -2.595613827089062]}, "3": {"h": [[-0.0, -0.0525359878540039, -0.2680887832641602, -0.2440374221801758], [0.0, 0.8265, 0.7300463256835938, 0.8280965728759766], [0.0, -0.13847705078124967, -0.23598168945312487, -0.48747534179687474]], "r": [-1.5781972460479554, 4.959456487965417, -2.9058004542289546, 1.264832159331365, -1.4213981178407353, 4.4743669276622136, -5.101093219531811]}, "4": {"h": [[-0.0, -0.04964870452880858, -0.30813932037353514, -0.3609191665649414], [0.0, 0.8265, 0.8023060913085938, 0.9972615966796875], [0.0, -0.1383348388671875, -0.27398620605468743, -0.43578515624999975]], "r": [-1.570643701703752, 4.610492610021425, -3.1234068166281235, 1.3649103773599303, -1.660703490374898, 4.388131981678607, 2.0794019514135704]}, "5": {"h": [[-0.0, -0.04984655761718751, -0.327029541015625, -0.4520627441406251], [0.0, 0.8265, 0.8332932310104371, 1.027043472290039], [0.0, -0.13796777343749983, -0.2685577392578123, -0.4054521484374998]], "r": [-1.1780041380630342, 4.774695607526841, -3.0068365716803402, 1.3852067840182882, -1.6765659847452403, 4.2129528659139845, -0.6772380662436496]}, "6": {"h": [[-0.0, -0.04852767944335937, -0.33732591247558597, -0.5402078704833984], [0.0, 0.8265, 0.8304429121017456, 1.0053732604980468], [0.0, -0.13695507812500002, -0.25824255371093746, -0.37592529296875005]], "r": [-0.7858317759395332, 4.901306603410606, -2.7893932405624042, 1.3122566410808134, -1.819368659490033, 4.251658230515217, 0.5105086858494551]}, "7": {"h": [[-0.0, -0.046123802185058585, -0.3594673385620117, -0.6377131576538086], [0.0, 0.8265, 0.8124482583999634, 0.8794023590087892], [0.0, -0.1382250976562503, -0.25854638671875013, -0.3412119140625001]], "r": [-0.7530066975191414, 5.141034057866231, -2.904499619444356, 1.2238156383380159, -1.7504399998556346, 4.160992107874101, 0.7175688411700706]}, "8": {"h": [[-0.0, -0.04945270538330078, -0.33613336944580074, -0.605645393371582], [0.0, 0.8265, 0.6715639190673828, 0.5794382934570312], [0.0, -0.1339543457031252, -0.24962756347656262, -0.3548475341796878]], "r": [-0.8986776218731971, 5.477143723966447, -2.8901637863706418, 0.8386640004537685, -1.9217978065627768, 4.53484323638351, 1.8822272404715263]}, "9": {"h": [[-0.0, -0.05240684509277342, -0.2983078765869141, -0.5128367462158203], [0.0, 0.8265, 0.6266585845947266, 0.4992938995361328], [0.0, -0.13089990234374965, -0.2431398925781248, -0.40769213867187487]], "r": [-0.9891901062964972, 5.560151225193216, -2.738446885054135, 0.7318823787450027, -1.8828761416259356, 4.704859957517112, 4.276777313078176]}, "10": {"h": [[-0.0, -0.05253768920898437, -0.2626499633789062, -0.40684722900390624], [0.0, 0.8265, 0.6188694000244142, 0.5097645874023438], [0.0, -0.12754284667968757, -0.22776989746093773, -0.4599366455078125]], "r": [-1.227701508935152, 5.284192763416995, -2.7997441624761086, 0.6019121754959381, -1.9823816197433533, 5.081961722618599, -4.834048313525608]}, "11": {"h": [[-0.0, -0.051648109436035164, -0.2568565139770508, -0.3179961624145508], [0.0, 0.8265, 0.6255757141113282, 0.5909663543701172], [0.0, -0.1285214843749996, -0.23796655273437467, -0.5173295898437498]], "r": [-1.220338030701378, 4.969497870599263, -2.516035105293327, 0.875039846096971, -1.8365870828702076, 5.440025256907701, 1.0145324259380466]}, "12": {"h": [[-0.0, -0.05113539123535156, -0.25524798583984376, -0.24616622924804688], [0.0, 0.8265, 0.6813712768554687, 0.7464827728271484], [0.0, -0.12775305175781276, -0.24233996582031253, -0.5161616210937501]], "r": [-1.5092958811530195, 4.75025081946873, -2.812185273068263, 0.9158960880963213, -1.9526007491769384, 5.202612394750024, 1.0661748300379366]}, "13": {"h": [[-0.0, -0.04789624023437501, -0.28477566528320314, -0.29749118041992184], [0.0, 0.8265, 0.8027269725799561, 1.0045194091796876], [0.0, -0.12802294921875018, -0.2844135742187502, -0.44344653320312505]], "r": [-1.4293190246850083, 4.411140469425305, -2.997912148180386, 1.149655581047009, -2.2665006483973698, 4.962369195522505, -1.4190329143428704]}, "14": {"h": [[-0.0, -0.04503012847900391, -0.3056696090698242, -0.384496452331543], [0.0, 0.8265, 0.8338021388053893, 1.0474219207763673], [0.0, -0.13505993652343734, -0.28271374511718733, -0.41103479003906235]], "r": [-1.0404819428944097, 4.255714118790759, -2.887893446328582, 1.3427137814413974, -2.5239616469552386, 5.243293817297285, -3.611998744384889]}, "15": {"h": [[-0.0, -0.04548387145996095, -0.32424676513671874, -0.47297747802734375], [0.0, 0.8265, 0.8471916618347168, 1.0517229766845704], [0.0, -0.13757995605468737, -0.2722078857421875, -0.38049597167968746]], "r": [-0.9418953238735294, 4.37642360969405, -2.8476464329417137, 1.35502743167304, -2.3428162959353496, 5.0754495724188065, 1.7392819780643078]}, "16": {"h": [[-0.0, -0.046547782897949225, -0.3488512496948242, -0.5935579452514649], [0.0, 0.8265, 0.8389329090118408, 0.9816499938964844], [0.0, -0.13621142578124995, -0.24886645507812505, -0.3293480224609376]], "r": [-0.7021222779929417, 4.430991289203249, -3.0065630784055095, 1.2359173809938564, -2.643832579004855, 5.240344011352452, 4.813822168611667]}, "17": {"h": [[-0.0, -0.04746768951416015, -0.3683697738647461, -0.6657672958374024], [0.0, 0.8265, 0.7820273628234864, 0.7814513816833496], [0.0, -0.13779321289062524, -0.23995898437500013, -0.28282324218750016]], "r": [-0.5808475444251827, 4.623231080025531, -2.957398711898747, 1.1160736349979543, -2.534152542854106, 5.48013475184487, 0.1790343523913791]}}, "id": 9}