{"count": 7, "poses_seq": {"0": {"h": [[-0.0, -0.054731933593750004, -0.2587782516479492, -0.22660546112060548], [0.0, 0.8265, 0.6620419311523438, 0.6751929321289063], [0.0, -0.1806462402343752, -0.3526889648437502, -0.629172119140625]], "r": [-0.4360360796405611, 3.260819360944133, -0.5689246504379253, 1.6920545365858621, -3.5248431237436644, 1.9581937962465423, -3.1958196355362216]}, "1": {"h": [[-0.0, -0.023685546875000005, -0.01429774475097656, 0.04696199417114257], [0.0, 0.8265, 0.9301064758300781, 1.088665557861328], [0.0, -0.1618927001953126, -0.4496627197265624, -0.6464212646484373]], "r": [-0.6431447715298211, 2.9305743452113564, -0.7645335498332277, 2.0111256767799666, 3.019918852786528, 2.205670573937067, 2.4254722635316934]}, "2": {"h": [[-0.0, -0.052725921630859374, -0.22661968994140624, -0.17406803894042971], [0.0, 0.8265, 0.6504791564941407, 0.6622646026611329], [0.0, -0.18005004882812498, -0.32563989257812503, -0.596339599609375]], "r": [-0.4419173391300598, 3.2494620239520944, -0.7764059067710908, 1.7142000794521495, 3.0018294102698992, 1.8625273029403788, 4.50249252786871]}, "3": {"h": [[-0.0, -0.022348716735839852, -0.01773867034912109, 0.03181088256835937], [0.0, 0.8265, 0.9239521789550782, 1.0864812316894532], [0.0, -0.15995251464843757, -0.44939270019531247, -0.6459954833984374]], "r": [-1.84001561642971, 3.9393585547097456, -2.5528230506856278, 2.3371552083870255, 0.44289027121985836, 0.9331416901026456, -1.753941712333218]}, "4": {"h": [[-0.0, -0.012663101196289064, -0.06392330169677733, -0.07639937591552735], [0.0, 0.8265, 0.9126035461425781, 1.068715606689453], [0.0, -0.15266308593750005, -0.45706616210937484, -0.6713409423828123]], "r": [-1.6707604896684227, 3.961151426875448, -2.300477242143096, 2.448459423751917, 0.35977170611213316, 0.9087747854998672, -4.850398068666932]}, "5": {"h": [[-0.0, -0.01029275512695313, -0.1277811279296875, -0.21207926940917968], [0.0, 0.8265, 0.8789076232910156, 1.0283160095214845], [0.0, -0.14926843261718764, -0.4481749267578126, -0.6742303466796875]], "r": [-1.3415949103750464, 3.9440966018298367, -2.6265894164573282, 2.345148890523027, 0.020214874557265547, 0.8183657563281843, 0.11156161172669687]}, "6": {"h": [[-0.0, -0.005798667907714841, -0.16992081451416013, -0.33212393951416014], [0.0, 0.8265, 0.8351833572387695, 0.9468474807739258], [0.0, -0.1501820068359379, -0.44505895996093764, -0.667372802734375]], "r": [-1.150914001107145, 3.962423291228536, -2.5087633987161095, 2.5174732590846656, -0.2393627342368841, 0.7504882686580213, -0.5254302895793079]}}, "id": 43}