{"count": 29, "poses_seq": {"0": {"h": [[-0.0, -0.048468124389648454, -0.37749398803710943, -0.6697773742675781], [0.0, 0.8265, 0.814387957572937, 0.8754704360961914], [0.0, -0.1597962646484377, -0.23080480957031285, -0.26663757324218756]], "r": [2.8283670329124746, 2.4756828993693727, -2.566437570878645, 1.4388339588769403, 0.6744832223995019, 0.7768313350542719, 2.5707715875013477]}, "1": {"h": [[-0.0, -0.0547627716064453, -0.3470873107910156, -0.6303841857910155], [0.0, 0.8265, 0.6914852752685547, 0.6134422149658203], [0.0, -0.14879516601562487, -0.2674617919921874, -0.33606445312499994]], "r": [2.7340300927123584, 2.2495873667564306, -2.485599812355546, 1.1560672075213019, 0.9876283448517998, 0.665392152092629, 0.6795844450645574]}, "2": {"h": [[-0.0, -0.059269470214843745, -0.3198836822509765, -0.579474380493164], [0.0, 0.8265, 0.7068498764038087, 0.6678401641845704], [0.0, -0.14917553710937465, -0.30673608398437474, -0.4465865478515623]], "r": [2.8025819106977563, 2.447736193318148, -2.7877347769178074, 1.3358393963693609, 1.2870086886232577, 1.0164448653873452, 0.28246723776216937]}, "3": {"h": [[-0.0, -0.047565673828125, -0.27711041259765623, -0.4898102416992187], [0.0, 0.8265, 0.794086727142334, 0.8760878105163574], [0.0, -0.15246203613281245, -0.35359082031249983, -0.5369581298828123]], "r": [2.582748010924126, 2.5681724930065033, -2.747791750922892, 1.6426219783329485, 1.0751702275353334, 1.010479796776503, 0.9723672157453058]}, "4": {"h": [[-0.0, -0.04402240753173828, -0.21572730255126954, -0.3625210647583008], [0.0, 0.8265, 0.7582044219970703, 0.811104290008545], [0.0, -0.14300097656249983, -0.3949849853515624, -0.6386840820312498]], "r": [2.436733445080002, 2.3298944524259273, -3.062296816278166, 1.7770648950008208, 1.0230577093572215, 0.8237365637525509, 1.1401247690035123]}, "5": {"h": [[-0.0, -0.045485885620117184, -0.14294418334960937, -0.22948541259765626], [0.0, 0.8265, 0.6616298370361329, 0.586795654296875], [0.0, -0.14760107421874996, -0.41260131835937514, -0.6830187988281249]], "r": [2.134060288676462, 2.1007918754602413, -2.9063826197004907, 1.407577686531586, 1.054422397798069, 0.6042980963297833, 2.9589349563609635]}, "6": {"h": [[-0.0, -0.05214717864990234, -0.13613764190673827, -0.15244139862060546], [0.0, 0.8265, 0.7016670532226563, 0.702337287902832], [0.0, -0.1540120849609375, -0.4421666259765625, -0.7282801513671875]], "r": [1.86069323072288, 2.341694636194985, -2.557037556604234, 1.3121194756927976, 0.8302856712450458, 0.7758964057000274, 5.724431731450457]}, "7": {"h": [[-0.0, -0.06065172576904296, -0.08112847137451171, -0.051252708435058594], [0.0, 0.8265, 0.8523562850952149, 0.9298123168945313], [0.0, -0.15434057617187485, -0.4526992187499999, -0.6929184570312499]], "r": [1.6585108169109524, 2.715305074973528, -2.5632600162374697, 1.3431254601525884, 0.6786541018494637, 1.1506464903952394, -0.1870490576808771]}, "8": {"h": [[-0.0, -0.0676217384338379, -0.01655011367797852, 0.06762751388549805], [0.0, 0.8265, 0.7194304733276367, 0.7293117446899413], [0.0, -0.16357763671875009, -0.44297888183593753, -0.6870883789062501]], "r": [1.595227591419918, 2.7444891703769656, -2.62172840045239, 1.0205555925304788, 0.9944331541670012, 1.2963820578792795, 0.5742964196717734]}, "9": {"h": [[-0.0, -0.06312596130371094, 0.03851301574707031, 0.1936407699584961], [0.0, 0.8265, 0.695863525390625, 0.6649636077880859], [0.0, -0.16598510742187528, -0.42104382324218764, -0.6540697021484374]], "r": [1.2483736294678471, 2.9125606539177706, -2.497261829536241, 0.8362787381085447, 1.0236745232970716, 1.677029596450833, -0.5675713675743327]}, "10": {"h": [[-0.0, -0.06251520156860352, 0.05112066268920898, 0.25574582290649417], [0.0, 0.8265, 0.7717069435119629, 0.8191750526428223], [0.0, -0.17305273437499996, -0.41581567382812495, -0.5959968261718749]], "r": [1.3422080084839876, 2.9663723795106067, -2.6279684692064427, 1.1735723782140979, 1.2425117191959265, 1.49832820435065, -1.0404486167143028]}, "11": {"h": [[-0.0, -0.06780887794494629, 0.0635401668548584, 0.26840696525573726], [0.0, 0.8265, 0.8555145416259766, 0.9738753204345703], [0.0, -0.18238500976562505, -0.41033276367187504, -0.5166412353515624]], "r": [1.5718732293329212, 2.8607911034962545, -3.012183885399824, 1.4779070835961667, 1.0572135252290098, 1.1458849719532958, 1.8958939032736426]}, "12": {"h": [[-0.0, -0.05588174629211426, 0.1329413433074951, 0.375683012008667], [0.0, 0.8265, 0.728440559387207, 0.7245648193359375], [0.0, -0.20548571777343755, -0.38562402343749996, -0.4821343994140626]], "r": [1.308411707484348, 2.503296321331444, -2.9235846762576645, 1.383884915215403, 1.3492461993361478, 0.8285670744011417, 1.3696533864175344]}, "13": {"h": [[-0.0, -0.05189209270477295, 0.13132006549835204, 0.3944921922683716], [0.0, 0.8265, 0.778058292388916, 0.8384450759887696], [0.0, -0.21359326171874998, -0.37444152832031247, -0.40878198242187486]], "r": [1.111768802191003, 2.7774322934620987, -2.6457720176497146, 1.5627516129053711, 1.421860744270821, 0.9572093056437111, -0.9708637858984949]}, "14": {"h": [[-0.0, -0.07551106452941894, 0.0639820384979248, 0.2865157604217529], [0.0, 0.8265, 0.8037252082824706, 0.8853286552429199], [0.0, -0.19113488769531234, -0.41796337890624985, -0.5217388916015624]], "r": [1.336368561585532, 2.5989337510384236, -2.645885493653006, 1.8798274295748791, 1.1529541724368602, 0.765655526026453, -2.392087112982188]}, "15": {"h": [[-0.0, -0.07238114738464356, 0.04359300422668457, 0.23234932899475097], [0.0, 0.8265, 0.7209275588989258, 0.7197265319824219], [0.0, -0.17232775878906242, -0.42431311035156233, -0.6051734619140623]], "r": [1.5108492225445143, 2.375517009123528, -2.8084925515475403, 1.7985064260640338, 1.3812549504851441, 0.7011328297941352, -0.7152741349821234]}, "16": {"h": [[-0.0, -0.07644416046142578, -0.010971847534179686, 0.13503150939941405], [0.0, 0.8265, 0.6783861846923829, 0.638711898803711], [0.0, -0.15462646484375014, -0.42090869140625015, -0.6584405517578125]], "r": [1.593480326407003, 2.26886035552601, -2.694653046550083, 1.4846909680468874, 1.2682115932293943, 0.6439490505588034, 1.3996405741129183]}, "17": {"h": [[-0.0, -0.07595405578613282, -0.07464051818847656, 0.010744422912597654], [0.0, 0.8265, 0.8046687736511231, 0.8658880081176759], [0.0, -0.15920520019531265, -0.43109387207031263, -0.6661182861328125]], "r": [1.6552937887786912, 2.652115952709174, -2.363835789250508, 1.7449190537095887, 1.1661476365386134, 0.9991843417436469, 3.6910499856972425]}, "18": {"h": [[-0.0, -0.06414988708496093, -0.14417210388183593, -0.12253015136718749], [0.0, 0.8265, 0.879321315765381, 0.9968899383544922], [0.0, -0.15990075683593769, -0.44396374511718767, -0.669546875]], "r": [1.7402950044639327, 2.894590028209823, -2.28281241778314, 1.8965246498376058, 1.4288586814078819, 1.3998455341863385, -4.617507063713666]}, "19": {"h": [[-0.0, -0.0682406768798828, -0.20639414978027346, -0.24155348205566404], [0.0, 0.8265, 0.7720715332031249, 0.8051019821166993], [0.0, -0.15945361328125013, -0.462701904296875, -0.722060302734375]], "r": [1.8452760000177832, 2.755218745577156, -2.2795352314292665, 1.5825269744123804, 1.4328773425466046, 1.3975503861945846, 3.333572642060111]}, "20": {"h": [[-0.0, -0.06671719360351562, -0.22855610656738284, -0.3337759246826172], [0.0, 0.8265, 0.7135138549804687, 0.6829966735839844], [0.0, -0.1582049560546877, -0.4115743408203126, -0.6820825195312501]], "r": [1.8774374294230631, 2.5957969961566225, -2.0606083774501887, 1.5890026735341083, 1.5353069560017385, 1.24632856252238, -0.17432540306277394]}, "21": {"h": [[-0.0, -0.05193719482421874, -0.26328099060058596, -0.4275238494873047], [0.0, 0.8265, 0.7760812187194824, 0.8546695213317871], [0.0, -0.15643481445312474, -0.3693715820312498, -0.5945527343749999]], "r": [2.118186708145249, 2.8099513816800292, -2.2635423934021435, 1.5160548609173268, 1.346414619588437, 1.395772414508142, -0.008931260901884043]},