{"count": 43, "poses_seq": {"0": {"h": [[-0.0, -0.07429693794250489, 0.055700803756713865, 0.24343464469909668], [0.0, 0.8265, 0.8531092834472656, 0.962035629272461], [0.0, -0.17066662597656262, -0.4312523193359375, -0.5742933349609374]], "r": [-1.3026296616709208, 4.362391473873434, 0.194894966908439, 4.017345865296206, -2.22122651538244, 4.873166657421764, 1.594770300635502]}, "1": {"h": [[-0.0, -0.06934916305541992, 0.011192562103271483, 0.12821889114379884], [0.0, 0.8265, 0.9134365768432617, 1.0594335479736328], [0.0, -0.18444812011718753, -0.4443508300781252, -0.6211904296875002]], "r": [-1.266524674888627, 4.4029195673315265, -0.015303631609207856, 3.9473644002630506, -2.1799592928054405, 4.722751950457622, 1.7948826871822168]}, "2": {"h": [[-0.0, -0.022348716735839852, -0.01773867034912109, 0.03181088256835937], [0.0, 0.8265, 0.9239521789550782, 1.0864812316894532], [0.0, -0.15995251464843757, -0.44939270019531247, -0.6459954833984374]], "r": [-0.8801276288086061, 4.263990109786699, 0.26607404698494774, 4.006846504669403, -2.222043490574857, 4.596351621050119, -0.22126256976920514]}, "3": {"h": [[-0.0, -0.01688713836669921, -0.07365869140625, -0.09395477294921875], [0.0, 0.8265, 0.9137609405517577, 1.0710965881347656], [0.0, -0.15369372558593725, -0.45711206054687487, -0.6726608886718748]], "r": [-0.5586523405175083, 4.248352172725102, 0.3944009314953969, 4.196761593533237, -2.1458487334195415, 4.457263775477295, 1.726765557833544]}, "4": {"h": [[-0.0, -0.010111053466796874, -0.13542971801757814, -0.23883628845214844], [0.0, 0.8265, 0.8711197357177735, 1.0174388275146484], [0.0, -0.1462753906250001, -0.4463242187499999, -0.6720460205078123]], "r": [-0.34622404703324416, 4.025631326252717, 0.5315820060558605, 4.135103213221863, -1.9132495389211968, 4.762165196979948, 4.020499959543411]}, "5": {"h": [[-0.0, -0.00790892028808593, -0.18401068115234376, -0.3662200622558594], [0.0, 0.8265, 0.8266140098571777, 0.9186902770996095], [0.0, -0.14866979980468759, -0.4423399658203127, -0.6583582763671876]], "r": [-0.2327185112899466, 4.39408372702232, 0.3751887643679279, 4.4917678014329585, -1.791748132069687, 4.6366817543443615, -1.2854276952852468]}, "6": {"h": [[-0.0, -0.061119926452636725, -0.2565372695922852, -0.48688986968994136], [0.0, 0.8265, 0.7707588424682617, 0.7324202728271485], [0.0, -0.1607952880859374, -0.4246339111328124, -0.6091920166015623]], "r": [-0.1409761845042265, 4.37090598982304, 0.6159116810824167, 4.27934542743244, -1.9539270341164492, 4.938033347097409, -4.289244560147542]}, "7": {"h": [[-0.0, -0.059625762939453125, -0.21143695068359375, -0.3970467529296875], [0.0, 0.8265, 0.6362792053222657, 0.48888841247558595], [0.0, -0.1576364746093753, -0.4090681152343752, -0.598240478515625]], "r": [-0.11686886755960912, 4.399702716963832, 0.9790018147167988, 4.65552098772507, -2.0474042772522907, 4.878362217481438, 0.10687740879389035]}, "8": {"h": [[-0.0, -0.06035617065429688, -0.13738258361816405, -0.24627259826660156], [0.0, 0.8265, 0.5889965972900391, 0.3955949554443359], [0.0, -0.1572617187499999, -0.40047180175781244, -0.6054799804687498]], "r": [-0.47736661106539235, 4.602798553216583, 0.8378536000023276, 4.746527210889647, -1.924787466617386, 5.239549878970074, -0.4210686816864246]}, "9": {"h": [[-0.0, -0.05977077484130858, -0.1284089584350586, -0.22547368621826172], [0.0, 0.8265, 0.5860574035644531, 0.3872912292480469], [0.0, -0.15878918457031227, -0.39946386718749977, -0.6047185058593747]], "r": [-0.2718572636196998, 4.774134302613302, 0.7492537668673199, 4.997537839432958, -1.9110042554461841, 4.878030584586077, -2.4449275249609332]}, "10": {"h": [[-0.0, -0.04567886352539062, 0.03387545776367188, 0.1117209701538086], [0.0, 0.8265, 0.5882378845214844, 0.39747401428222656], [0.0, -0.15306750488281257, -0.363215576171875, -0.5744310302734374]], "r": [-0.5980064118720061, 4.825874085330294, 0.7673146153468774, 5.221095062219985, -1.9426610959535713, 4.567062626755351, -4.088294195615401]}, "11": {"h": [[-0.0, -0.044011154174804695, 0.08708370971679687, 0.23459939575195313], [0.0, 0.8265, 0.6077271118164063, 0.44560052490234375], [0.0, -0.1613353271484373, -0.3656893310546874, -0.5654830322265623]], "r": [-0.6594414660077208, 4.4507344038423895, 0.9447104358283721, 5.3304938199635785, -1.8235978374872535, 4.2292683531506245, 3.236079888866664]}, "12": {"h": [[-0.0, -0.04842252349853515, 0.11549288177490234, 0.33182012939453126], [0.0, 0.8265, 0.6725868682861329, 0.5848659973144532], [0.0, -0.176638671875, -0.37048620605468746, -0.5408388671875]], "r": [-0.8827145790571921, 4.4735210689270515, 0.7985229738204297, 5.043010723678812, -2.054203291383359, 4.295426631502103, -5.63718932360868]}, "13": {"h": [[-0.0, -0.023581233024597165, 0.1368467264175415, 0.38690058994293214], [0.0, 0.8265, 0.7731568565368652, 0.7809196548461914], [0.0, -0.20523437500000014, -0.38878576660156267, -0.5176490478515625]], "r": [-1.0898879758541993, 4.48010456025726, 0.6138708317912431, 4.780936049669356, -2.120890604355363, 4.23560182120188, -0.013413323495718853]}, "14": {"h": [[-0.0, -0.040641155242919925, 0.1024767951965332, 0.3024153327941894], [0.0, 0.8265, 0.939121337890625, 1.0686001892089845], [0.0, -0.213646728515625, -0.40684338378906243, -0.515989990234375]], "r": [-1.0832852184958697, 4.368487597936432, 0.5021880747603343, 4.483551854437345, -2.4505215845876758, 3.9730658739614677, 0.7646802832290581]}, "15": {"h": [[-0.0, 0.003948699951171877, 0.07862479400634766, 0.2054825439453125], [0.0, 0.8265, 1.000490463256836, 1.1945641174316406], [0.0, -0.1700179443359376, -0.4006187744140624, -0.5356131591796873]], "r": [-1.22136841819307, 4.507117430463211, 0.23990938006109633, 4.584158935891633, -2.0548844975501663, 3.7338858310210408, 2.502123716072251]}, "16": {"h": [[-0.0, -0.012605674743652345, -0.0006949157714843668, 0.06997469329833984], [0.0, 0.8265, 1.020920867919922, 1.2474409637451171], [0.0, -0.1784801025390626, -0.39706469726562493, -0.5484901123046875]], "r": [-1.2670680831366865, 4.49681450110446, -0.05127305817204231, 4.436331724671569, -1.9966711761248297, 3.970961272216454, 1.027215250040934]}, "17": {"h": [[-0.0, -0.05489054107666015, -0.09612321472167967, -0.09142027282714843], [0.0, 0.8265, 1.0472256164550782, 1.2913242340087892], [0.0, -0.1813139648437499, -0.3851109619140625, -0.5448643798828126]], "r": [-1.019467138948254, 4.400541649417027, -0.19682163122708543, 4.366338638638763, -1.7715516592240987, 4.189745456410933, 1.4895765341631015]}, "18": {"h": [[-0.0, -0.06528754425048827, -0.16726712799072266, -0.2246355667114258], [0.0, 0.8265, 1.023876007080078, 1.2582451171875], [0.0, -0.17151501464843727, -0.3697623291015624, -0.5291722412109374]], "r": [-0.869621212350486, 4.46873735442797, -0.23703076633879558, 4.355540347386052, -1.8482728138748754, 4.175096411419741, 1.6662786156250062]}, "19": {"h": [[-0.0, -0.06269163131713867, -0.2106673469543457, -0.33057222366333006], [0.0, 0.8265, 1.005636764526367, 1.2217327270507812], [0.0, -0.16019653320312482, -0.36325732421874984, -0.5206999511718748]], "r": [-1.1279041856846044, 4.562147046441629, -0.5439943884668388, 4.254469486532466, -2.1110949282548295, 4.2200740559327645, 3.5994352325544887]}, "20": {"h": [[-0.0, -0.06155103302001955, -0.26660085296630864, -0.46487545013427733], [0.0, 0.8265, 0.9593182983398438, 1.124686996459961], [0.0, -0.14785363769531262, -0.3516177978515625, -0.49207580566406245]], "r": [-1.3463351103323868, 4.574877969533406, -0.9133818484917169, 4.263382973688771, -2.245824775255675, 4.281804650222857, -5.505579685949414]}, "21": {"h": [[-0.0, -0.06035452270507813, -0.3075247192382813, -0.5640150146484375], [0.0, 0.8265, 0.8064104137420653, 0.8315239830017089], [0.0, -0.14814367675781287, -0.35800109863281265, -0.5043885498046876]], "r": [-1.3556490685286917, 4.8885554548057195, -1.205947971567172, 4.532130330176736, -2.0931579154546247, 4.417082261901234, 0.626089839970001]},