{"count": 12, "poses_seq": {"0": {"h": [[-0.0, -0.054044654846191406, -0.03943943023681641, 0.07534774780273439], [0.0, 0.8265, 0.5806206512451172, 0.4279899139404297], [0.0, -0.13811254882812501, -0.3533764648437499, -0.5777883300781248]], "r": [-0.9181964634662099, 5.384592934658296, -4.608786590944682, 4.93607992555771, -1.00705786230059, 1.5427908565327968, 1.438012856009636]}, "1": {"h": [[-0.0, -0.055751380920410154, 0.024239433288574225, 0.25484931182861326], [0.0, 0.8265, 0.6083381042480469, 0.5030201263427734], [0.0, -0.13427404785156255, -0.35734729003906246, -0.5039239501953126]], "r": [-1.029199656684746, 5.16720745294525, 1.6868852967107377, 4.968382664190837, -0.859321053236218, 1.7577956151242855, 2.7106425864939965]}, "2": {"h": [[-0.0, -0.05870479583740236, 0.03670096588134765, 0.308589485168457], [0.0, 0.8265, 0.6449495544433594, 0.5838123626708984], [0.0, -0.13637561035156237, -0.3529438476562499, -0.43040783691406254]], "r": [-1.0191099150120757, 4.969829968949231, 1.6859165490807808, 5.215608317305283, -1.0701211131786816, 2.02100065545102, 3.256400420508681]}, "3": {"h": [[-0.0, -0.0568390121459961, 0.06452945709228516, 0.35111788177490233], [0.0, 0.8265, 0.7097265930175781, 0.7135125961303711], [0.0, -0.15097119140624998, -0.36320507812499986, -0.36757019042968736]], "r": [-1.1174238697606391, 4.737867595574022, 1.3206504343083836, 5.009138971798864, -0.7321474641110198, 2.1309937542221737, -1.2431626805884577]}, "4": {"h": [[-0.0, -0.07467322158813475, 0.048035388946533204, 0.28690769577026365], [0.0, 0.8265, 0.8333696022033692, 0.9440514526367187], [0.0, -0.15509606933593761, -0.3580187988281252, -0.3272320556640627]], "r": [-1.3856758268243883, 4.523587004361925, 0.9602344045796912, 4.613177511767684, -0.7566985809242321, 1.9268177632658054, -2.7634582807079107]}, "5": {"h": [[-0.0, -0.07465054321289064, -0.036334640502929685, 0.1398422546386719], [0.0, 0.8265, 0.9186750411987304, 1.1109420166015624], [0.0, -0.12340820312499995, -0.3645600585937501, -0.37534558105468757]], "r": [-1.246118066906765, 4.435860048274721, 0.5653677335805651, 4.344466291501575, -0.41343935007642696, 2.024081003347516, -0.4533954778735407]}, "6": {"h": [[-0.0, -0.056652534484863265, -0.10858696746826171, -0.009717552185058584], [0.0, 0.8265, 0.9203794174194335, 1.1639069061279297], [0.0, -0.13427368164062498, -0.37385461425781236, -0.4121271972656249]], "r": [-0.9352731243956511, 4.487547821828443, 0.5316733519904909, 4.505996761348775, -0.6264445213564378, 2.3348293994762224, -0.667034829806306]}, "7": {"h": [[-0.0, -0.05871238708496093, -0.15196775817871094, -0.10343463134765624], [0.0, 0.8265, 0.9096526947021484, 1.167637649536133], [0.0, -0.13435339355468728, -0.3741888427734375, -0.42680895996093754]], "r": [-0.7449900656310424, 4.436510817132549, 0.6538229754503831, 4.382468742324277, -0.7674882998419396, 2.1264064425594356, -3.158686620949167]}, "8": {"h": [[-0.0, -0.0572796401977539, -0.1722034683227539, -0.1593962631225586], [0.0, 0.8265, 0.9028440475463868, 1.1624394989013673], [0.0, -0.137794189453125, -0.37796728515624994, -0.43639208984374994]], "r": [-0.45476137459662475, 4.446902313387354, 0.7550391595395614, 4.5943604551652575, -1.0550710724189432, 2.334219210652783, 0.9274085182924359]}, "9": {"h": [[-0.0, -0.05722232818603515, -0.18721068572998045, -0.21288634490966796], [0.0, 0.8265, 0.901332145690918, 1.1547373657226563], [0.0, -0.1331196289062498, -0.3744936523437499, -0.4420375976562499]], "r": [-0.6280894154253572, 4.657115669534954, 0.4442624363530615, 4.708184145963903, -0.8456796022556138, 2.6852410773962263, -0.4156831126418439]}, "10": {"h": [[-0.0, -0.0569563980102539, -0.2220918197631836, -0.29747667694091795], [0.0, 0.8265, 0.8668947677612305, 1.1079176635742187], [0.0, -0.13115673828125002, -0.37070666503906274, -0.4623065185546876]], "r": [-0.40186819663875667, 4.750296639804304, 0.43797862150572026, 4.822329510036802, -0.579362216025908, 2.921265333446216, -3.5229394413848443]}, "11": {"h": [[-0.0, -0.05625017547607422, -0.2544473342895508, -0.4376911087036133], [0.0, 0.8265, 0.7934469451904298, 0.9512732696533204], [0.0, -0.12745117187500005, -0.3675194091796877, -0.5063828125000001]], "r": [-0.3671851041362275, 5.0739607944739795, 0.4241734449660461, 4.9051460291681925, -0.295925938431899, 2.909937439072215, 4.131906240257599]}}, "id": 2}