{"count": 25, "poses_seq": {"0": {"h": [[-0.0, -0.061697204589843756, -0.05550321197509766, -0.017555679321289062], [0.0, 0.8265, 0.7087375259399414, 0.6909488067626953], [0.0, -0.18304602050781266, -0.4899152832031251, -0.7533594970703126]], "r": [-1.9609658079834653, 4.698224542257216, 1.445961396789744, 2.2066005221928564, 1.3297223284941275, 5.219479989646655, -2.2800896095138157]}, "1": {"h": [[-0.0, -0.05710278320312501, -0.1813988037109375, -0.08273329162597656], [0.0, 0.8265, 0.6159501342773437, 0.6159187469482421], [0.0, -0.16680664062499978, -0.31859582519531254, -0.5534990234374999]], "r": [-1.913437897088449, 4.495179278104915, 1.2743206999139038, 2.099489536712932, 0.946461033894287, 5.536892155294366, -2.3539629722167996]}, "2": {"h": [[-0.0, -0.05005042266845702, -0.12583211517333984, 0.059662635803222654], [0.0, 0.8265, 0.6238249969482422, 0.6151900939941406], [0.0, -0.16500024414062492, -0.3457181396484373, -0.5214411621093749]], "r": [-2.2121075104966126, 4.329922607099682, 1.206373325371624, 2.156572863070672, 0.6805426384569763, 5.581332188683357, -2.179804126386157]}, "3": {"h": [[-0.0, -0.05293367004394532, -0.014920822143554682, 0.20995214843749999], [0.0, 0.8265, 0.6452457122802735, 0.670123779296875], [0.0, -0.17431689453124993, -0.40622619628906237, -0.5333070068359373]], "r": [-2.477024997779464, 4.359592582420262, 1.3599245283674217, 2.3422169202701832, 0.6858717473361976, 5.519938703522073, -4.837651835514627]}, "4": {"h": [[-0.0, -0.05248614501953125, 0.02850048828125, 0.20488707733154296], [0.0, 0.8265, 0.723484504699707, 0.737578468322754], [0.0, -0.1970975341796875, -0.47708630371093746, -0.6759534912109375]], "r": [-2.4655806685323465, 4.416511115692594, 1.462687798659774, 2.4972193602789874, 0.6742639813132748, 5.19184993449699, 0.5697095080306821]}, "5": {"h": [[-0.0, -0.05257605743408203, 0.02053630828857422, 0.11655035400390625], [0.0, 0.8265, 0.7606084213256836, 0.770745704650879], [0.0, -0.19398937988281234, -0.5200600585937498, -0.7619954833984375]], "r": [-2.2430484269962063, 4.613606849179742, 1.8043866519097291, 2.514613191808046, 0.6316878789759901, 5.033992961449271, 0.8583863141862533]}, "6": {"h": [[-0.0, -0.05529391479492188, -0.07012600708007813, -0.047148162841796876], [0.0, 0.8265, 0.7711854019165039, 0.7768471221923828], [0.0, -0.19804382324218756, -0.5405510253906249, -0.7977585449218749]], "r": [-2.2540016032839185, 4.448723770428472, 1.6542908743714968, 2.3550771504743033, 0.46546089752970204, 4.78432438542167, -1.622347368900587]}, "7": {"h": [[-0.0, -0.056107681274414054, -0.21284988403320315, -0.11144221496582031], [0.0, 0.8265, 0.6606338195800782, 0.6784235229492188], [0.0, -0.17780676269531243, -0.32622912597656245, -0.5686785888671873]], "r": [-2.2581735378955257, 4.32831339556721, 1.4530052074592164, 2.0172872031527227, 0.5961377659565027, 4.994152542194997, -2.092992879426996]}, "8": {"h": [[-0.0, -0.0535535888671875, -0.18695091247558593, -0.020247360229492195], [0.0, 0.8265, 0.6542467041015625, 0.6689746704101562], [0.0, -0.17809753417968716, -0.34222192382812483, -0.5339924316406248]], "r": [-2.262469340381602, 4.686436361610929, 1.5669137192787277, 1.666625819219701, 0.9664544199124421, 4.977840925687166, -1.8860355863663787]}, "9": {"h": [[-0.0, -0.04501233673095703, -0.11861820220947267, 0.09769599151611327], [0.0, 0.8265, 0.6487650299072266, 0.6728585815429687], [0.0, -0.17501281738281255, -0.3728912353515624, -0.5093688964843748]], "r": [-2.4836915429684794, 4.327148809804553, 1.2793157354187201, 1.948834931222142, 0.8367096171591006, 5.292863180519373, 1.1441730857958077]}, "10": {"h": [[-0.0, -0.054409805297851555, 0.012986724853515628, 0.19688561248779296], [0.0, 0.8265, 0.7687062072753906, 0.8091856155395508], [0.0, -0.2039252929687499, -0.48643896484375, -0.6633275146484374]], "r": [-2.526652300166797, 4.452898881474488, 1.4702249601829094, 2.145609361008865, 1.0560470855566373, 4.947192451658755, -0.42625372552157537]}, "11": {"h": [[-0.0, -0.05726861572265625, -0.014219406127929685, 0.08232732391357422], [0.0, 0.8265, 0.7998117561340332, 0.8280555877685547], [0.0, -0.19753881835937498, -0.5090465087890623, -0.745998779296875]], "r": [-2.3524663025256043, 4.358656938295366, 1.3023418902625536, 2.2715799154378185, 1.0922189969515042, 4.923261825084092, -1.1365204591802882]}, "12": {"h": [[-0.0, -0.05894951629638672, -0.10999503326416016, -0.09430168914794923], [0.0, 0.8265, 0.7927667007446288, 0.8018166351318359], [0.0, -0.1844600830078123, -0.5230139160156249, -0.78083447265625]], "r": [-2.0424220098803203, 4.5172775494355255, 1.3446760551947745, 2.0922786183737174, 1.3499055562471152, 4.933543601499619, 0.9817822415411768]}, "13": {"h": [[-0.0, -0.05600106048583985, -0.2112322463989258, -0.263515022277832], [0.0, 0.8265, 0.7495758972167968, 0.7423552856445312], [0.0, -0.18193029785156228, -0.4723028564453125, -0.7511807861328124]], "r": [-1.8467577051900113, 4.636731554787053, 1.3620406042814233, 1.711123961119408, 1.5931583583489932, 4.898537737630184, -1.16585627974276]}, "14": {"h": [[-0.0, -0.05551314544677734, -0.2657920303344727, -0.2404558792114258], [0.0, 0.8265, 0.6689887390136718, 0.6825786743164062], [0.0, -0.17904089355468794, -0.3573441162109377, -0.6346346435546877]], "r": [-1.9114429054279005, 4.515132445678694, 1.173638629875875, 1.7891198295715658, 1.263703537664976, 5.071233414820313, -0.6656896078503597]}, "15": {"h": [[-0.0, -0.05358864593505859, -0.20073621368408207, -0.10903205108642579], [0.0, 0.8265, 0.6487684936523438, 0.6565812377929687], [0.0, -0.18028320312499996, -0.32466467285156236, -0.5727728271484374]], "r": [-2.2508165565865244, 4.3153187834382445, 1.118500083029638, 1.7423808539977292, 1.0256569173776822, 5.012692059703606, 1.4929345047738236]}, "16": {"h": [[-0.0, -0.05102111053466797, -0.16758116912841797, -0.008537727355957037], [0.0, 0.8265, 0.6458665771484375, 0.651062973022461], [0.0, -0.1746409912109373, -0.3377770996093748, -0.5378918457031248]], "r": [-2.270822067587111, 4.4836285504027, 1.153259359394122, 1.468303654010895, 1.2915468938616423, 5.1891395622956376, 1.830678720394563]}, "17": {"h": [[-0.0, -0.051698028564453116, -0.09708735656738281, 0.11227253723144531], [0.0, 0.8265, 0.6344811553955079, 0.6611592254638672], [0.0, -0.18026660156250013, -0.37259216308593773, -0.5206774902343752]], "r": [-2.5335402367150954, 4.46648841840908, 1.1680341464150552, 1.4826047687777255, 1.245652219834338, 5.161985670614212, 2.133820972819508]}, "18": {"h": [[-0.0, -0.050581687927246086, 0.03543806457519531, 0.2104679946899414], [0.0, 0.8265, 0.7414126281738281, 0.7723393020629883], [0.0, -0.20153771972656248, -0.48677722167968757, -0.67879052734375]], "r": [-2.5125526138894485, 4.5471201683919, 1.3697598269417728, 1.6945526627786582, 1.5268035616215365, 4.949775287850478, 1.7563022646863264]}, "19": {"h": [[-0.0, -0.05014969635009765, 0.026277420043945312, 0.11473923492431641], [0.0, 0.8265, 0.7850030364990235, 0.7981820907592774], [0.0, -0.20972021484375009, -0.5172764892578126, -0.7605812988281251]], "r": [-2.571336832361778, 4.262978083145362, 1.206677207651364, 1.9621482988694994, 1.1516341723222445, 4.682641772661843, -0.02793389027488724]}, "20": {"h": [[-0.0, -0.05548732376098633, -0.03394488143920898, -0.02077689361572265], [0.0, 0.8265, 0.7916543426513671, 0.7986466922760009], [0.0, -0.1925748291015626, -0.5399929199218749, -0.7978750000000001]], "r": [-2.1844129868718456, 4.5444376251751555, 1.576458931668933, 2.3101008605766213, 0.8565801211721067, 4.838411967143431, -2.7372734379853827]}, "21": {"h": [[-0.0, -0.05807292938232422, -0.24449707794189451, -0.27288141632080076], [0.0, 0.8265, 0.7178582611083985, 0.7139698867797852], [0.0, -0.18409838867187506, -0.4384942626953126, -0.7188897705078126]], "r": [-1.937056455753575, 4.21738347140641, 1.1803966302052613, 2.381587815465568, 0.5802109640653184, 4.989988382126644, -1.1325157156693728]},