{"count": 6, "poses_seq": {"0": {"h": [[-0.0, -0.03378382873535157, -0.20997605895996097, -0.390199722290039], [0.0, 0.8265, 0.7031126861572266, 0.8166812744140626], [0.0, -0.15926171875000011, -0.25784362792968746, -0.4809923095703124]], "r": [2.4354998477343277, 1.8120106583179318, -0.43113640033600165, 1.5231566398928984, -1.0860236547168183, 0.8194227164354173, -2.8066770563374783]}, "1": {"h": [[-0.0, -0.06971057319641114, 0.03314047813415527, 0.1755989818572998], [0.0, 0.8265, 0.6616853790283204, 0.5669114532470703], [0.0, -0.1752507324218751, -0.4360004882812499, -0.647712646484375]], "r": [1.530630024290117, 1.4019344957189457, -0.13314796950581012, 0.8308261296229831, -0.805152063765538, 0.7561328182805053, -1.2326933861873237]}, "2": {"h": [[-0.0, -0.0717562255859375, 0.06088272094726563, 0.2547830276489258], [0.0, 0.8265, 0.6347184906005859, 0.4974896087646484], [0.0, -0.1653074951171874, -0.377295166015625, -0.5462103271484375]], "r": [1.491092123956608, 1.5202152063027066, 0.2191842560244952, 0.6737573889904435, -1.093143565478042, 0.5940052804599505, 0.6857996698680038]}, "3": {"h": [[-0.0, -0.06797274017333985, 0.08930908966064453, 0.3239284057617188], [0.0, 0.8265, 0.6267400512695313, 0.4945884857177735], [0.0, -0.16363940429687523, -0.345285400390625, -0.46008508300781253]], "r": [1.6111619125509353, 1.6462480631146077, 0.3800111752413839, 0.6995561126287981, -1.4474989486412981, 0.9418292519842996, 1.5114155189269636]}, "4": {"h": [[-0.0, -0.06665523529052736, 0.11587181854248046, 0.387099983215332], [0.0, 0.8265, 0.6382070007324219, 0.5425460968017578], [0.0, -0.16403771972656261, -0.32434313964843736, -0.37550451660156253]], "r": [1.3546867604488506, 1.8000860518566582, 0.4009680286924528, 0.5860881883020467, -1.400281923765243, 0.8061974328845961, 1.999957284844827]}, "5": {"h": [[-0.0, -0.05696795272827149, 0.1546930274963379, 0.44397131729125977], [0.0, 0.8265, 0.6818994445800781, 0.66777685546875], [0.0, -0.17012573242187506, -0.3176043701171876, -0.302982666015625]], "r": [1.1250067262677166, 1.8364302342239596, 0.13079989476665294, 0.8751830265428053, -1.3911023401496387, 0.772243025976685, 1.4224380485417984]}}, "id": 20}