{"count": 30, "poses_seq": {"0": {"h": [[-0.0, -0.044572418212890624, 0.05879326629638672, 0.2094711685180664], [0.0, 0.8265, 0.5897439727783204, 0.43584503173828126], [0.0, -0.14251391601562508, -0.35553356933593744, -0.5605419921874999]], "r": [-2.561705904931085, 4.854180853278762, -1.2080590806660139, 4.16253452918488, -0.1834250775039457, 0.9467181404068398, -2.427057494312153]}, "1": {"h": [[-0.0, -0.0634179916381836, 0.06385163879394531, 0.27075078582763673], [0.0, 0.8265, 0.6204412078857422, 0.5015833282470703], [0.0, -0.14530029296874997, -0.3626761474609375, -0.536453125]], "r": [-2.853724427170918, 4.560484676804817, -1.2725245389144788, 4.301708280754229, -0.33059875701016794, 1.1847655707654539, -1.5709607499296678]}, "2": {"h": [[-0.0, -0.06579266357421876, 0.09694682312011718, 0.3586342620849609], [0.0, 0.8265, 0.690988265991211, 0.6398493957519531], [0.0, -0.1647406005859376, -0.36346447753906236, -0.4713803710937499]], "r": [-3.1178209139039623, 4.435238262460645, -1.3233437533701675, 4.245563106910271, -0.005417732034935535, 1.3078157205709093, 1.4933372141971544]}, "3": {"h": [[-0.0, -0.060123147964477534, 0.1041596736907959, 0.3841115779876709], [0.0, 0.8265, 0.7921397247314453, 0.822668514251709], [0.0, -0.19153540039062494, -0.37129479980468744, -0.410030517578125]], "r": [-2.9483583719544977, 4.437283921896903, -1.1595148383263356, 3.917688909059267, 0.37725785498243986, 1.133445918199246, 3.3132014618510413]}, "4": {"h": [[-0.0, -0.08342593002319336, 0.05122000503540039, 0.2818840522766113], [0.0, 0.8265, 0.9583464965820312, 1.0990675506591796], [0.0, -0.18838842773437509, -0.36121435546874997, -0.3875083007812499]], "r": [-2.8258656518516276, 4.121465927365225, -0.9779726586506431, 3.6125933551510867, 0.3993037805879452, 1.2789807375001965, -0.8976219714055051]}, "5": {"h": [[-0.0, -0.06891112709045409, -0.006079843521118164, 0.15362070274353026], [0.0, 0.8265, 1.0550968322753906, 1.2614015655517576], [0.0, -0.18337585449218757, -0.3517534179687501, -0.42194482421875007]], "r": [-2.87485323406741, 3.9571329695845288, -1.056160961337733, 3.773509046365359, 0.555904081655149, 1.6549490851857331, -2.4178867429229176]}, "6": {"h": [[-0.0, -0.028670520782470704, -0.022829437255859376, 0.08767304229736328], [0.0, 0.8265, 1.0515421600341797, 1.284426254272461], [0.0, -0.17073645019531264, -0.348505126953125, -0.44488781738281263]], "r": [-2.5992947228434518, 3.968605294034878, -0.9884641725148432, 3.6696356797796095, 0.4863898248133265, 1.6498882314605587, 0.5571594585329205]}, "7": {"h": [[-0.0, -0.019984542846679686, -0.07189663696289064, -0.018065475463867185], [0.0, 0.8265, 1.0517671203613281, 1.296829071044922], [0.0, -0.16585681152343762, -0.3492030029296876, -0.4552205810546875]], "r": [-2.730893883922614, 3.6098223869622945, -1.2184378663625643, 3.462999501424243, 0.21791814066872886, 1.5329356911988685, -2.476692285132136]}, "8": {"h": [[-0.0, -0.014400924682617194, -0.10281861877441408, -0.08345101928710937], [0.0, 0.8265, 1.0252236709594726, 1.278725959777832], [0.0, -0.15263964843750016, -0.3415965576171876, -0.4572766113281251]], "r": [-2.4634117104544804, 3.6562727202400205, -1.1976784070306974, 3.4128067751712567, 0.16365375090333398, 1.4731134024283439, -0.6614941771553016]}, "9": {"h": [[-0.0, -0.012824050903320311, -0.14097671508789061, -0.17472004699707033], [0.0, 0.8265, 1.0135560531616212, 1.2741837997436525], [0.0, -0.1466656494140624, -0.3365546874999999, -0.455819091796875]], "r": [-2.275968769565451, 3.630624224452083, -1.5519576628677234, 3.422505799643566, 0.49672879474935133, 1.4361973910040835, 1.8795214304479149]}, "10": {"h": [[-0.0, -0.048167366027832045, -0.19581246185302736, -0.27868502044677734], [0.0, 0.8265, 1.0453791961669923, 1.3005436401367187], [0.0, -0.15375598144531227, -0.31639916992187495, -0.4321766357421873]], "r": [-2.1895925727438197, 3.58936718008512, -1.7774872627573126, 3.5896805287746103, 0.8562509596845301, 1.5369295543710646, 1.3858921762856302]}, "11": {"h": [[-0.0, -0.06367232513427734, -0.2567878036499024, -0.401176139831543], [0.0, 0.8265, 1.0232529602050782, 1.2565930633544922], [0.0, -0.14724389648437503, -0.29348486328124995, -0.39298779296875]], "r": [-1.8285685616265035, 3.426037687492612, -2.166909833626866, 3.455753255583148, 0.6491615954167983, 1.4473894559018148, 2.1477026900899787]}, "12": {"h": [[-0.0, -0.06538025665283205, -0.3220893325805664, -0.5420803298950195], [0.0, 0.8265, 0.9882013397216798, 1.174438690185547], [0.0, -0.1454383544921874, -0.2504072265625, -0.31935217285156253]], "r": [-1.5073305899058325, 3.68407786505638, -1.8824624117541437, 3.603094009699752, 0.6353096921466996, 1.4519983453353718, 4.165343667170949]}, "13": {"h": [[-0.0, -0.06059291076660156, -0.37459365844726566, -0.6612334289550782], [0.0, 0.8265, 0.8840293045043945, 0.9645100250244141], [0.0, -0.13644897460937494, -0.222116455078125, -0.2573933105468747]], "r": [-1.2731379468723534, 3.675250617659962, -1.959645095752365, 3.8118105151926316, 0.2675499406015574, 1.4340720309083677, -3.6878526207776003]}, "14": {"h": [[-0.0, -0.05644606781005859, -0.362831413269043, -0.6529221115112305], [0.0, 0.8265, 0.7192290115356446, 0.6564656372070312], [0.0, -0.13015380859374998, -0.23928833007812483, -0.29160595703124975]], "r": [-1.3242903815491398, 4.0050406343585285, -1.7735530538998032, 4.179836067976456, -0.012801733018525278, 1.4688515461769391, 0.21502666110312896]}, "15": {"h": [[-0.0, -0.05694723510742186, -0.2929099884033203, -0.5319589996337891], [0.0, 0.8265, 0.6096504211425782, 0.45119136047363284], [0.0, -0.1447689208984378, -0.2726022949218752, -0.36708117675781265]], "r": [-1.608587210865673, 4.251624994136581, -1.7599315735923955, 4.514012612404949, -0.08333886232534365, 1.6196368825729737, 2.1203299952629444]}, "16": {"h": [[-0.0, -0.058287513732910176, -0.265450553894043, -0.48431694793701174], [0.0, 0.8265, 0.5788838195800781, 0.39593435668945315], [0.0, -0.1429880371093753, -0.2835445556640626, -0.3872126464843753]], "r": [-1.8138529567204422, 4.328688919088729, -1.8151297586226924, 4.718898539347467, 0.010092094690679489, 1.8299709876243633, -0.5028176826397522]}, "17": {"h": [[-0.0, -0.04581912994384767, -0.12034932708740236, -0.20070801544189454], [0.0, 0.8265, 0.5168843994140625, 0.27701208496093743], [0.0, -0.12972998046875023, -0.30753112792968756, -0.4761627197265626]], "r": [-2.0003699163708504, 4.0073814112311945, -2.17449577192219, 4.841453593833173, -0.1928573948973725, 1.778373011866429, 1.9123880576359582]}, "18": {"h": [[-0.0, -0.05658641815185547, 0.009806472778320321, 0.13935494995117187], [0.0, 0.8265, 0.5507121887207032, 0.3502297058105469], [0.0, -0.1392650146484376, -0.33303662109375015, -0.5115245361328125]], "r": [-2.267662561309254, 3.633362481735511, -2.466245004259622, 4.8689792242976795, -0.3393856282824619, 1.7958265058075968, 4.918607710606695]}, "19": {"h": [[-0.0, -0.06967839050292968, 0.08956065368652344, 0.3616155548095703], [0.0, 0.8265, 0.6167534332275391, 0.519776870727539], [0.0, -0.14142492675781276, -0.32318713378906266, -0.3766416015625001]], "r": [-2.636946437773345, 3.2503561289564775, -2.7286188770825017, 4.848979524992298, -0.17786303568632617, 1.8342619655249175, -0.39813018797782973]}, "20": {"h": [[-0.0, -0.06911051559448242, 0.10137117385864258, 0.3846530113220215], [0.0, 0.8265, 0.6375904388427734, 0.5688776092529297], [0.0, -0.1433881835937501, -0.32507336425781236, -0.3588614501953125]], "r": [-2.7498234181173964, 3.359745597535987, -2.3510324627666916, 4.728238090622003, -0.5571029434191228, 1.5474970309293543, -2.0739932255577385]}, "21": {"h": [[-0.0, -0.06293913650512696, 0.12439054489135742, 0.40061177444458007], [0.0, 0.8265, 0.7407324676513671, 0.8242387847900391], [0.0, -0.16541271972656252, -0.34583276367187504, -0.35113195800781255]], "r": [-2.7590033901090325, 2.9974288542586964, -2.5775214003116678, 4.538684459210213, -0.4716536206575298, 1.7631358849066328, -4.944328142032702]},