{"count": 31, "poses_seq": {"0": {"h": [[-0.0, -0.05983946228027344, -0.2933425140380859, -0.5508176727294922], [0.0, 0.8265, 0.6071581573486329, 0.4635712127685547], [0.0, -0.136787109375, -0.2531545410156251, -0.31126513671875006]], "r": [0.26262371887136493, 5.736637353476789, 0.7379191514049084, 4.828057204584946, 0.06303130954803902, 2.061344796682741, -0.6418662446886245]}, "1": {"h": [[-0.0, -0.06165270233154298, -0.28320809173583983, -0.5350383529663085], [0.0, 0.8265, 0.5919541778564453, 0.43004234313964845], [0.0, -0.13697021484375, -0.24714782714843758, -0.3001462402343749]], "r": [0.3885381468091554, 5.695427693342728, 0.6852567439844229, 4.847627560945248, 0.4165020235324859, 1.9313323094738477, -1.604883322961723]}, "2": {"h": [[-0.0, -0.05828945159912108, -0.2966201400756836, -0.5571060409545898], [0.0, 0.8265, 0.6006331787109375, 0.4582621612548828], [0.0, -0.13829406738281264, -0.2415736083984375, -0.2999755859375]], "r": [0.16758979426178092, 5.485077978415754, 0.3306342703092659, 4.640432105824325, 0.6149546268607847, 1.554336822072162, -4.554201270411214]}, "3": {"h": [[-0.0, -0.046478790283203134, -0.3594776153564453, -0.6555334014892578], [0.0, 0.8265, 0.7614617309570313, 0.7734142303466797], [0.0, -0.15449963378906234, -0.23697546386718732, -0.2771751708984374]], "r": [0.08562733230297118, 5.104405312379624, 0.20018625743114338, 4.448611487299735, 0.542524329072123, 1.8234396530933406, 0.43589389218271535]}, "4": {"h": [[-0.0, -0.05415990447998045, -0.32690900421142577, -0.597199348449707], [0.0, 0.8265, 0.6622445678710938, 0.5594720916748047], [0.0, -0.14587475585937498, -0.27813037109375, -0.3684279785156251]], "r": [0.2814372932048336, 5.151746698400403, 0.5211912290913621, 4.651870567134118, 0.7530095440089308, 1.728411539023131, 1.2992530623532406]}, "5": {"h": [[-0.0, -0.055916503906249984, -0.30972523498535154, -0.564127944946289], [0.0, 0.8265, 0.748785385131836, 0.7583203277587891], [0.0, -0.13895117187500033, -0.32063342285156265, -0.4685681152343753]], "r": [-0.034134974010288865, 4.959445731205763, 0.16917654689893524, 4.653137716761972, 1.136818985234297, 1.7753351412802176, -0.4279311299260605]}, "6": {"h": [[-0.0, -0.046125846862792974, -0.25938423919677733, -0.4557866439819336], [0.0, 0.8265, 0.8069719982147217, 0.8978856887817382], [0.0, -0.148503662109375, -0.3645008544921878, -0.5586729736328127]], "r": [-0.2913712972539845, 4.847292379536839, 0.05856151225378962, 4.72832744379959, 1.4022667821307104, 1.9389983159644628, -0.0413506613230486]}, "7": {"h": [[-0.0, -0.04229180145263671, -0.20950484466552732, -0.34789925384521486], [0.0, 0.8265, 0.7480780258178711, 0.7901747055053712], [0.0, -0.1486683349609373, -0.40003820800781226, -0.6503131103515623]], "r": [-0.5001699058990523, 4.884745084234637, 0.01519720449537083, 4.7341915375896315, 1.4471745374744358, 1.6742476281164296, -0.6430063754080357]}, "8": {"h": [[-0.0, -0.04556970214843749, -0.13766757202148439, -0.21932357788085938], [0.0, 0.8265, 0.6570224151611328, 0.5759199676513672], [0.0, -0.14668078613281238, -0.4147722167968751, -0.6861951904296875]], "r": [-0.49398951463576446, 5.1068828593373645, 0.23199903250759926, 5.072169022972074, 1.51848951197562, 1.6637217003856923, -0.13962587068658927]}, "9": {"h": [[-0.0, -0.05523023986816407, -0.13985231018066407, -0.14628941345214846], [0.0, 0.8265, 0.7198962173461914, 0.7299847488403319], [0.0, -0.15340185546875001, -0.4413792724609374, -0.7235104980468747]], "r": [-0.4209009646111645, 4.765953383931711, 0.5133958802121703, 5.165129585815502, 1.83730482187761, 2.0112586539383632, 2.237038172667918]}, "10": {"h": [[-0.0, -0.061051132202148445, -0.07342672729492189, -0.02989453125000001], [0.0, 0.8265, 0.8603113212585449, 0.953527587890625], [0.0, -0.15325781249999998, -0.45327172851562497, -0.6847915039062498]], "r": [-0.710673703871678, 4.714614136566106, 0.3559374671248722, 4.8288173146481475, 1.4495037450577473, 2.3739147712676774, 3.5738188881009276]}, "11": {"h": [[-0.0, -0.06833462905883789, -0.013342353820800783, 0.06795966339111328], [0.0, 0.8265, 0.7024060592651367, 0.7021757583618164], [0.0, -0.16354113769531226, -0.44255554199218744, -0.6906180419921875]], "r": [-0.7243849760906806, 4.948862993056844, 0.4597016477978939, 5.118110571140039, 1.5568145693326425, 2.1720720943708973, -0.9251573183305005]}, "12": {"h": [[-0.0, -0.059566799163818365, 0.04240191268920898, 0.22757677078247068], [0.0, 0.8265, 0.7397170104980468, 0.7498617935180665], [0.0, -0.17427600097656232, -0.41385168457031246, -0.6213406982421874]], "r": [-0.8032863422116889, 4.755311794368429, 0.6418303454024021, 5.050109712757929, 1.2706999879370162, 2.4047602161947803, 1.591414707742995]}, "13": {"h": [[-0.0, -0.0699234676361084, 0.057189966201782225, 0.26232840919494627], [0.0, 0.8265, 0.8206426639556885, 0.9006114807128907], [0.0, -0.17084484863281252, -0.41346081542968754, -0.5520574951171875]], "r": [-0.7667161896854834, 4.39657449240304, 0.5871990084606413, 4.918252865963728, 1.2133691331297798, 2.4077230069935904, -1.4683737557452692]}, "14": {"h": [[-0.0, -0.054338927268981936, 0.13298588275909426, 0.37542072772979734], [0.0, 0.8265, 0.7387664184570313, 0.7415958099365234], [0.0, -0.2038114013671875, -0.39120263671875005, -0.4887496337890625]], "r": [-0.8829994745499837, 4.455406609431701, 0.785454988493222, 4.986208653192003, 0.8635538773232059, 2.398553414512365, -1.2146030958326721]}, "15": {"h": [[-0.0, -0.051488914489746095, 0.1237416763305664, 0.3826916732788086], [0.0, 0.8265, 0.786312557220459, 0.854472972869873], [0.0, -0.21239355468750004, -0.37713818359375, -0.40668115234374996]], "r": [-0.9282737506443571, 4.365492500435723, 0.6824191193105204, 4.931642950963787, 0.7502407516588016, 2.4750224829667054, 0.18271088679459643]}, "16": {"h": [[-0.0, -0.07572602653503417, 0.06758227729797363, 0.29278476905822753], [0.0, 0.8265, 0.8107455024719239, 0.9030194549560547], [0.0, -0.1921373291015625, -0.4159886474609376, -0.5069730224609375]], "r": [-1.1495939057985942, 4.703994253508532, 0.5624908322706098, 4.679760686732593, 0.42484899712914037, 2.3042533276994477, -0.6015233470450264]}, "17": {"h": [[-0.0, -0.06792849922180175, 0.053441144943237304, 0.25436661338806155], [0.0, 0.8265, 0.7426915664672852, 0.7656566886901855], [0.0, -0.18078833007812506, -0.42319921875000005, -0.5828635253906249]], "r": [-1.0259650143684287, 4.783337931603829, 0.6642676294090429, 4.6306785994564645, 0.46494159933070983, 2.071043157119458, 2.198669943901911]}, "18": {"h": [[-0.0, -0.07564728546142577, 0.023036285400390627, 0.18806218719482423], [0.0, 0.8265, 0.6869022369384765, 0.6421953277587891], [0.0, -0.15967395019531266, -0.41919042968750003, -0.6305819091796874]], "r": [-0.8648243790069512, 4.923973873484991, 0.7559197364094435, 4.699021960337098, 0.5143845410252461, 1.986352657490005, 4.844055556165628]}, "19": {"h": [[-0.0, -0.07428339385986327, -0.054254295349121094, 0.056515548706054686], [0.0, 0.8265, 0.7516582794189453, 0.7799778633117675], [0.0, -0.15760766601562498, -0.4319488525390625, -0.66409619140625]], "r": [-0.6357041337108913, 4.660774788046719, 0.5992543366324409, 4.7343636687603405, 0.8960502795256403, 2.1170971708142337, -0.8214497429096251]}, "20": {"h": [[-0.0, -0.06927613067626953, -0.11189916992187501, -0.052522705078125], [0.0, 0.8265, 0.8857526779174805, 1.0178619995117186], [0.0, -0.15713500976562483, -0.44931018066406253, -0.6600041503906249]], "r": [-0.45017608614895177, 4.35110654545814, 0.5884732537764361, 4.4764394131002625, 0.7587696311734243, 2.242001817721784, -2.816799911260142]}, "21": {"h": [[-0.0, -0.06397443389892579, -0.17266788482666015, -0.17078563690185547], [0.0, 0.8265, 0.8433225765228272, 0.9152599105834961], [0.0, -0.1584382324218752, -0.44499487304687496, -0.6887537841796874]], "r": [-0.4081682236244737, 4.422920601027988, 0.544209010908919, 4.383463888771434, 0.8866528500016563, 1.9321408961926287, -4.983620448031778]},