{"count": 7, "poses_seq": {"0": {"h": [[-0.0, -0.06749717712402342, -0.04643376159667968, 0.11318597412109375], [0.0, 0.8265, 0.9221551208496094, 1.1267497253417968], [0.0, -0.13567395019531264, -0.3717690429687502, -0.394165771484375]], "r": [2.137406865964324, 2.7884683129736154, -3.0354782983994304, 3.612605106637598, -1.3351109587556063, 5.3204344613039884, -3.0388241975115746]}, "1": {"h": [[-0.0, -0.059151809692382804, -0.12932887268066406, -0.049534484863281256], [0.0, 0.8265, 0.9176293869018555, 1.1667278747558594], [0.0, -0.1336988525390626, -0.3727740478515625, -0.4173952636718748]], "r": [2.439578781526977, 2.928708838513254, -2.6750662776616196, 3.53973792155256, -1.2779328308004592, 5.255399963305265, -2.293322228995075]}, "2": {"h": [[-0.0, -0.0588589096069336, -0.15686229705810548, -0.12342092132568361], [0.0, 0.8265, 0.9062093353271485, 1.1657428436279298], [0.0, -0.13307153320312476, -0.3739863281249998, -0.4290098876953124]], "r": [2.6693855173873695, 2.7217141691577766, -3.0263826439332737, 3.8284406967495173, -1.2318002222604423, 5.232408370123534, -3.940486900776049]}, "3": {"h": [[-0.0, -0.058232261657714834, -0.17895175933837892, -0.17624417877197263], [0.0, 0.8265, 0.9027023849487306, 1.162335922241211], [0.0, -0.1364589843750002, -0.37742602539062503, -0.43535839843750007]], "r": [2.608279613062347, 2.714603044310191, -2.894039766925174, 3.9352613569215107, -1.0092935474881994, 5.290207291048053, -0.5862233318731936]}, "4": {"h": [[-0.0, -0.05775651550292969, -0.19638417053222657, -0.2280167694091797], [0.0, 0.8265, 0.8950143966674804, 1.1465305633544922], [0.0, -0.1330957031249998, -0.37350976562499977, -0.4441755371093748]], "r": [2.6282484353648687, 2.7500149031188967, -2.7658602800893672, 3.75227521049922, -1.060459635181688, 5.28340101951443, 1.2490462461440246]}, "5": {"h": [[-0.0, -0.05680802917480468, -0.22434895324707033, -0.3111182098388672], [0.0, 0.8265, 0.8590890350341798, 1.0943938903808594], [0.0, -0.13100585937499992, -0.3708925781249999, -0.4664908447265626]], "r": [2.8013103710042753, 2.5459605941588372, -3.0384156279025802, 3.629712212871335, -1.361132145757711, 5.258853368728232, 2.448799963756246]}, "6": {"h": [[-0.0, -0.057439613342285145, -0.2593871994018555, -0.45206395721435555], [0.0, 0.8265, 0.7799187431335449, 0.9262014617919923], [0.0, -0.128253173828125, -0.36448608398437515, -0.513498779296875]], "r": [2.6326472958968212, 2.463422948915678, -2.6806640000795796, 3.4081191997162206, -1.179564842981769, 5.453209083043579, 4.863875061603715]}}, "id": 3}