{"count": 45, "poses_seq": {"0": {"h": [[-0.0, -0.06087337493896483, -0.038333671569824215, 0.13705411529541017], [0.0, 0.8265, 0.5899556884765625, 0.5450661163330078], [0.0, -0.14773132324218735, -0.3586984863281249, -0.5711075439453122]], "r": [-0.4098785478680307, 3.611914179346542, -1.2425504885266965, 1.368068570572324, -0.46170682269778984, 4.206559419833693, -1.6705350233818759]}, "1": {"h": [[-0.0, -0.0617080955505371, 5.044555664062561e-05, 0.08185466766357422], [0.0, 0.8265, 0.7007332763671875, 0.6789355773925781], [0.0, -0.18478552246093743, -0.47396887207031263, -0.7331693115234375]], "r": [-0.5548897681063529, 3.544160719170479, -1.0551121482332815, 1.6889704525589813, -0.46823115676520133, 4.216161346257582, 0.8283260465546671]}, "2": {"h": [[-0.0, -0.06367665100097657, -0.14125522613525393, -0.11909824371337892], [0.0, 0.8265, 0.6990445709228515, 0.690661392211914], [0.0, -0.18109790039062484, -0.49725683593749986, -0.7534073486328123]], "r": [-0.26711894930571123, 3.869863403501254, -1.132002109076517, 1.6849947625045054, -0.7453647670738311, 4.272952032707399, 2.6305474816991885]}, "3": {"h": [[-0.0, -0.055815116882324226, -0.18770014190673828, -0.0975420913696289], [0.0, 0.8265, 0.6137179718017578, 0.6166331634521485], [0.0, -0.16591992187499988, -0.31582373046874973, -0.5551606445312498]], "r": [-0.09871519284706957, 3.5128249704110286, -0.955098275195176, 1.4793694577324232, -0.753964062918988, 4.53169647445544, 0.22662282139489665]}, "4": {"h": [[-0.0, -0.05062981414794922, -0.13905670928955077, 0.03654790496826173], [0.0, 0.8265, 0.6246961517333984, 0.6145000915527344], [0.0, -0.16406591796874964, -0.33616870117187486, -0.5190249023437497]], "r": [-0.2102627289599537, 3.5852331801011066, -1.0371016899229932, 1.3636871557234753, -0.8540796005056064, 4.56573196939578, 2.123114848567546]}, "5": {"h": [[-0.0, -0.050025939941406264, -0.04148705291748046, 0.18144124603271483], [0.0, 0.8265, 0.6307714996337891, 0.6456720275878907], [0.0, -0.1727385253906249, -0.39110412597656247, -0.5228544921874998]], "r": [-0.5294314218726853, 3.703133418930535, -1.2901752096434158, 1.6039695007282575, -0.4933266870603723, 4.555258226746406, 0.8767687048512504]}, "6": {"h": [[-0.0, -0.05248614501953125, 0.02850048828125, 0.20488707733154296], [0.0, 0.8265, 0.723484504699707, 0.737578468322754], [0.0, -0.1970975341796875, -0.47708630371093746, -0.6759534912109375]], "r": [-0.8254811324633352, 4.01046274251448, -1.1007437127131072, 1.8660487112192548, -0.8455493431453289, 4.636042616266471, 0.20946148052461866]}, "7": {"h": [[-0.0, -0.05257605743408203, 0.02053630828857422, 0.11655035400390625], [0.0, 0.8265, 0.7606084213256836, 0.770745704650879], [0.0, -0.19398937988281234, -0.5200600585937498, -0.7619954833984375]], "r": [-0.7051273247597334, 3.9497783166966065, -0.9375161446971444, 1.6969142472841723, -1.2301887272083771, 4.532553119888618, -0.5164057265650576]}, "8": {"h": [[-0.0, -0.055015441894531246, -0.04787199401855468, -0.02175341796875], [0.0, 0.8265, 0.7678623046875, 0.7744643898010255], [0.0, -0.19479382324218736, -0.5400355224609374, -0.7968524169921873]], "r": [-0.6337845683154131, 4.150683993574123, -0.9984881553683294, 1.8384489594373203, -1.2257671315581196, 4.6463233603791885, 0.3880809102138051]}, "9": {"h": [[-0.0, -0.056107681274414054, -0.21284988403320315, -0.11144221496582031], [0.0, 0.8265, 0.6606338195800782, 0.6784235229492188], [0.0, -0.17780676269531243, -0.32622912597656245, -0.5686785888671873]], "r": [-0.4367133449014881, 3.8961706972399157, -0.7004197138341436, 1.6706851956846498, -1.0941422674200063, 5.010745146541387, 2.6281218061240765]}, "10": {"h": [[-0.0, -0.0535535888671875, -0.18695091247558593, -0.020247360229492195], [0.0, 0.8265, 0.6542467041015625, 0.6689746704101562], [0.0, -0.17809753417968716, -0.34222192382812483, -0.5339924316406248]], "r": [-0.48271415967560083, 4.1463393319093855, -0.9792936365706422, 1.450700620598605, -1.1291639143330983, 4.932737652437188, 1.5867791218979603]}, "11": {"h": [[-0.0, -0.04501233673095703, -0.11861820220947267, 0.09769599151611327], [0.0, 0.8265, 0.6487650299072266, 0.6728585815429687], [0.0, -0.17501281738281255, -0.3728912353515624, -0.5093688964843748]], "r": [-0.7442790341297113, 4.214578496893374, -0.9189857192905717, 1.143928817286487, -1.3912859517739127, 4.98927462292447, -0.20311901245133154]}, "12": {"h": [[-0.0, -0.05525758361816406, 0.005793151855468748, 0.1792958679199219], [0.0, 0.8265, 0.7744298706054688, 0.8146093788146973], [0.0, -0.20148620605468742, -0.4853785400390625, -0.6725394287109374]], "r": [-1.0063478543707416, 4.108792632971613, -0.9084403974337304, 1.4655720133667756, -1.7791881406733348, 4.965480251094663, -0.7017248010558109]}, "13": {"h": [[-0.0, -0.05726861572265625, -0.014219406127929685, 0.08232732391357422], [0.0, 0.8265, 0.7998117561340332, 0.8280555877685547], [0.0, -0.19753881835937498, -0.5090465087890623, -0.745998779296875]], "r": [-0.9662674985418468, 4.250481127458227, -0.9841570913864918, 1.7762792160780023, -1.662802665334336, 4.969409049986965, 0.5594514315443051]}, "14": {"h": [[-0.0, -0.05894951629638672, -0.10999503326416016, -0.09430168914794923], [0.0, 0.8265, 0.7927667007446288, 0.8018166351318359], [0.0, -0.1844600830078123, -0.5230139160156249, -0.78083447265625]], "r": [-1.0151882358376076, 4.353795642109238, -0.7909045943525282, 2.1298511497278674, -1.8555290965082463, 5.316513481427934, 0.15873856710173245]}, "15": {"h": [[-0.0, -0.05600106048583985, -0.2112322463989258, -0.263515022277832], [0.0, 0.8265, 0.7495758972167968, 0.7423552856445312], [0.0, -0.18193029785156228, -0.4723028564453125, -0.7511807861328124]], "r": [-0.8160323784290797, 4.362501419179082, -0.6745023005906914, 1.927362051609198, -1.9793624155178038, 5.414767182361362, -0.5633670230472709]}, "16": {"h": [[-0.0, -0.05551314544677734, -0.2657920303344727, -0.2404558792114258], [0.0, 0.8265, 0.6689887390136718, 0.6825786743164062], [0.0, -0.17904089355468794, -0.3573441162109377, -0.6346346435546877]], "r": [-0.7827219043227249, 4.237262626431646, -0.41529216250877976, 1.6423285768046596, -1.8545461425195044, 5.617424192288931, 0.3138157571790683]}, "17": {"h": [[-0.0, -0.05412854766845704, -0.1957126541137695, -0.09469519805908203], [0.0, 0.8265, 0.6476461334228516, 0.6513089904785156], [0.0, -0.18187646484374992, -0.3288619384765626, -0.5687724609375]], "r": [-0.9031881488203373, 4.257132680863867, -0.5921973880462867, 1.4704140502028282, -1.623626524507282, 5.628646219465301, 1.2387889044493434]}, "18": {"h": [[-0.0, -0.05102111053466797, -0.16758116912841797, -0.008537727355957037], [0.0, 0.8265, 0.6458665771484375, 0.651062973022461], [0.0, -0.1746409912109373, -0.3377770996093748, -0.5378918457031248]], "r": [-0.752719216506665, 4.013670857640435, -0.5254505577914513, 1.4227826380899924, -1.3189770453428773, 5.266174492753897, 0.6694684138479342]}, "19": {"h": [[-0.0, -0.051698028564453116, -0.09708735656738281, 0.11227253723144531], [0.0, 0.8265, 0.6344811553955079, 0.6611592254638672], [0.0, -0.18026660156250013, -0.37259216308593773, -0.5206774902343752]], "r": [-0.9084100762957663, 3.9696469285163074, -0.6603524534433529, 1.6286534656404015, -1.0874109811554158, 5.18993200063524, 1.2946295932300385]}, "20": {"h": [[-0.0, -0.050581687927246086, 0.03543806457519531, 0.2104679946899414], [0.0, 0.8265, 0.7414126281738281, 0.7723393020629883], [0.0, -0.20153771972656248, -0.48677722167968757, -0.67879052734375]], "r": [-1.1817923484052968, 4.322373351687106, -0.9867166664144567, 1.9204853931393517, -1.4263837496327985, 5.103094547733346, -0.05659967515329323]}, "21": {"h": [[-0.0, -0.04886051940917968, 0.03292289733886719, 0.13600891876220703], [0.0, 0.8265, 0.777194133758545, 0.7971345386505126], [0.0, -0.21015405273437487, -0.5125996093749998, -0.7497968749999999]], "r": [-1.0396328021636405, 4.316372170628912, -1.0378766756978164, 1.5816237522986942, -1.80285723787676, 4.959575210908776, -1.4304221625061329]},