{"count": 46, "poses_seq": {"0": {"h": [[-0.0, -0.0609298400878906, -0.14795379638671874, 0.08680433654785158], [0.0, 0.8265, 0.7099610214233398, 0.7408202228546142], [0.0, -0.24577734375, -0.44242309570312505, -0.6234029541015627]], "r": [-1.843285800082789, 5.229147668196383, 0.42269334452924034, 4.894143387427552, -1.2411569125612854, 1.8637886844226783, 0.502987689608606]}, "1": {"h": [[-0.0, -0.054223419189453115, -0.13603573608398434, 0.1463701171875], [0.0, 0.8265, 0.694501724243164, 0.7650161819458008], [0.0, -0.240208984375, -0.4343293457031248, -0.4937475585937499]], "r": [-1.598935728238556, 5.302322105777568, 0.6217197949918529, 4.998761628402355, -0.8780366176286288, 2.111289187096897, -1.71388080727852]}, "2": {"h": [[-0.0, -0.04382112121582031, -0.0940581512451172, 0.050455886840820315], [0.0, 0.8265, 0.748734130859375, 0.8973793334960938], [0.0, -0.1119976806640624, -0.3338740234375, -0.41004772949218743]], "r": [-1.7880884831609616, 4.984702799190542, 0.29550385091829406, 5.00825632303201, -1.1522291663601514, 2.3198011112800865, 0.9599345612811117]}, "3": {"h": [[-0.0, -0.05158754730224609, -0.11542130279541014, 0.045863319396972656], [0.0, 0.8265, 0.7953465843200684, 0.989180892944336], [0.0, -0.14462292480468758, -0.3333087158203126, -0.36268395996093755]], "r": [-1.680863062413714, 4.867350357392616, 0.2391660102627031, 5.051605951549987, -1.339455796944985, 2.623112023508348, -0.7282793881190328]}, "4": {"h": [[-0.0, -0.057698883056640615, -0.12111805725097655, 0.0029751052856445415], [0.0, 0.8265, 0.7810421295166016, 1.0341566467285157], [0.0, -0.13011340332031246, -0.3407934570312499, -0.4601376953124999]], "r": [-1.8827631163598402, 4.866846282515428, 0.0695431792106613, 5.0154350752522365, -1.4780495902000745, 2.562179450820544, -1.0628240813977823]}, "5": {"h": [[-0.0, -0.05419660949707031, -0.15415692138671877, -0.08393112182617188], [0.0, 0.8265, 0.744841682434082, 1.0204266815185548], [0.0, -0.12085070800781234, -0.30328149414062505, -0.45161535644531253]], "r": [-2.059461928068017, 4.725581850401182, -0.08175043721424041, 4.875005466237149, -1.1383775700407153, 2.3181226653806504, 1.059216895956601]}, "6": {"h": [[-0.0, -0.054413558959960945, -0.1682583923339844, -0.1567242431640625], [0.0, 0.8265, 0.7427834777832031, 1.028716339111328], [0.0, -0.12551892089843736, -0.30658947753906257, -0.45857287597656243]], "r": [-1.9905516081547032, 4.567113242150127, -0.06234564779016145, 4.704660262107338, -1.1428943083441778, 2.01526729516268, 2.2134007090743686]}, "7": {"h": [[-0.0, -0.047984085083007805, -0.18656320190429687, -0.23602508544921874], [0.0, 0.8265, 0.7532583923339844, 1.0244491882324218], [0.0, -0.12393103027343738, -0.29770715332031245, -0.4577591552734375]], "r": [-1.9805060234301082, 4.446348638497787, -0.13454721215033752, 4.770461242334487, -1.3856081465142986, 1.961743408204321, -0.708991946333534]}, "8": {"h": [[-0.0, -0.03868099975585937, -0.20975965881347655, -0.3256255340576172], [0.0, 0.8265, 0.7533949203491211, 0.9827728576660156], [0.0, -0.13691503906249985, -0.28853820800781255, -0.45504321289062505]], "r": [-1.6687506805502765, 4.474432943438136, -0.052749034282225965, 4.572008074711325, -1.307593524473513, 1.7140073239568512, -0.29586678850008513]}, "9": {"h": [[-0.0, -0.0339332275390625, -0.20854893493652346, -0.39243415832519524], [0.0, 0.8265, 0.6795483398437501, 0.7308248519897461], [0.0, -0.15980578613281243, -0.25741320800781226, -0.4800123291015624]], "r": [-1.7198241886445902, 4.410664994203441, -0.3884313559746533, 4.774729664450936, -1.424296826367448, 1.3889197103269857, 1.6380978538501232]}, "10": {"h": [[-0.0, -0.03462140655517579, -0.1665972671508789, -0.29758802032470705], [0.0, 0.8265, 0.6421354064941407, 0.5628702850341798], [0.0, -0.14982507324218758, -0.23314611816406244, -0.5062351074218749]], "r": [-1.7715668470632415, 4.631662140723278, -0.3382687820548256, 5.054283004388962, -1.4615870286540125, 1.1506964383072835, 1.2452198122814722]}, "11": {"h": [[-0.0, -0.049384246826171874, -0.17664338684082034, -0.20334828186035156], [0.0, 0.8265, 0.5533864746093751, 0.5073518066406251], [0.0, -0.16593469238281228, -0.398051513671875, -0.5479959716796874]], "r": [-1.6748361875671962, 4.866985835390023, 0.016893147261196104, 4.766776579140757, -1.3356942302953738, 0.8739850985822907, 3.6458676392139027]}, "12": {"h": [[-0.0, -0.048359359741210944, -0.09716355895996093, -0.07223452758789062], [0.0, 0.8265, 0.5717575073242187, 0.4334530181884766], [0.0, -0.1273360595703122, -0.33338134765624977, -0.5934002685546873]], "r": [-1.9020587217832883, 4.782103383459106, -0.3422761324467859, 4.902427716586391, -1.380743214352353, 0.6740355170070714, -0.7866621705658521]}, "13": {"h": [[-0.0, -0.05262040710449217, -0.04725724792480468, 0.08672499084472657], [0.0, 0.8265, 0.5871519622802734, 0.4595389556884765], [0.0, -0.1350428466796874, -0.3511055908203125, -0.5776802978515625]], "r": [-2.082008952381538, 4.934601726650928, 0.05327616163846654, 4.686334089012782, -1.2049823417857377, 0.6878893493457902, 0.5110482417050441]}, "14": {"h": [[-0.0, -0.05400019836425782, -0.04499304199218751, 0.10661882019042969], [0.0, 0.8265, 0.5877440948486328, 0.4628870239257813], [0.0, -0.1297038574218748, -0.3472858886718749, -0.5635439453124997]], "r": [-2.2266378720249342, 5.12375509004038, -0.0807243280944596, 4.537595505371847, -0.8904457231077862, 0.98598620103729, 2.128926194496268]}, "15": {"h": [[-0.0, -0.05473289489746093, -0.037588516235351574, 0.13089933776855467], [0.0, 0.8265, 0.5883310241699219, 0.4724752960205078], [0.0, -0.12574597167968743, -0.34984423828124994, -0.558638427734375]], "r": [-2.218703462160236, 4.920802962662346, -0.46156161286219366, 4.20610879710699, -0.5937604928516959, 0.7403099213367105, -0.21141437269639013]}, "16": {"h": [[-0.0, -0.05362736511230469, 0.006593811035156258, 0.2464620056152344], [0.0, 0.8265, 0.6252730712890625, 0.5526401672363281], [0.0, -0.1335489501953125, -0.35431237792968756, -0.5008829345703125]], "r": [-2.4323378243003426, 4.977119832725719, -0.45945510600993894, 4.1826139870941486, -0.2925048695383669, 0.9449338728514833, 0.4127081753907004]}, "17": {"h": [[-0.0, -0.05612030792236329, 0.054874420166015625, 0.3219973220825195], [0.0, 0.8265, 0.7005418090820312, 0.7166780319213868], [0.0, -0.14145874023437505, -0.3789027099609375, -0.46338220214843756]], "r": [-2.8092110486938187, 4.714290857525716, -0.6009985428080609, 4.194052382066318, -0.31615519867858966, 1.2419098353339388, 0.14423570028791324]}, "18": {"h": [[-0.0, -0.07125576782226563, 0.025075012207031247, 0.24642192077636718], [0.0, 0.8265, 0.8394796829223633, 0.9883399810791016], [0.0, -0.14715332031250022, -0.39119946289062507, -0.47152917480468753]], "r": [-2.45379841986113, 4.476372884722439, -0.23017494606474911, 3.873240099336642, -0.3056951797512161, 1.3783383643092533, -2.0363430658746413]}, "19": {"h": [[-0.0, 0.004142662048339851, -0.018304870605468745, 0.12517311096191408], [0.0, 0.8265, 0.8982688522338866, 1.0993678283691406], [0.0, -0.1356666259765627, -0.4059776611328126, -0.5063973388671874]], "r": [-2.3299303653393353, 4.251627781932038, -0.2922597731530581, 3.681159396598689, -0.3716836027522058, 1.4039777711776922, -1.8070649871020852]}, "20": {"h": [[-0.0, -0.0017806091308593813, -0.06675235748291017, 0.025031929016113286], [0.0, 0.8265, 0.9276018447875977, 1.1433715972900391], [0.0, -0.13953991699218765, -0.4000196533203125, -0.5160120849609375]], "r": [-2.203227106164604, 4.050907751818034, -0.3442135532523689, 3.4527189521968356, -0.49136229899192807, 1.3061530094403544, -1.0734522598145328]}, "21": {"h": [[-0.0, -0.06214059448242186, -0.14394537353515624, -0.10639889526367187], [0.0, 0.8265, 0.8933624801635742, 1.1204740905761719], [0.0, -0.13467858886718737, -0.4041680908203125, -0.5229858398437499]], "r": [-2.08993087643673, 4.0706661083629285, -0.23029717566801933, 3.729290718600207, -0.8443825203235066, 1.421937115889271, -1.2392034081224248]},