{"count": 6, "poses_seq": {"0": {"h": [[-0.0, -0.047429771423339845, -0.09804363250732423, -0.08338858795166015], [0.0, 0.8265, 0.5706519165039062, 0.4304510955810547], [0.0, -0.12994177246093735, -0.3351820068359373, -0.5949147949218747]], "r": [-1.0646604702648457, 3.4946834358850656, -0.498442818179028, 1.5221191855521259, 0.19581984195388377, 4.382407652462882, -0.7749673547597191]}, "1": {"h": [[-0.0, -0.05473289489746093, -0.037588516235351574, 0.13089933776855467], [0.0, 0.8265, 0.5883310241699219, 0.4724752960205078], [0.0, -0.12574597167968743, -0.34984423828124994, -0.558638427734375]], "r": [-1.2948503308431805, 3.586871004617394, -0.8086980490103541, 1.639533865080913, 0.35803863553936544, 4.68354577074239, -0.8855171403570726]}, "2": {"h": [[-0.0, -0.05210352325439452, 0.004069953918457034, 0.23332036590576172], [0.0, 0.8265, 0.6150359802246094, 0.5349184722900391], [0.0, -0.13273132324218767, -0.35607092285156244, -0.5153984375]], "r": [-1.273630923048998, 3.6136541338111914, -1.144175354377353, 1.7098736632025129, 0.4085922370572927, 4.780436232292928, -1.5238339387005173]}, "3": {"h": [[-0.0, -0.05400801086425781, 0.04407066345214844, 0.3111766815185547], [0.0, 0.8265, 0.6761354827880859, 0.67069580078125], [0.0, -0.13319824218750004, -0.3654254150390624, -0.46128173828125]], "r": [-1.298094096775967, 3.6202170372759874, -1.1950221237527172, 2.0036198996812353, 0.12375443642776754, 4.978111540628211, -1.1457049842965088]}, "4": {"h": [[-0.0, -0.06863319396972656, 0.042310516357421876, 0.28056525421142575], [0.0, 0.8265, 0.8144284915924072, 0.94481396484375], [0.0, -0.14943786621093752, -0.39089636230468755, -0.4621368408203124]], "r": [-1.1289729675424707, 3.2375453715124896, -1.3103021591548556, 2.3213137142982556, 0.37738216102208505, 4.902755966052433, -3.825999151377897]}, "5": {"h": [[-0.0, 0.028776954650878907, 0.0004382171630859383, 0.15498439025878907], [0.0, 0.8265, 0.8735271759033203, 1.0671320343017578], [0.0, -0.14160864257812472, -0.4016738281249999, -0.5056856689453124]], "r": [-1.0697112652084975, 3.2150400483346386, -1.131836094927684, 2.577092936604752, 0.39840138989531176, 4.882671512151436, 1.4698131387509892]}}, "id": 1}