{"count": 26, "poses_seq": {"0": {"h": [[-0.0, -0.0370250015258789, 0.0319114227294922, 0.2319872131347656], [0.0, 0.8265, 0.610417938232422, 0.514733383178711], [0.0, -0.12294238281250008, -0.3573359375000001, -0.5481669921874999]], "r": [1.1103811516884756, 1.1397396501578962, -2.4534275471130385, 4.559927338853542, -1.0745121808862201, 0.9048691548039144, 2.4113765867776333]}, "1": {"h": [[-0.0, -0.054331626892089854, 0.07185352325439454, 0.32437268829345706], [0.0, 0.8265, 0.6996244659423828, 0.6965554351806641], [0.0, -0.15047290039062516, -0.382074462890625, -0.52128955078125]], "r": [0.9510516638394454, 1.2732074894415553, -2.608310012050432, 4.370106196315435, -0.9332709323589786, 1.2202841119031291, 2.6676915111790516]}, "2": {"h": [[-0.0, -0.07385032844543457, 0.057968214035034174, 0.25258800315856933], [0.0, 0.8265, 0.850138843536377, 0.9552181701660156], [0.0, -0.17159729003906238, -0.43041223144531254, -0.569195068359375]], "r": [1.3099691134726856, 1.579305892543258, -2.492482381715713, 4.109172238253882, -0.8267694870799389, 1.5471419899416725, 0.7034373740497598]}, "3": {"h": [[-0.0, -0.07356266975402832, 0.015636884689331054, 0.14014051628112795], [0.0, 0.8265, 0.9002753906250001, 1.0461700897216797], [0.0, -0.17875793457031258, -0.4435244140624999, -0.6163099365234375]], "r": [1.0644156703799905, 1.8747002472308594, -2.8445749117913466, 3.766944733619193, -1.0328182395518182, 1.394316933249003, 1.6616384710166068]}, "4": {"h": [[-0.0, -0.023685546875000005, -0.01429774475097656, 0.04696199417114257], [0.0, 0.8265, 0.9301064758300781, 1.088665557861328], [0.0, -0.1618927001953126, -0.4496627197265624, -0.6464212646484373]], "r": [1.1733997077551621, 1.9535090639564436, -2.845114436496723, 3.683955834682343, -1.1204774785894045, 1.4021676763967472, 2.375423180894434]}, "5": {"h": [[-0.0, -0.012663101196289064, -0.06392330169677733, -0.07639937591552735], [0.0, 0.8265, 0.9126035461425781, 1.068715606689453], [0.0, -0.15266308593750005, -0.45706616210937484, -0.6713409423828123]], "r": [1.3068429919397826, 1.9499830247103995, -3.0639339495372973, 3.5915574114466273, -0.9123299014266487, 1.3716019498937495, -0.334664098713494]}, "6": {"h": [[-0.0, -0.013272888183593748, -0.12748599243164063, -0.22487384033203123], [0.0, 0.8265, 0.8816816711425781, 1.0295079498291015], [0.0, -0.15053515624999997, -0.4511007080078125, -0.6781306152343749]], "r": [1.5159858792333234, 1.9368198462313329, -3.1100981994946006, 3.4991561466219134, -0.8999134514838935, 1.262031689570145, -2.602905250904137]}, "7": {"h": [[-0.0, -0.00790892028808593, -0.18401068115234376, -0.3662200622558594], [0.0, 0.8265, 0.8266140098571777, 0.9186902770996095], [0.0, -0.14866979980468759, -0.4423399658203127, -0.6583582763671876]], "r": [1.8235729445165998, 1.6839724592244454, -2.775187942059341, 3.8411729492789557, -1.179863224632832, 1.2345989631050212, -2.6799342847992764]}, "8": {"h": [[-0.0, -0.06175537109375, -0.25634027099609374, -0.4860301513671875], [0.0, 0.8265, 0.7585127792358399, 0.7126011199951172], [0.0, -0.15911279296874997, -0.4201291503906251, -0.6045672607421875]], "r": [2.0099241584317213, 1.38195264643206, -2.8462662980203177, 4.010616254624517, -1.052059814580597, 1.2072862048845339, -4.34324392467355]}, "9": {"h": [[-0.0, -0.062051658630371084, -0.19760663604736328, -0.36477075958251953], [0.0, 0.8265, 0.6280677642822265, 0.46443501281738286], [0.0, -0.15794921875000006, -0.40627172851562504, -0.5962939453124998]], "r": [1.7768945734556596, 1.26183812121545, -3.0504677074672677, 4.290008688465847, -1.2270109391570694, 0.8292889207351741, 2.7741032574182425]}, "10": {"h": [[-0.0, -0.060493621826171864, -0.12383076477050782, -0.212799560546875], [0.0, 0.8265, 0.5804905853271485, 0.3789912872314453], [0.0, -0.15458959960937518, -0.3971778564453126, -0.6053657226562499]], "r": [1.728187252295805, 1.0342880564908805, -2.7051619012185886, 4.390967096096968, -1.1040394465339476, 0.7583222564627576, -0.161036675922133]}, "11": {"h": [[-0.0, -0.04567886352539062, 0.03387545776367188, 0.1117209701538086], [0.0, 0.8265, 0.5882378845214844, 0.39747401428222656], [0.0, -0.15306750488281257, -0.363215576171875, -0.5744310302734374]], "r": [1.4131267474528524, 0.8777636219468489, -2.4906068581464944, 4.421024087332218, -0.7801418611767299, 0.9732538694344735, -1.9801699686013547]}, "12": {"h": [[-0.0, -0.044011154174804695, 0.08708370971679687, 0.23459939575195313], [0.0, 0.8265, 0.6077271118164063, 0.44560052490234375], [0.0, -0.1613353271484373, -0.3656893310546874, -0.5654830322265623]], "r": [1.2423015094271708, 0.8817096145207475, -2.226546846995371, 4.78782450196776, -1.1642676835885344, 1.1202801676473237, -4.372210713016199]}, "13": {"h": [[-0.0, -0.04921510314941407, 0.1183284454345703, 0.34114662170410154], [0.0, 0.8265, 0.6846994323730469, 0.6064186096191406], [0.0, -0.17821948242187508, -0.3700078125, -0.5366804199218751]], "r": [1.3399020977251985, 1.1832521969526741, -1.86774085731556, 4.8457971471937755, -1.3696108741195043, 1.2556951491183515, 0.48894578134598404]}, "14": {"h": [[-0.0, -0.014055213451385497, 0.14334203577041627, 0.3894275002479553], [0.0, 0.8265, 0.7958760795593263, 0.8272228183746337], [0.0, -0.20843469238281248, -0.3910433349609375, -0.5091131591796874]], "r": [0.9661954114203001, 1.5647828258833332, -2.246355240849316, 4.499230233338219, -1.5778933678889537, 1.221366935930196, 1.1076561547861405]}, "15": {"h": [[-0.0, -0.0462626781463623, 0.08680060005187988, 0.2784464359283447], [0.0, 0.8265, 0.9536795196533203, 1.0931366577148438], [0.0, -0.21290673828125, -0.4058507080078125, -0.5188591308593749]], "r": [1.0452086578788935, 1.8500355366836603, -2.445653644896433, 4.444378904539311, -1.7803366758340806, 1.5156917612764504, 1.4936994514699673]}, "16": {"h": [[-0.0, 0.001331832885742193, 0.07049358367919922, 0.19362084197998047], [0.0, 0.8265, 1.007727508544922, 1.2035537872314452], [0.0, -0.16908056640624985, -0.39822802734375, -0.5338072509765623]], "r": [1.3462870332212376, 1.9314418707783345, -2.4283510895042992, 4.622787468223762, -2.0774074566733476, 1.67171854677718, -0.24196701078063276]}, "17": {"h": [[-0.0, -0.023377677917480466, -0.016158142089843744, 0.049482055664062496], [0.0, 0.8265, 1.0234812774658204, 1.2501611938476562], [0.0, -0.17903784179687482, -0.39873510742187507, -0.5506315917968749]], "r": [1.3067069681631336, 2.0910282374785796, -2.6419874369182748, 4.439752239076687, -2.10912759493992, 1.5298302636936136, 1.592950880510275]}, "18": {"h": [[-0.0, -0.05489054107666015, -0.09612321472167967, -0.09142027282714843], [0.0, 0.8265, 1.0472256164550782, 1.2913242340087892], [0.0, -0.1813139648437499, -0.3851109619140625, -0.5448643798828126]], "r": [1.3940038532572288, 1.9940490503087225, -2.9701494786916633, 4.672032214167004, -2.1965430335300984, 1.8549762946858566, 1.0911472130019189]}, "19": {"h": [[-0.0, -0.06584640502929688, -0.16121041870117186, -0.2098865966796875], [0.0, 0.8265, 1.0288286590576172, 1.2659145050048828], [0.0, -0.1716490478515627, -0.37438476562499995, -0.5323934326171875]], "r": [1.4952135701668703, 2.1389082666284502, -3.056253688355046, 4.5645304798054696, -2.2268743164441953, 1.6063150517947986, 1.3897417774132403]}, "20": {"h": [[-0.0, -0.06400642013549804, -0.20590222549438478, -0.31415649795532224], [0.0, 0.8265, 1.0111163482666017, 1.231624465942383], [0.0, -0.16105004882812507, -0.3635061035156251, -0.523087646484375]], "r": [1.6731615633735315, 2.1635659760101578, -2.934109951631091, 4.288653428830715, -2.000934176449248, 1.4723999118661322, 4.469778156959465]}, "21": {"h": [[-0.0, -0.06166400146484376, -0.24731170654296875, -0.4194449462890625], [0.0, 0.8265, 0.9749923248291016, 1.164772247314453], [0.0, -0.14997546386718735, -0.35477832031249995, -0.49565734863281247]], "r": [1.9582007186373263, 1.9508521846653775, -2.935615226416489, 4.656940188900913, -2.201685679457944, 1.5220286445849753, 0.3679835778045328]},