{"count": 31, "poses_seq": {"0": {"h": [[-0.0, -0.05967176055908202, -0.20237418365478518, -0.38166001129150395], [0.0, 0.8265, 0.6522035675048828, 0.6640047760009766], [0.0, -0.13848291015624997, -0.3605803222656248, -0.5888310546875]], "r": [2.4650491195103177, 1.651376237743059, 1.0332021775288027, 2.8128574168079297, -0.20686900662427962, 5.52824028949282, 1.9096450897183455]}, "1": {"h": [[-0.0, -0.05487086486816406, -0.14864402770996094, -0.2634297332763672], [0.0, 0.8265, 0.5970501861572266, 0.4905837554931641], [0.0, -0.13938513183593743, -0.35242187499999994, -0.6033262939453123]], "r": [2.269637655936193, 1.3084968170578513, 0.8563913263381594, 2.4944691433945563, -0.1841215830986744, 5.576536568625231, -0.7095088511597389]}, "2": {"h": [[-0.0, -0.0537068634033203, -0.08919720458984375, -0.11569551086425782], [0.0, 0.8265, 0.5760325775146484, 0.4356080780029297], [0.0, -0.13994799804687502, -0.3498171386718752, -0.6063972167968752]], "r": [1.9935963008954878, 1.0459067124168986, 0.49714969620472255, 2.2469801955293756, -0.048225046193064114, 5.408961895746836, -0.34668869095925]}, "3": {"h": [[-0.0, -0.05512455749511719, -0.06287120056152343, -0.01671742248535156], [0.0, 0.8265, 0.5786417083740234, 0.43050758361816405], [0.0, -0.1400982666015625, -0.3509805908203126, -0.6004245605468752]], "r": [1.7835201457070098, 0.9793435134269386, 0.40268006659051453, 2.1718496284760196, -0.07449756659995478, 5.35892402342725, -0.26735200227215]}, "4": {"h": [[-0.0, -0.05332629394531249, 0.022941711425781247, 0.24283647155761717], [0.0, 0.8265, 0.6014818420410156, 0.4900317077636719], [0.0, -0.134075439453125, -0.359253662109375, -0.5179414062499998]], "r": [1.466728710814838, 1.0180157895277753, 0.2860231060160003, 1.9935169824748222, 0.27100750285963254, 5.197949440866919, -1.2429208578105124]}, "5": {"h": [[-0.0, -0.057310218811035166, 0.04145933532714843, 0.3080466384887695], [0.0, 0.8265, 0.6388489227294922, 0.567501937866211], [0.0, -0.1368806152343754, -0.35838964843750026, -0.4431444091796877]], "r": [1.2267299828998715, 1.297454672018684, 0.5822874885265301, 2.1243210678555133, -0.11518954979806979, 5.418883148847103, -3.109108892203217]}, "6": {"h": [[-0.0, -0.057203613281249996, 0.061193969726562505, 0.34832450866699216], [0.0, 0.8265, 0.6998324203491211, 0.6931704711914062], [0.0, -0.15018859863281248, -0.3625410156249998, -0.3718833007812497]], "r": [1.1535297492347154, 1.6853040068328315, 0.43884678014134637, 2.3053563252903837, 0.25018033124902267, 5.54291736651016, -2.4585267989709]}, "7": {"h": [[-0.0, -0.07290395355224608, 0.05912281036376953, 0.312594841003418], [0.0, 0.8265, 0.8116534576416016, 0.9025060501098633], [0.0, -0.14998083496093734, -0.35904479980468734, -0.3253482666015624]], "r": [1.250945014770856, 1.8744908236442022, 0.5811717764230218, 2.4006497213473086, -0.09034986657744448, 5.179208139048718, -1.9723110950493108]}, "8": {"h": [[-0.0, -0.07598343658447267, -0.021846961975097653, 0.1628027572631836], [0.0, 0.8265, 0.9222198944091797, 1.1039418029785155], [0.0, -0.12913574218749996, -0.36341809082031246, -0.3620866699218748]], "r": [1.3987340952722944, 1.9440030904183183, 0.4753156827223813, 2.374508059961597, -0.39764676904721147, 4.79203811384388, -4.524122943272485]}, "9": {"h": [[-0.0, -0.054275329589843754, -0.09337898254394532, 0.021633911132812503], [0.0, 0.8265, 0.922297836303711, 1.1567088012695312], [0.0, -0.13619262695312467, -0.3725148925781248, -0.4094444580078123]], "r": [1.6245691434868812, 2.0083743914077776, 0.36954445952872716, 2.518723575251012, -0.3737001767188146, 4.785245182590533, 2.1155955711818817]}, "10": {"h": [[-0.0, -0.059323539733886724, -0.1422851028442383, -0.08703740692138671], [0.0, 0.8265, 0.9126546783447266, 1.1687707214355467], [0.0, -0.1342689208984374, -0.37335815429687497, -0.42537512207031264]], "r": [1.8152081785994965, 2.066388660942093, 0.5568361810626421, 2.64358841209614, -0.6767490437428401, 4.9120459950382305, 3.2897586029397936]}, "11": {"h": [[-0.0, -0.0572796401977539, -0.1722034683227539, -0.1593962631225586], [0.0, 0.8265, 0.9028440475463868, 1.1624394989013673], [0.0, -0.137794189453125, -0.37796728515624994, -0.43639208984374994]], "r": [2.0646263716304487, 2.0402221740386315, 0.6459057621932421, 2.646235884736143, -0.6629592714647229, 4.908071358915365, -0.2624173546982178]}, "12": {"h": [[-0.0, -0.05722232818603515, -0.18721068572998045, -0.21288634490966796], [0.0, 0.8265, 0.901332145690918, 1.1547373657226563], [0.0, -0.1331196289062498, -0.3744936523437499, -0.4420375976562499]], "r": [2.3729608196266945, 2.066927174580393, 0.627735050765175, 2.712763431445786, -0.32275254850369955, 4.899367236734613, -1.223021930524446]}, "13": {"h": [[-0.0, -0.0569563980102539, -0.2220918197631836, -0.29747667694091795], [0.0, 0.8265, 0.8668947677612305, 1.1079176635742187], [0.0, -0.13115673828125002, -0.37070666503906274, -0.4623065185546876]], "r": [2.674794998517206, 2.102641371287402, 0.7646571912517167, 2.758638559608226, -0.12500764710058476, 4.967512361722861, 1.2447589605700238]}, "14": {"h": [[-0.0, -0.05625017547607422, -0.2544473342895508, -0.4376911087036133], [0.0, 0.8265, 0.7934469451904298, 0.9512732696533204], [0.0, -0.12745117187500005, -0.3675194091796877, -0.5063828125000001]], "r": [2.800575990856852, 2.05569858352344, 1.0543466811876683, 2.887621906626785, -0.031120716070672277, 5.2079498700396405, 0.1274004567631571]}, "15": {"h": [[-0.0, -0.052147239685058605, -0.22611112213134768, -0.45065787506103516], [0.0, 0.8265, 0.6749088745117188, 0.659360107421875], [0.0, -0.13059423828125, -0.3577817382812501, -0.5491096191406251]], "r": [2.7577229147399382, 1.679937813442706, 1.1832463568056266, 2.619743732878566, -0.07809592802268092, 5.357506874965099, 2.0875311266638574]}, "16": {"h": [[-0.0, -0.052571640014648424, -0.16395046997070314, -0.32567993164062503], [0.0, 0.8265, 0.623377700805664, 0.5278115997314453], [0.0, -0.1331625976562501, -0.3593101806640627, -0.58625244140625]], "r": [2.613876507193442, 1.6699575879256152, 1.4644239212777088, 2.4857436667292916, -0.03514322993369076, 5.462712349343855, -0.6147777867786409]}, "17": {"h": [[-0.0, -0.045096450805664046, -0.10798439025878906, -0.18727143859863282], [0.0, 0.8265, 0.5996172637939453, 0.4663213043212891], [0.0, -0.13298999023437502, -0.3661295166015624, -0.6199423828124999]], "r": [2.4294278818754784, 1.2763119796879296, 1.3592680042604894, 2.196521887014457, -0.3707339813404683, 5.291671940176351, 0.34567938171524004]}, "18": {"h": [[-0.0, -0.046142967224121104, -0.07510297393798827, -0.07124117279052734], [0.0, 0.8265, 0.591009750366211, 0.4434860076904297], [0.0, -0.1312569580078125, -0.3645817871093751, -0.6195318603515627]], "r": [2.1968800445621546, 1.3086231054371986, 1.3032548403071118, 2.2538153351963612, -0.24109308537753682, 5.435590553727795, 1.9752916975641703]}, "19": {"h": [[-0.0, -0.03714540100097656, -0.038122680664062505, 0.021126373291015632], [0.0, 0.8265, 0.5844741973876953, 0.4318521881103516], [0.0, -0.12856909179687498, -0.35826257324218763, -0.6033613281250001]], "r": [2.1437137466676597, 1.0060131191809558, 1.2816332314091208, 1.9141800185952482, -0.4505037757864401, 5.095605687308431, 2.0202905551718566]}, "20": {"h": [[-0.0, -0.0381373748779297, -0.02504228210449219, 0.0744264678955078], [0.0, 0.8265, 0.5886582946777343, 0.44277279663085933], [0.0, -0.12914550781250017, -0.36066979980468755, -0.5945687255859375]], "r": [2.0291940118817418, 1.083853009746943, 1.0220752467073875, 2.0362985036860772, -0.10651181771769488, 5.164744897412966, -0.43659012035998396]}, "21": {"h": [[-0.0, -0.034689102172851566, 0.017442794799804692, 0.18867974853515623], [0.0, 0.8265, 0.5982677307128906, 0.4872065277099609], [0.0, -0.12250903320312495, -0.35729174804687497, -0.5700976562499998]], "r": [2.0764551315241753, 1.1391502124832706, 1.155356874751916, 1.8271534348714382, -0.07081462096623292, 4.837218550550291, -2.6607253043337193]},