{"count": 48, "poses_seq": {"0": {"h": [[-0.0, -0.039619071960449226, -0.10280939483642579, 0.15888512420654297], [0.0, 0.8265, 0.7083351135253906, 0.7901891326904298], [0.0, -0.14993041992187478, -0.35093212890625, -0.4747633056640624]], "r": [0.5273708695074094, 2.3762678469699687, 0.6193108499651419, 4.478302506860994, -1.81050556641161, 5.487251738707376, -4.216328705228193]}, "1": {"h": [[-0.0, -0.051097335815429676, -0.1090726318359375, 0.06717216491699218], [0.0, 0.8265, 0.7747649955749512, 1.0181164245605467], [0.0, -0.13056506347656233, -0.33128894042968754, -0.4487165527343751]], "r": [0.22747794259260348, 2.699297225755794, 0.9384332763999527, 4.314455584339499, -1.6932892124086463, 5.152497286118588, -0.9988447165293124]}, "2": {"h": [[-0.0, -0.052314422607421876, -0.11610113525390624, 0.037436584472656256], [0.0, 0.8265, 0.794967529296875, 0.9930725250244141], [0.0, -0.13920983886718746, -0.3335416259765625, -0.3722265624999999]], "r": [0.3874183761126044, 2.4962927204227454, 1.2883153946202004, 4.669377035349812, -1.390253396430309, 5.17301527246173, 1.5390890368519061]}, "3": {"h": [[-0.0, -0.057698883056640615, -0.12111805725097655, 0.0029751052856445415], [0.0, 0.8265, 0.7810421295166016, 1.0341566467285157], [0.0, -0.13011340332031246, -0.3407934570312499, -0.4601376953124999]], "r": [0.5633551948241948, 2.44334211289041, 1.1990770287917607, 4.3483960772797845, -1.6198797806759881, 5.1053597160828845, 0.49621762112026563]}, "4": {"h": [[-0.0, -0.05419660949707031, -0.15415692138671877, -0.08393112182617188], [0.0, 0.8265, 0.744841682434082, 1.0204266815185548], [0.0, -0.12085070800781234, -0.30328149414062505, -0.45161535644531253]], "r": [0.36283135314879694, 2.6827281442993387, 1.209269112133071, 4.312578944835426, -1.8824020270850064, 4.9884366731480565, 1.0424276989295014]}, "5": {"h": [[-0.0, -0.054413558959960945, -0.1682583923339844, -0.1567242431640625], [0.0, 0.8265, 0.7427834777832031, 1.028716339111328], [0.0, -0.12551892089843736, -0.30658947753906257, -0.45857287597656243]], "r": [0.6876009051934681, 2.5198958652805, 1.430639416063013, 4.03897183145002, -2.2595108774618207, 4.948985592802736, 3.843752672922182]}, "6": {"h": [[-0.0, -0.04842124938964844, -0.18332116699218748, -0.22800546264648436], [0.0, 0.8265, 0.7532023620605468, 1.0200868835449217], [0.0, -0.12312609863281249, -0.29782104492187483, -0.4546273193359374]], "r": [0.9500724257833812, 2.683597734070067, 1.1529881243111917, 3.7578136496100947, -2.4176600681067426, 5.082191331810268, -0.07687726879027384]}, "7": {"h": [[-0.0, -0.03868099975585937, -0.20975965881347655, -0.3256255340576172], [0.0, 0.8265, 0.7533949203491211, 0.9827728576660156], [0.0, -0.13691503906249985, -0.28853820800781255, -0.45504321289062505]], "r": [0.9238352307786194, 2.5268665162898145, 1.4580949930720912, 4.132311152207215, -2.4017060590926196, 4.732799378468929, 2.8744877987592425]}, "8": {"h": [[-0.0, -0.034941635131835944, -0.20828631591796876, -0.3924222412109375], [0.0, 0.8265, 0.6826175537109376, 0.7230575256347657], [0.0, -0.15924218750000013, -0.2546922607421876, -0.4842135009765625]], "r": [1.1881703357726603, 2.3531073228354478, 1.2341715738169665, 4.293513647919823, -2.602310145968238, 4.7762262032334775, 4.47176233599396]}, "9": {"h": [[-0.0, -0.03462140655517579, -0.1665972671508789, -0.29758802032470705], [0.0, 0.8265, 0.6421354064941407, 0.5628702850341798], [0.0, -0.14982507324218758, -0.23314611816406244, -0.5062351074218749]], "r": [1.3545960892647768, 2.2313636381869943, 1.090108679575358, 4.157003569108343, -2.974541653705919, 5.152014588176381, -4.451804988246133]}, "10": {"h": [[-0.0, -0.04302827453613281, -0.14538018798828126, -0.19878997802734374], [0.0, 0.8265, 0.6163568572998047, 0.5242874603271485], [0.0, -0.16262792968750023, -0.23718212890625018, -0.537071044921875]], "r": [1.4858621121702047, 2.1239718164270207, 0.8520167822553711, 3.9771619188436897, -3.0439801766274672, 5.5469550808468435, 2.159565298676974]}, "11": {"h": [[-0.0, -0.047429771423339845, -0.09804363250732423, -0.08338858795166015], [0.0, 0.8265, 0.5706519165039062, 0.4304510955810547], [0.0, -0.12994177246093735, -0.3351820068359373, -0.5949147949218747]], "r": [1.2012453767034883, 1.8764596060641978, 0.8043547254915175, 4.081890424009164, -2.81729202720621, 5.488004431602198, 5.274625631045151]}, "12": {"h": [[-0.0, -0.05262040710449217, -0.04725724792480468, 0.08672499084472657], [0.0, 0.8265, 0.5871519622802734, 0.4595389556884765], [0.0, -0.1350428466796874, -0.3511055908203125, -0.5776802978515625]], "r": [0.9328619892838875, 1.7627636656210461, 0.749083096278726, 4.215834345657867, -2.445126098743394, 5.615012223406066, -3.6810718274775076]}, "13": {"h": [[-0.0, -0.05438903045654296, -0.04198926544189453, 0.11752855682373047], [0.0, 0.8265, 0.586899887084961, 0.4647198028564453], [0.0, -0.12723352050781261, -0.3491114501953126, -0.5620802001953125]], "r": [0.8667853238727861, 1.5779815140202156, 0.9564734183893762, 4.402508372058794, -2.270112660660337, 5.608794408672319, 4.374659757943172]}, "14": {"h": [[-0.0, -0.05492945098876953, -0.03167087554931641, 0.14439202117919922], [0.0, 0.8265, 0.5912312316894531, 0.4780545043945313], [0.0, -0.12361535644531269, -0.3490101318359374, -0.5522821044921875]], "r": [0.649800486329632, 1.8807129992046632, 0.8006368492578257, 4.347148640065509, -2.5248071482261163, 5.352406340963248, -2.886295476047296]}, "15": {"h": [[-0.0, -0.05235015869140626, 0.004849411010742183, 0.23944259643554688], [0.0, 0.8265, 0.6188634643554688, 0.543250473022461], [0.0, -0.13317822265625018, -0.35584216308593747, -0.507540283203125]], "r": [0.6606721797853479, 1.7102340781662384, 1.1426120543575706, 4.236983630415346, -2.399617853259291, 5.65195312142421, -4.23388715354611]}, "16": {"h": [[-0.0, -0.05446608734130859, 0.043860855102539065, 0.3098855209350586], [0.0, 0.8265, 0.6792436523437501, 0.6830331268310548], [0.0, -0.1345408935546873, -0.3657408447265625, -0.459210693359375]], "r": [0.3376263009508463, 2.036420612601413, 0.9903459133889668, 4.211570946860793, -2.2565333339705496, 5.464813502976183, 0.5270362710722357]}, "17": {"h": [[-0.0, -0.06949156951904296, 0.03905327606201172, 0.27277086639404297], [0.0, 0.8265, 0.8204763855934143, 0.9559217681884766], [0.0, -0.14839111328125015, -0.38958471679687495, -0.46330249023437503]], "r": [0.28799308710302146, 2.384323537564873, 0.9254989305837844, 3.8437339563997366, -1.9412569162085627, 5.305797038317826, 1.1866602687176866]}, "18": {"h": [[-0.0, 0.028776954650878907, 0.0004382171630859383, 0.15498439025878907], [0.0, 0.8265, 0.8735271759033203, 1.0671320343017578], [0.0, -0.14160864257812472, -0.4016738281249999, -0.5056856689453124]], "r": [0.29956045817747334, 2.7685519993894396, 0.5507223402921417, 4.014756446971752, -1.6640687817136735, 5.068646254387814, 3.993761001957671]}, "19": {"h": [[-0.0, -0.0017806091308593813, -0.06675235748291017, 0.025031929016113286], [0.0, 0.8265, 0.9276018447875977, 1.1433715972900391], [0.0, -0.13953991699218765, -0.4000196533203125, -0.5160120849609375]], "r": [0.06842694378836688, 3.0196053032532704, 0.7997949592384881, 4.130709171939602, -1.6806817075090876, 4.843944507761007, -4.828875512336742]}, "20": {"h": [[-0.0, -0.062489845275878905, -0.1389218521118164, -0.09489226531982421], [0.0, 0.8265, 0.8969549255371094, 1.1245419158935548], [0.0, -0.13394384765624984, -0.40680163574218736, -0.5247684326171873]], "r": [-0.13720268656363227, 3.2609445193012028, 0.8748503788900178, 4.309602656507935, -1.507160347440375, 4.866907732171799, -1.2457110783688963]}, "21": {"h": [[-0.0, -0.061116821289062484, -0.16368251037597656, -0.16305247497558592], [0.0, 0.8265, 0.8874816207885743, 1.1140647583007812], [0.0, -0.1331746826171874, -0.40387561035156244, -0.5295692138671875]], "r": [-0.30058654456838907, 3.212656119495157, 1.2621891044780968, 4.2370442970845765, -1.622435434169501, 4.832773072537499, -0.9241876004871598]},